{
	"ID": "StoryTime_6c_b_ItromDefense_Default",
	"contractName": "Defense: Itrom",
	"contractDisplayStyle": "HeavyMetalFlashpointCampaign",
	"difficulty": 6,
	"weight": 1,
	"scope": "STANDARD",
	"finalDifficulty": 0,
	"shortDescription": "I can't believe we're going back to Itrom voluntarily. But the Taurians are on the attack again, and it's our job to stop them. If we don't, a bunch of civilians will pay the price.",
	"longDescription": "Proceed to Itrom to protect its people from the Taurians. The latest intel recommends a lance that balances speed and firepower, but can deal with Itrom's searing heat. Further details will be provided upon your arrival.",
	"salvagePotential": 20,
	"requirementList": [],
	"OnContractSuccessResults": [],
	"OnContractFailureResults": [],
	"contractType": "Itrom_Defense",
	"encounterPlayStyle": "SinglePlayer",
	"maxNumberOfPlayerUnits": 4,
	"mapMood": "",
	"startingFogOfWarVisibility": "Surveyed",
	"contractObjectiveList": [
		{
			"contractObjective": {
				"EncounterObjectGuid": "8d7e4513-f6c4-4914-a08f-d7baa89672be"
			},
			"title": "Escort Gallas combat engineers to collapse the tunnels",
			"description": "",
			"isPrimary": true,
			"forPlayer": "Player1",
			"objectiveGuids": [
				"8d02bbc5-75f5-4255-8e19-ddc806e4287f",
				"d0486b79-d5d3-403a-bcfe-7e18b086f28a",
				"8a1010fb-e064-456c-bbd6-1bab74f1e33e",
				"68dac7ad-d593-45c4-a044-8e45578f5f28"
			]
		},
		{
			"contractObjective": {
				"EncounterObjectGuid": "de10fde9-376f-4ca0-b2ee-2c3c5b9b37f5"
			},
			"title": "Hold out against waves of Taurian attackers",
			"description": "",
			"isPrimary": true,
			"forPlayer": "Player1",
			"objectiveGuids": []
		},
		{
			"contractObjective": {
				"EncounterObjectGuid": "5d6d1056-be43-400b-a6a8-fec48d3b65e0"
			},
			"title": "Protect the primary refinery facility",
			"description": "",
			"isPrimary": true,
			"forPlayer": "Player1",
			"objectiveGuids": []
		}
	],
	"objectiveList": [
		{
			"objective": {
				"EncounterObjectGuid": "68dac7ad-d593-45c4-a044-8e45578f5f28"
			},
			"title": "Protect The Refinery Complex",
			"description": "",
			"isPrimary": true,
			"OnSuccessResults": [],
			"OnFailureResults": []
		},
		{
			"objective": {
				"EncounterObjectGuid": "d0486b79-d5d3-403a-bcfe-7e18b086f28a"
			},
			"title": "Protect Sappers En Route to Pass Alpha",
			"description": "",
			"isPrimary": false,
			"OnSuccessResults": [],
			"OnFailureResults": []
		},
		{
			"objective": {
				"EncounterObjectGuid": "8a1010fb-e064-456c-bbd6-1bab74f1e33e"
			},
			"title": "Protect Sappers En Route to Pass Bravo",
			"description": "",
			"isPrimary": false,
			"OnSuccessResults": [],
			"OnFailureResults": []
		},
		{
			"objective": {
				"EncounterObjectGuid": "770468bd-7bc5-4a57-a208-8b04fa356a6f"
			},
			"title": "Hidden Destroy All Units",
			"description": "",
			"isPrimary": false,
			"OnSuccessResults": [],
			"OnFailureResults": []
		},
		{
			"objective": {
				"EncounterObjectGuid": "cf4337f3-2b9d-4750-9f1b-4a1f066c1662"
			},
			"title": "Destroy Tunnel Alpha",
			"description": "",
			"isPrimary": false,
			"OnSuccessResults": [
				{
					"Scope": "Company",
					"Requirements": {
						"Scope": "Company",
						"RequirementTags": {
							"items": [],
							"tagSetSourceFile": ""
						},
						"ExclusionTags": {
							"items": [],
							"tagSetSourceFile": ""
						},
						"RequirementComparisons": []
					},
					"AddedTags": {
						"items": [],
						"tagSetSourceFile": ""
					},
					"RemovedTags": {
						"items": [],
						"tagSetSourceFile": ""
					},
					"Stats": [
						{
							"typeString": "System.Single",
							"name": "ContractBonusRewardPct",
							"value": "0.4",
							"set": false,
							"valueConstant": ""
						}
					],
					"Actions": [],
					"ForceEvents": [],
					"TemporaryResult": false,
					"ResultDuration": 0
				}
			],
			"OnFailureResults": []
		},
		{
			"objective": {
				"EncounterObjectGuid": "90a9fad6-231b-470b-99e5-e6f6999c8b3d"
			},
			"title": "Destroy Tunnel Bravo",
			"description": "",
			"isPrimary": false,
			"OnSuccessResults": [],
			"OnFailureResults": []
		},
		{
			"objective": {
				"EncounterObjectGuid": "1230f696-5aed-49cb-b0d8-ee898ae1aa80"
			},
			"title": "HiddenTimerObjectiveStuckSapperSafety",
			"description": "",
			"isPrimary": false,
			"OnSuccessResults": [],
			"OnFailureResults": []
		},
		{
			"objective": {
				"EncounterObjectGuid": "8d02bbc5-75f5-4255-8e19-ddc806e4287f"
			},
			"title": "Destroy all Hostiles",
			"description": "",
			"isPrimary": true,
			"OnSuccessResults": [],
			"OnFailureResults": []
		},
		{
			"objective": {
				"EncounterObjectGuid": "697b0714-c0dc-4a18-bf12-b310d74b1c4b"
			},
			"title": "Hidden Main Alpha Lance Spawn Timer",
			"description": "",
			"isPrimary": false,
			"OnSuccessResults": [],
			"OnFailureResults": []
		},
		{
			"objective": {
				"EncounterObjectGuid": "7f50fc78-9770-4588-ad88-a28c547a31a8"
			},
			"title": "Hidden Main Bravo Lance Spawn Timer",
			"description": "",
			"isPrimary": false,
			"OnSuccessResults": [
				{
					"Scope": "Company",
					"Requirements": {
						"Scope": "Company",
						"RequirementTags": {
							"items": [],
							"tagSetSourceFile": ""
						},
						"ExclusionTags": {
							"items": [],
							"tagSetSourceFile": ""
						},
						"RequirementComparisons": []
					},
					"AddedTags": {
						"items": [],
						"tagSetSourceFile": ""
					},
					"RemovedTags": {
						"items": [],
						"tagSetSourceFile": ""
					},
					"Stats": [
						{
							"typeString": "System.Single",
							"name": "ContractBonusRewardPct",
							"value": "0.4",
							"set": false,
							"valueConstant": ""
						}
					],
					"Actions": [],
					"ForceEvents": [],
					"TemporaryResult": false,
					"ResultDuration": 0
				}
			],
			"OnFailureResults": []
		},
		{
			"objective": {
				"EncounterObjectGuid": "a3805f8b-80c2-4343-8863-224c181add58"
			},
			"title": "Artillery hits in ",
			"description": "",
			"isPrimary": false,
			"OnSuccessResults": [],
			"OnFailureResults": []
		},
		{
			"objective": {
				"EncounterObjectGuid": "28419515-fb96-47b3-90cf-510aeb42190e"
			},
			"title": "Artillery hits in ",
			"description": "",
			"isPrimary": false,
			"OnSuccessResults": [],
			"OnFailureResults": []
		},
		{
			"objective": {
				"EncounterObjectGuid": "7d06a84e-6b3a-4f0d-a891-4d7bae3b2469"
			},
			"title": "Hostile Renforcements Arrive",
			"description": "",
			"isPrimary": false,
			"OnSuccessResults": [],
			"OnFailureResults": []
		}
	],
	"buildingList": [],
	"chunkList": [],
	"cameraFocusHelperList": [
		{
			"name": "PlayerLanceSpawner",
			"encounterObject": {
				"EncounterObjectGuid": "76b654a6-4f2c-4a6f-86e6-d4cf868335fe"
			}
		},
		{
			"name": "Turrets",
			"encounterObject": {
				"EncounterObjectGuid": "3ee73503-fa3c-4fab-ae6c-7622a2c18db3"
			}
		},
		{
			"name": "Sapper Alpha Lance",
			"encounterObject": {
				"EncounterObjectGuid": "7ec98afa-e230-4a8b-ab12-8d98c3d8de1e"
			}
		},
		{
			"name": "Sapper Bravo Lance",
			"encounterObject": {
				"EncounterObjectGuid": "af5fdc92-2c23-4bbd-b311-a98b207d82a5"
			}
		},
		{
			"name": "AlphaRearLanceSpawner",
			"encounterObject": {
				"EncounterObjectGuid": "35955482-66d9-46fd-a1d2-35dd37394c98"
			}
		},
		{
			"name": "BravoRearLanceSpawner",
			"encounterObject": {
				"EncounterObjectGuid": "99c79011-3996-4b04-befb-ab50781240d1"
			}
		},
		{
			"name": "AlphaVanguardLance",
			"encounterObject": {
				"EncounterObjectGuid": "8e695f29-7216-4a44-ad38-d95e803c9ed9"
			}
		},
		{
			"name": "BravoVanguardLance",
			"encounterObject": {
				"EncounterObjectGuid": "991832d2-f742-47a1-9aec-7e9a5e106a26"
			}
		},
		{
			"name": "MainEnemyForceSpawner",
			"encounterObject": {
				"EncounterObjectGuid": "e3d246a6-a94a-4060-b5ee-f6227e1b0bbc"
			}
		},
		{
			"name": "AlphaMainLanceSpawner",
			"encounterObject": {
				"EncounterObjectGuid": "4b66313c-0e22-4e4c-9e0f-3ee43290f737"
			}
		},
		{
			"name": "BravoMainLanceSpawner",
			"encounterObject": {
				"EncounterObjectGuid": "cbe52e61-a683-45ed-b97c-1ed6959bca28"
			}
		},
		{
			"name": "Alpha Vanguard Region",
			"encounterObject": {
				"EncounterObjectGuid": "e8531f5a-241d-44ac-91f4-b6f5e72155e7"
			}
		},
		{
			"name": "Bravo Vanguard Region",
			"encounterObject": {
				"EncounterObjectGuid": "c755d76d-68d2-4a24-9e59-f752f96783fa"
			}
		},
		{
			"name": "Alpha Halfway region",
			"encounterObject": {
				"EncounterObjectGuid": "7eb01522-6491-4e1f-8103-79173a9916cf"
			}
		},
		{
			"name": "Bravo Halfway Region",
			"encounterObject": {
				"EncounterObjectGuid": "b81f0aa2-779b-4056-9d10-3fc94288f7e1"
			}
		},
		{
			"name": "Remove B1 Detector",
			"encounterObject": {
				"EncounterObjectGuid": "180da643-14dd-467e-a70b-b886b19c538d"
			}
		},
		{
			"name": "Remove B2 Detector",
			"encounterObject": {
				"EncounterObjectGuid": "1dc7d267-8858-445d-b579-ac655bcf96fd"
			}
		},
		{
			"name": "Remove B3 Detector",
			"encounterObject": {
				"EncounterObjectGuid": "fac33bdc-2ef2-495f-8fe3-9577e0eb56b1"
			}
		},
		{
			"name": "Remove A1 Detector",
			"encounterObject": {
				"EncounterObjectGuid": "cb777586-f23f-4f5b-912d-7bea77f2de1d"
			}
		},
		{
			"name": "Remove A2 Detector",
			"encounterObject": {
				"EncounterObjectGuid": "2e3c800b-0834-42fe-aacf-f54cb2a6a634"
			}
		},
		{
			"name": "Sapper Alpha Destination Region",
			"encounterObject": {
				"EncounterObjectGuid": "8fb5b669-a5df-40bd-a19a-f320d5e358f9"
			}
		},
		{
			"name": "Sapper Bravo Destination Region",
			"encounterObject": {
				"EncounterObjectGuid": "8958138e-31e8-4d5c-b70f-427af5153ca7"
			}
		},
		{
			"name": "Region",
			"encounterObject": {
				"EncounterObjectGuid": "6f77f50d-350c-4236-80a5-10e33f46c2f0"
			}
		},
		{
			"name": "Region",
			"encounterObject": {
				"EncounterObjectGuid": "a1812518-93c2-44fb-83c2-5cf3bea7b1ca"
			}
		},
		{
			"name": "Sapper Alpha Closing Region",
			"encounterObject": {
				"EncounterObjectGuid": "54e0d7b3-f4b5-44b5-ad72-909200b2fed9"
			}
		},
		{
			"name": "Sapper Bravo Closing Region",
			"encounterObject": {
				"EncounterObjectGuid": "3ae9d0d8-c98c-44d5-8b67-3df56ec6861a"
			}
		},
		{
			"name": "Region",
			"encounterObject": {
				"EncounterObjectGuid": "bf537354-3317-4bb0-a26d-a5f219fb6b67"
			}
		},
		{
			"name": "Region",
			"encounterObject": {
				"EncounterObjectGuid": "0014082f-8ec2-4c1b-9f12-662b221854e2"
			}
		},
		{
			"name": "Region",
			"encounterObject": {
				"EncounterObjectGuid": "06c1bcab-0106-45e8-b7a2-da4c7ee8e696"
			}
		},
		{
			"name": "Region",
			"encounterObject": {
				"EncounterObjectGuid": "19c52b0a-1a84-414f-bd62-a00ef06a1a71"
			}
		},
		{
			"name": "Region",
			"encounterObject": {
				"EncounterObjectGuid": "b8c5e4db-cfba-479a-9391-5941216faddf"
			}
		},
		{
			"name": "Bridge Alpha Cam Target",
			"encounterObject": {
				"EncounterObjectGuid": "331905c6-157b-48c5-9cf3-3423d785c1f5"
			}
		},
		{
			"name": "Bridge Bravo Cam Target",
			"encounterObject": {
				"EncounterObjectGuid": "f8621247-a098-4396-85c5-25c25fe16a8a"
			}
		},
		{
			"name": "Base Cam Target",
			"encounterObject": {
				"EncounterObjectGuid": "689c8102-1ba0-4ff5-a478-3e954c44ea25"
			}
		},
		{
			"name": "Sapper Alpha Start Area Cam Target",
			"encounterObject": {
				"EncounterObjectGuid": "07b2eb42-60b8-4b08-be12-7e153b2bc360"
			}
		},
		{
			"name": "Sapper Bravo Start Area Cam Target",
			"encounterObject": {
				"EncounterObjectGuid": "e09105c1-aae0-4c07-8222-c1d5179a09e3"
			}
		},
		{
			"name": "Main Approach Cam Target",
			"encounterObject": {
				"EncounterObjectGuid": "c843a5a4-da5c-4c64-954e-fd44830d8a63"
			}
		},
		{
			"name": "Pass Approaches Cam Target",
			"encounterObject": {
				"EncounterObjectGuid": "6f20880c-9b27-43aa-8a44-32c093a790a9"
			}
		},
		{
			"name": "Alpha Pass Cam Target",
			"encounterObject": {
				"EncounterObjectGuid": "5fad75f9-2b3a-4059-9939-33fc8e12d327"
			}
		},
		{
			"name": "Bravo Pass Cam Target",
			"encounterObject": {
				"EncounterObjectGuid": "6deac590-0071-421f-a30b-e6d7852e16f9"
			}
		},
		{
			"name": "Cam Target Alpha Nav",
			"encounterObject": {
				"EncounterObjectGuid": "3a26da77-6276-476b-a06f-f0f98ba02da0"
			}
		},
		{
			"name": "Cam Target Beta Nav",
			"encounterObject": {
				"EncounterObjectGuid": "0132a293-d4e8-40c8-8e82-148bba682429"
			}
		},
		{
			"name": "Alpha Halfway Cam",
			"encounterObject": {
				"EncounterObjectGuid": "3b56c91d-8e9a-4523-9aa4-e3c0348c73b7"
			}
		},
		{
			"name": "Bravo Halfway Cam",
			"encounterObject": {
				"EncounterObjectGuid": "a480fb4e-20b7-4e3f-b0f1-28239bf5c7a7"
			}
		},
		{
			"name": "AlphaMainCanyonCam",
			"encounterObject": {
				"EncounterObjectGuid": "c95bf5e3-66c6-4b86-aa44-da146ea45c62"
			}
		},
		{
			"name": "BravoMainCanyonCam",
			"encounterObject": {
				"EncounterObjectGuid": "0b4d5e74-396d-4ece-b6d7-cbbe872ff330"
			}
		}
	],
	"dialogueList": [
		{
			"dialogue": {
				"EncounterObjectGuid": "73df8d9c-a274-48fd-98c9-2bd0d7860e83"
			},
			"name": "MissionStartDialogue_Defense",
			"overrideDialogueBucketId": "",
			"dialogueContent": [
				{
					"words": "The Taurians have been going after fuel processors and refineries throughout the badlands, Commander. The fission plants that power our cities rely on the materials that are produced and refined here-uranium, deuterium for heavy water, you name it.",
					"wordsColor": {
						"r": 1,
						"g": 1,
						"b": 1,
						"a": 1
					},
					"selectedCastDefId": "castDef_KameaDefault",
					"emote": "Default",
					"audioName": "NONE",
					"cameraFocusGuid": "",
					"cameraDistance": "Medium",
					"cameraHeight": "High",
					"revealRadius": -1
				},
				{
					"words": "Your main objective is the defense of the facility's primary refinery. If the Taurians manage to destroy it, it's only a matter of time before Itrom's entire power grid goes down. And if that happens, people will die.",
					"wordsColor": {
						"r": 1,
						"g": 1,
						"b": 1,
						"a": 1
					},
					"selectedCastDefId": "castDef_KameaArano01",
					"emote": "Default",
					"audioName": "NONE",
					"cameraFocusGuid": "689c8102-1ba0-4ff5-a478-3e954c44ea25",
					"cameraDistance": "Close",
					"cameraHeight": "High",
					"revealRadius": -1
				},
				{
					"words": "Long-range scans provided to us by House Gallas show Taurian forces converging on this location along three separate vectors.",
					"wordsColor": {
						"r": 1,
						"g": 1,
						"b": 1,
						"a": 1
					},
					"selectedCastDefId": "castDef_KameaDefault",
					"emote": "Default",
					"audioName": "NONE",
					"cameraFocusGuid": "",
					"cameraDistance": "Medium",
					"cameraHeight": "Default",
					"revealRadius": -1
				},
				{
					"words": "One group is moving along the main approach...",
					"wordsColor": {
						"r": 1,
						"g": 1,
						"b": 1,
						"a": 1
					},
					"selectedCastDefId": "castDef_KameaDefault",
					"emote": "Default",
					"audioName": "NONE",
					"cameraFocusGuid": "c843a5a4-da5c-4c64-954e-fd44830d8a63",
					"cameraDistance": "Medium",
					"cameraHeight": "Default",
					"revealRadius": -1
				},
				{
					"words": "...And two more are coming in through these tunnels, labeled Alpha...",
					"wordsColor": {
						"r": 1,
						"g": 1,
						"b": 1,
						"a": 1
					},
					"selectedCastDefId": "castDef_KameaDefault",
					"emote": "Default",
					"audioName": "NONE",
					"cameraFocusGuid": "5fad75f9-2b3a-4059-9939-33fc8e12d327",
					"cameraDistance": "Medium",
					"cameraHeight": "High",
					"revealRadius": 100
				},
				{
					"words": "...And Bravo. Collapsing the tunnels will force them to backtrack out of the mountain passes and use the main approach instead. This will give you an advantage in positioning, and will buy you valuable time.\n",
					"wordsColor": {
						"r": 1,
						"g": 1,
						"b": 1,
						"a": 1
					},
					"selectedCastDefId": "castDef_KameaDefault",
					"emote": "Default",
					"audioName": "NONE",
					"cameraFocusGuid": "6deac590-0071-421f-a30b-e6d7852e16f9",
					"cameraDistance": "Medium",
					"cameraHeight": "Default",
					"revealRadius": 100
				},
				{
					"words": "Our friends in the Gallas Royal Guard have provided us with combat engineers to collapse the passes, but Taurian units in the area will destroy them if they get the chance. Go in with guns blazing and attract their attention. Any enemies that you fail to engage will make short work of our engineers.",
					"wordsColor": {
						"r": 1,
						"g": 1,
						"b": 1,
						"a": 1
					},
					"selectedCastDefId": "castDef_KameaDefault",
					"emote": "Default",
					"audioName": "NONE",
					"cameraFocusGuid": "07b2eb42-60b8-4b08-be12-7e153b2bc360",
					"cameraDistance": "Close",
					"cameraHeight": "High",
					"revealRadius": -1
				}
			]
		},
		{
			"dialogue": {
				"EncounterObjectGuid": "4011a4c3-cba2-4d22-b2b3-3b19a3297ab9"
			},
			"name": "MissionSuccessDialogue",
			"overrideDialogueBucketId": "",
			"dialogueContent": [
				{
					"words": "Well done, Commander! You've driven the Taurians away and prevented the collapse of Itrom's power grid.",
					"wordsColor": {
						"r": 1,
						"g": 1,
						"b": 1,
						"a": 1
					},
					"selectedCastDefId": "castDef_KameaDefault",
					"emote": "Default",
					"audioName": "NONE",
					"cameraFocusGuid": "",
					"cameraDistance": "Far",
					"cameraHeight": "Default",
					"revealRadius": -1
				},
				{
					"words": "And you've walked even <i>more</i> radioactive sand into the Leopard's Mech Bay. [sigh] C'mon, Commander... let's get you home.",
					"wordsColor": {
						"r": 1,
						"g": 1,
						"b": 1,
						"a": 1
					},
					"selectedCastDefId": "castDef_SumireDefault",
					"emote": "Default",
					"audioName": "NONE",
					"cameraFocusGuid": "",
					"cameraDistance": "Far",
					"cameraHeight": "Default",
					"revealRadius": -1
				}
			]
		},
		{
			"dialogue": {
				"EncounterObjectGuid": "d3d33d95-9ed7-4686-b9eb-954ebe51cc02"
			},
			"name": "MissionFailureDialogue",
			"overrideDialogueBucketId": "",
			"dialogueContent": []
		},
		{
			"dialogue": {
				"EncounterObjectGuid": "5d44f3a7-3a44-46f1-87c8-f4a039745fd2"
			},
			"name": "Async_PostIntro_Defense",
			"overrideDialogueBucketId": "",
			"dialogueContent": [
				{
					"words": "I'll leave you to it, Commander. Show the Taurians that the Restoration <i>protects</i> its people-no matter what.",
					"wordsColor": {
						"r": 1,
						"g": 1,
						"b": 1,
						"a": 1
					},
					"selectedCastDefId": "castDef_KameaDefault",
					"emote": "Default",
					"audioName": "rm040_110_kamea",
					"cameraFocusGuid": "",
					"cameraDistance": "Far",
					"cameraHeight": "Default",
					"revealRadius": -1
				}
			]
		},
		{
			"dialogue": {
				"EncounterObjectGuid": "4bfd81f2-ee1b-435a-ba47-4be60a8ed4e6"
			},
			"name": "Inter_FirstContact",
			"overrideDialogueBucketId": "",
			"dialogueContent": [
				{
					"words": "While the Taurians won't suffer the same communications or sensory difficulties that the Directorate did, we still have the environment of the badlands working in our favor.",
					"wordsColor": {
						"r": 1,
						"g": 1,
						"b": 1,
						"a": 1
					},
					"selectedCastDefId": "castDef_KameaDefault",
					"emote": "Default",
					"audioName": "NONE",
					"cameraFocusGuid": "",
					"cameraDistance": "Far",
					"cameraHeight": "Default",
					"revealRadius": -1
				},
				{
					"words": "There are many hazards out here that can damage a BattleMech: radioactive sandstorms, corrosive vapors, rivers of hydrofluoric acid... and over the course of their campaign, the Taurians have been exposed to them all.",
					"wordsColor": {
						"r": 1,
						"g": 1,
						"b": 1,
						"a": 1
					},
					"selectedCastDefId": "castDef_KameaDefault",
					"emote": "Default",
					"audioName": "NONE",
					"cameraFocusGuid": "",
					"cameraDistance": "Far",
					"cameraHeight": "Default",
					"revealRadius": -1
				},
				{
					"words": "Any Taurian 'Mechs that you encounter are likely to enter battle in a damaged state. If our sappers do their jobs and collapse the tunnels, those that are forced to reroute will be even worse for wear.",
					"wordsColor": {
						"r": 1,
						"g": 1,
						"b": 1,
						"a": 1
					},
					"selectedCastDefId": "castDef_KameaDefault",
					"emote": "Default",
					"audioName": "NONE",
					"cameraFocusGuid": "",
					"cameraDistance": "Far",
					"cameraHeight": "Default",
					"revealRadius": -1
				}
			]
		},
		{
			"dialogue": {
				"EncounterObjectGuid": "776059bc-706b-4257-b2d6-2278614deb0f"
			},
			"name": "Async_PostFirstContact",
			"overrideDialogueBucketId": "",
			"dialogueContent": [
				{
					"words": "They've pushed their luck by staying in the badlands too long. Make them understand the severity of their mistake.",
					"wordsColor": {
						"r": 1,
						"g": 1,
						"b": 1,
						"a": 1
					},
					"selectedCastDefId": "castDef_KameaDefault",
					"emote": "Default",
					"audioName": "rm040_120_kamea",
					"cameraFocusGuid": "",
					"cameraDistance": "Far",
					"cameraHeight": "Default",
					"revealRadius": -1
				}
			]
		},
		{
			"dialogue": {
				"EncounterObjectGuid": "95a2126e-e4c6-47cc-9e5d-fbe3f041eadf"
			},
			"name": "Inter_SappersDeparting",
			"overrideDialogueBucketId": "",
			"dialogueContent": [
				{
					"words": "Sappers are outbound for Tunnel Alpha, Commander. Keep the bad guys off of us, and we'll do our part.\n",
					"wordsColor": {
						"r": 1,
						"g": 1,
						"b": 1,
						"a": 1
					},
					"selectedCastDefId": "castDef_RE_Itrom_GallasSapperDefault",
					"emote": "Default",
					"audioName": "NONE",
					"cameraFocusGuid": "07b2eb42-60b8-4b08-be12-7e153b2bc360",
					"cameraDistance": "Close",
					"cameraHeight": "Default",
					"revealRadius": -1
				},
				{
					"words": "Transport waypoint data uploaded.",
					"wordsColor": {
						"r": 1,
						"g": 1,
						"b": 1,
						"a": 1
					},
					"selectedCastDefId": "castDef_Computer",
					"emote": "Default",
					"audioName": "NONE",
					"cameraFocusGuid": "3a26da77-6276-476b-a06f-f0f98ba02da0",
					"cameraDistance": "Medium",
					"cameraHeight": "Default",
					"revealRadius": -1
				},
				{
					"words": "Sappers outbound for Tunnel Bravo. You get us there in one piece, and we'll blow that tunnel to hell.",
					"wordsColor": {
						"r": 1,
						"g": 1,
						"b": 1,
						"a": 1
					},
					"selectedCastDefId": "castDef_RE_Itrom_GallasSapperDefault",
					"emote": "Default",
					"audioName": "NONE",
					"cameraFocusGuid": "e09105c1-aae0-4c07-8222-c1d5179a09e3",
					"cameraDistance": "Close",
					"cameraHeight": "Default",
					"revealRadius": -1
				},
				{
					"words": "Transport waypoint data uploaded.",
					"wordsColor": {
						"r": 1,
						"g": 1,
						"b": 1,
						"a": 1
					},
					"selectedCastDefId": "castDef_Computer",
					"emote": "Default",
					"audioName": "NONE",
					"cameraFocusGuid": "0132a293-d4e8-40c8-8e82-148bba682429",
					"cameraDistance": "Medium",
					"cameraHeight": "Default",
					"revealRadius": -1
				}
			]
		},
		{
			"dialogue": {
				"EncounterObjectGuid": "81541ede-9209-4a87-8cd7-224d6cdb91a9"
			},
			"name": "Inter_SappersAlphaClosing",
			"overrideDialogueBucketId": "",
			"dialogueContent": [
				{
					"words": "Sapper Alpha reporting in. I am halfway to my destination and moving at full throttle.",
					"wordsColor": {
						"r": 1,
						"g": 1,
						"b": 1,
						"a": 1
					},
					"selectedCastDefId": "castDef_RE_Itrom_GallasSapperDefault",
					"emote": "Default",
					"audioName": "NONE",
					"cameraFocusGuid": "3b56c91d-8e9a-4523-9aa4-e3c0348c73b7",
					"cameraDistance": "Medium",
					"cameraHeight": "Default",
					"revealRadius": -1
				},
				{
					"words": "Don't let them get ahead of you, Commander-keep that vehicle protected!",
					"wordsColor": {
						"r": 1,
						"g": 1,
						"b": 1,
						"a": 1
					},
					"selectedCastDefId": "castDef_KameaDefault",
					"emote": "Default",
					"audioName": "NONE",
					"cameraFocusGuid": "",
					"cameraDistance": "Far",
					"cameraHeight": "Default",
					"revealRadius": -1
				}
			]
		},
		{
			"dialogue": {
				"EncounterObjectGuid": "919e937b-ab41-4059-b30f-734fb937c02f"
			},
			"name": "Inter_SappersBravoClosing",
			"overrideDialogueBucketId": "",
			"dialogueContent": [
				{
					"words": "This is Sapper Bravo. I'm halfway to my objective and movin' fast!",
					"wordsColor": {
						"r": 1,
						"g": 1,
						"b": 1,
						"a": 1
					},
					"selectedCastDefId": "castDef_RE_Itrom_GallasSapperDefault",
					"emote": "Default",
					"audioName": "NONE",
					"cameraFocusGuid": "a480fb4e-20b7-4e3f-b0f1-28239bf5c7a7",
					"cameraDistance": "Medium",
					"cameraHeight": "Default",
					"revealRadius": -1
				},
				{
					"words": "Keep on that vehicle, Commander. They won't stand a chance without your protection.",
					"wordsColor": {
						"r": 1,
						"g": 1,
						"b": 1,
						"a": 1
					},
					"selectedCastDefId": "castDef_KameaDefault",
					"emote": "Default",
					"audioName": "NONE",
					"cameraFocusGuid": "",
					"cameraDistance": "Far",
					"cameraHeight": "Default",
					"revealRadius": -1
				}
			]
		},
		{
			"dialogue": {
				"EncounterObjectGuid": "4cfc5933-8a16-4dcb-82fd-8bd1c59f15f7"
			},
			"name": "Async_SappersAlphaNearing_MaybeNotUsed",
			"overrideDialogueBucketId": "",
			"dialogueContent": [
				{
					"words": "This is Sapper Alpha. I'm making my final approach.",
					"wordsColor": {
						"r": 1,
						"g": 1,
						"b": 1,
						"a": 1
					},
					"selectedCastDefId": "castDef_RE_Itrom_GallasSapperDefault",
					"emote": "Default",
					"audioName": "NONE",
					"cameraFocusGuid": "4cfc5933-8a16-4dcb-82fd-8bd1c59f15f7",
					"cameraDistance": "Far",
					"cameraHeight": "Default",
					"revealRadius": 100
				}
			]
		},
		{
			"dialogue": {
				"EncounterObjectGuid": "938d435b-b915-4d7a-b224-5fcbb34da62f"
			},
			"name": "Async_SappersBravoNearing_MaybeNotUsed",
			"overrideDialogueBucketId": "",
			"dialogueContent": [
				{
					"words": "Sapper Bravo here. I'm heading into the pass.",
					"wordsColor": {
						"r": 1,
						"g": 1,
						"b": 1,
						"a": 1
					},
					"selectedCastDefId": "castDef_RE_Itrom_GallasSapperDefault",
					"emote": "Default",
					"audioName": "NONE",
					"cameraFocusGuid": "938d435b-b915-4d7a-b224-5fcbb34da62f",
					"cameraDistance": "Far",
					"cameraHeight": "Default",
					"revealRadius": -1
				}
			]
		},
		{
			"dialogue": {
				"EncounterObjectGuid": "b790dc37-597b-4811-8648-1d059852cc04"
			},
			"name": "Inter_RenforcementsAreStartingToArrive",
			"overrideDialogueBucketId": "",
			"dialogueContent": [
				{
					"words": "Here they come! You've got Taurian BattleMechs on the main approach!",
					"wordsColor": {
						"r": 1,
						"g": 1,
						"b": 1,
						"a": 1
					},
					"selectedCastDefId": "castDef_KameaDefault",
					"emote": "Default",
					"audioName": "NONE",
					"cameraFocusGuid": "c843a5a4-da5c-4c64-954e-fd44830d8a63",
					"cameraDistance": "Far",
					"cameraHeight": "Default",
					"revealRadius": -1
				},
				{
					"words": "To the refinery! Go! Raze it to the ground and leave nothing standing!",
					"wordsColor": {
						"r": 1,
						"g": 1,
						"b": 1,
						"a": 1
					},
					"selectedCastDefId": "castDef_RE_Itrom_TaurianMWDefault",
					"emote": "Default",
					"audioName": "NONE",
					"cameraFocusGuid": "",
					"cameraDistance": "Far",
					"cameraHeight": "Default",
					"revealRadius": -1
				}
			]
		},
		{
			"dialogue": {
				"EncounterObjectGuid": "4548e18a-ddd5-4e79-bd8b-3a6aca7ef148"
			},
			"name": "Inter_AlphaDestroyed",
			"overrideDialogueBucketId": "",
			"dialogueContent": [
				{
					"words": "Tunnel Alpha is toast, Commander.",
					"wordsColor": {
						"r": 1,
						"g": 1,
						"b": 1,
						"a": 1
					},
					"selectedCastDefId": "castDef_RE_Itrom_GallasSapperDefault",
					"emote": "Default",
					"audioName": "NONE",
					"cameraFocusGuid": "5fad75f9-2b3a-4059-9939-33fc8e12d327",
					"cameraDistance": "Far",
					"cameraHeight": "Default",
					"revealRadius": -1
				}
			]
		},
		{
			"dialogue": {
				"EncounterObjectGuid": "029d1d41-4773-45f8-aac2-78fe5380f361"
			},
			"name": "Inter_BravoDestroyed",
			"overrideDialogueBucketId": "",
			"dialogueContent": [
				{
					"words": "Tunnel Bravo has been collapsed! Ain't nothin' coming through here anytime soon!",
					"wordsColor": {
						"r": 1,
						"g": 1,
						"b": 1,
						"a": 1
					},
					"selectedCastDefId": "castDef_RE_Itrom_GallasSapperDefault",
					"emote": "Default",
					"audioName": "NONE",
					"cameraFocusGuid": "6deac590-0071-421f-a30b-e6d7852e16f9",
					"cameraDistance": "Far",
					"cameraHeight": "Default",
					"revealRadius": -1
				}
			]
		},
		{
			"dialogue": {
				"EncounterObjectGuid": "4695cf61-8cd2-4a37-a2df-e200e68c1147"
			},
			"name": "Inter_HERETHEYCOME",
			"overrideDialogueBucketId": "",
			"dialogueContent": [
				{
					"words": "We've got multiple hostiles inbound! Take up defensive positions and protect that refinery!",
					"wordsColor": {
						"r": 1,
						"g": 1,
						"b": 1,
						"a": 1
					},
					"selectedCastDefId": "castDef_KameaDefault",
					"emote": "Default",
					"audioName": "NONE",
					"cameraFocusGuid": "689c8102-1ba0-4ff5-a478-3e954c44ea25",
					"cameraDistance": "Close",
					"cameraHeight": "High",
					"revealRadius": -1
				}
			]
		},
		{
			"dialogue": {
				"EncounterObjectGuid": "ab1f419b-8ee8-4552-9ee0-6578c1dd4197"
			},
			"name": "Inter_Lance1_FromMain",
			"overrideDialogueBucketId": "",
			"dialogueContent": [
				{
					"words": "Hostiles on the main approach, Commander.",
					"wordsColor": {
						"r": 1,
						"g": 1,
						"b": 1,
						"a": 1
					},
					"selectedCastDefId": "castDef_KameaDefault",
					"emote": "Default",
					"audioName": "NONE",
					"cameraFocusGuid": "c843a5a4-da5c-4c64-954e-fd44830d8a63",
					"cameraDistance": "Medium",
					"cameraHeight": "Default",
					"revealRadius": -1
				},
				{
					"words": "To the refinery! Go! Raze it to the ground and leave nothing standing!",
					"wordsColor": {
						"r": 1,
						"g": 1,
						"b": 1,
						"a": 1
					},
					"selectedCastDefId": "castDef_RE_Itrom_TaurianMWDefault",
					"emote": "Default",
					"audioName": "NONE",
					"cameraFocusGuid": "c843a5a4-da5c-4c64-954e-fd44830d8a63",
					"cameraDistance": "Medium",
					"cameraHeight": "Default",
					"revealRadius": -1
				}
			]
		},
		{
			"dialogue": {
				"EncounterObjectGuid": "c1cb96b4-6cac-47ad-a831-3cfefec9903e"
			},
			"name": "Inter_Lance2_FromPass",
			"overrideDialogueBucketId": "",
			"dialogueContent": [
				{
					"words": "Hostiles incoming through Tunnel Alpha! Take them out!\r\n",
					"wordsColor": {
						"r": 1,
						"g": 1,
						"b": 1,
						"a": 1
					},
					"selectedCastDefId": "castDef_KameaDefault",
					"emote": "Default",
					"audioName": "NONE",
					"cameraFocusGuid": "5fad75f9-2b3a-4059-9939-33fc8e12d327",
					"cameraDistance": "Medium",
					"cameraHeight": "Default",
					"revealRadius": 100
				}
			]
		},
		{
			"dialogue": {
				"EncounterObjectGuid": "343ed0e1-e61e-4e38-bc5d-16adb7cefcaa"
			},
			"name": "Inter_Lance2_FromCanyon",
			"overrideDialogueBucketId": "",
			"dialogueContent": [
				{
					"words": "Hostiles incoming through a side canyon! Looks like they had to backtrack from Tunnel Alpha... they're looking pretty chewed up.",
					"wordsColor": {
						"r": 1,
						"g": 1,
						"b": 1,
						"a": 1
					},
					"selectedCastDefId": "castDef_KameaDefault",
					"emote": "Default",
					"audioName": "NONE",
					"cameraFocusGuid": "c95bf5e3-66c6-4b86-aa44-da146ea45c62",
					"cameraDistance": "Medium",
					"cameraHeight": "Default",
					"revealRadius": 100
				}
			]
		},
		{
			"dialogue": {
				"EncounterObjectGuid": "79c20636-af8d-417a-8155-5fd71dac0d51"
			},
			"name": "Inter_Lance3_FromPass",
			"overrideDialogueBucketId": "",
			"dialogueContent": [
				{
					"words": "We've got hostiles inbound, coming through Tunnel Bravo! Go get them!\r\n",
					"wordsColor": {
						"r": 1,
						"g": 1,
						"b": 1,
						"a": 1
					},
					"selectedCastDefId": "castDef_KameaDefault",
					"emote": "Default",
					"audioName": "NONE",
					"cameraFocusGuid": "6deac590-0071-421f-a30b-e6d7852e16f9",
					"cameraDistance": "Medium",
					"cameraHeight": "Default",
					"revealRadius": 100
				}
			]
		},
		{
			"dialogue": {
				"EncounterObjectGuid": "c50b2c93-aafd-4fcd-96d7-d062ab202919"
			},
			"name": "Inter_Lance3_FromCanyon",
			"overrideDialogueBucketId": "",
			"dialogueContent": [
				{
					"words": "I'm seeing Taurian units coming in through a side canyon. They look damaged... the trip back from what's left of Tunnel Bravo seems to have taken its toll.",
					"wordsColor": {
						"r": 1,
						"g": 1,
						"b": 1,
						"a": 1
					},
					"selectedCastDefId": "castDef_KameaDefault",
					"emote": "Default",
					"audioName": "NONE",
					"cameraFocusGuid": "6deac590-0071-421f-a30b-e6d7852e16f9",
					"cameraDistance": "Medium",
					"cameraHeight": "Default",
					"revealRadius": 100
				}
			]
		},
		{
			"dialogue": {
				"EncounterObjectGuid": "1f9ae927-be99-434c-b2bf-d14ee3e88ac8"
			},
			"name": "Async_BothPassesBlocked",
			"overrideDialogueBucketId": "",
			"dialogueContent": [
				{
					"words": "That's both passes blocked! Nicely done, Commander-you've derailed their attack plan. Now go capitalize on it!",
					"wordsColor": {
						"r": 1,
						"g": 1,
						"b": 1,
						"a": 1
					},
					"selectedCastDefId": "castDef_KameaDefault",
					"emote": "Default",
					"audioName": "rm040_130_kamea",
					"cameraFocusGuid": "",
					"cameraDistance": "Far",
					"cameraHeight": "Default",
					"revealRadius": -1
				}
			]
		}
	],
	"disableNegotations": true,
	"disableLanceConfiguration": false,
	"disableCancelButton": false,
	"disableAfterAction": false,
	"contractRewardOverride": 2360000,
	"travelOnly": false,
	"useTravelCostPenalty": false,
	"usesExpiration": false,
	"expirationTimeOverride": -1,
	"negotiatedSalary": 0.5,
	"negotiatedSalvage": 0.5,
	"player1Team": {
		"encounterLayerData": {
			"EncounterObjectGuid": "9659a6cf-0324-4d25-ae02-85662c401f50"
		},
		"teamGuid": "bf40fd39-ccf9-47c4-94a6-061809681140",
		"teamName": "Player 1",
		"faction": "Player1sMercUnit",
		"teamLeaderCastDefId": "castDef_TeamLeader_Current",
		"lanceOverrideList": [
			{
				"lanceSpawner": {
					"EncounterObjectGuid": "76b654a6-4f2c-4a6f-86e6-d4cf868335fe"
				},
				"name": "PlayerLanceSpawner",
				"lanceDefId": "Manual",
				"lanceTagSet": {
					"items": [],
					"tagSetSourceFile": ""
				},
				"lanceExcludedTagSet": {
					"items": [],
					"tagSetSourceFile": "Tags/LanceTags"
				},
				"spawnEffectTags": {
					"items": [],
					"tagSetSourceFile": "Tags/SpawnEffectTags"
				},
				"lanceDifficultyAdjustment": 0,
				"selectedLanceDefId": null,
				"selectedLanceDifficulty": 0,
				"unitSpawnPointOverrideList": [
					{
						"unitSpawnPoint": {
							"EncounterObjectGuid": "ec9d2280-ca9a-4d90-8a20-963d8a4c0a39"
						},
						"customUnitName": "",
						"customHeraldryDefId": "",
						"unitType": "UNDEFINED",
						"unitDefId": "",
						"unitTagSet": {
							"items": [],
							"tagSetSourceFile": ""
						},
						"unitExcludedTagSet": {
							"items": [],
							"tagSetSourceFile": "Tags/UnitTags"
						},
						"spawnEffectTags": {
							"items": [],
							"tagSetSourceFile": "Tags/SpawnEffectTags"
						},
						"pilotDefId": "pilot_default",
						"pilotTagSet": {
							"items": [],
							"tagSetSourceFile": ""
						},
						"pilotExcludedTagSet": {
							"items": [],
							"tagSetSourceFile": "Tags/PilotTags"
						},
						"selectedUnitType": "UNDEFINED",
						"selectedUnitDefId": null,
						"selectedPilotDefId": null
					},
					{
						"unitSpawnPoint": {
							"EncounterObjectGuid": "ebc06b6a-c5a8-4165-95ce-480bcf335570"
						},
						"customUnitName": "",
						"customHeraldryDefId": "",
						"unitType": "UNDEFINED",
						"unitDefId": "",
						"unitTagSet": {
							"items": [],
							"tagSetSourceFile": ""
						},
						"unitExcludedTagSet": {
							"items": [],
							"tagSetSourceFile": "Tags/UnitTags"
						},
						"spawnEffectTags": {
							"items": [],
							"tagSetSourceFile": "Tags/SpawnEffectTags"
						},
						"pilotDefId": "pilot_default",
						"pilotTagSet": {
							"items": [],
							"tagSetSourceFile": ""
						},
						"pilotExcludedTagSet": {
							"items": [],
							"tagSetSourceFile": "Tags/PilotTags"
						},
						"selectedUnitType": "UNDEFINED",
						"selectedUnitDefId": null,
						"selectedPilotDefId": null
					},
					{
						"unitSpawnPoint": {
							"EncounterObjectGuid": "d50f1e9d-0a0b-4dc8-9a06-a33233aaa8a1"
						},
						"customUnitName": "",
						"customHeraldryDefId": "",
						"unitType": "UNDEFINED",
						"unitDefId": "",
						"unitTagSet": {
							"items": [],
							"tagSetSourceFile": ""
						},
						"unitExcludedTagSet": {
							"items": [],
							"tagSetSourceFile": "Tags/UnitTags"
						},
						"spawnEffectTags": {
							"items": [],
							"tagSetSourceFile": "Tags/SpawnEffectTags"
						},
						"pilotDefId": "pilot_default",
						"pilotTagSet": {
							"items": [],
							"tagSetSourceFile": ""
						},
						"pilotExcludedTagSet": {
							"items": [],
							"tagSetSourceFile": "Tags/PilotTags"
						},
						"selectedUnitType": "UNDEFINED",
						"selectedUnitDefId": null,
						"selectedPilotDefId": null
					},
					{
						"unitSpawnPoint": {
							"EncounterObjectGuid": "461141c2-f956-49a5-b2c6-6f951b957a94"
						},
						"customUnitName": "",
						"customHeraldryDefId": "",
						"unitType": "UNDEFINED",
						"unitDefId": "",
						"unitTagSet": {
							"items": [],
							"tagSetSourceFile": ""
						},
						"unitExcludedTagSet": {
							"items": [],
							"tagSetSourceFile": "Tags/UnitTags"
						},
						"spawnEffectTags": {
							"items": [],
							"tagSetSourceFile": "Tags/SpawnEffectTags"
						},
						"pilotDefId": "pilot_default",
						"pilotTagSet": {
							"items": [],
							"tagSetSourceFile": ""
						},
						"pilotExcludedTagSet": {
							"items": [],
							"tagSetSourceFile": "Tags/PilotTags"
						},
						"selectedUnitType": "UNDEFINED",
						"selectedUnitDefId": null,
						"selectedPilotDefId": null
					}
				]
			}
		]
	},
	"player2Team": {
		"encounterLayerData": {
			"EncounterObjectGuid": "9659a6cf-0324-4d25-ae02-85662c401f50"
		},
		"teamGuid": "757173dd-b4e1-4bb5-9bee-d78e623cc867",
		"teamName": "Player 2",
		"faction": "Player2sMercUnit",
		"teamLeaderCastDefId": "castDef_TeamLeader_Current",
		"lanceOverrideList": []
	},
	"employerTeam": {
		"encounterLayerData": {
			"EncounterObjectGuid": "9659a6cf-0324-4d25-ae02-85662c401f50"
		},
		"teamGuid": "ecc8d4f2-74b4-465d-adf6-84445e5dfc230",
		"teamName": "Employer",
		"faction": "AuriganRestoration",
		"teamLeaderCastDefId": "castDef_TeamLeader_Current",
		"lanceOverrideList": [
			{
				"lanceSpawner": {
					"EncounterObjectGuid": "3ee73503-fa3c-4fab-ae6c-7622a2c18db3"
				},
				"name": "Turrets",
				"lanceDefId": "Manual",
				"lanceTagSet": {
					"items": [],
					"tagSetSourceFile": "Tags/LanceTags"
				},
				"lanceExcludedTagSet": {
					"items": [],
					"tagSetSourceFile": "Tags/LanceTags"
				},
				"spawnEffectTags": {
					"items": [],
					"tagSetSourceFile": "Tags/SpawnEffectTags"
				},
				"lanceDifficultyAdjustment": 0,
				"selectedLanceDefId": null,
				"selectedLanceDifficulty": 0,
				"unitSpawnPointOverrideList": [
					{
						"unitSpawnPoint": {
							"EncounterObjectGuid": "261d6255-5756-4a14-b023-10a21879a689"
						},
						"customUnitName": "",
						"customHeraldryDefId": "",
						"unitType": "Turret",
						"unitDefId": "turretdef_Standard_Laser",
						"unitTagSet": {
							"items": [],
							"tagSetSourceFile": ""
						},
						"unitExcludedTagSet": {
							"items": [],
							"tagSetSourceFile": "Tags/UnitTags"
						},
						"spawnEffectTags": {
							"items": [],
							"tagSetSourceFile": "Tags/SpawnEffectTags"
						},
						"pilotDefId": "pilot_d5_turret",
						"pilotTagSet": {
							"items": [],
							"tagSetSourceFile": ""
						},
						"pilotExcludedTagSet": {
							"items": [],
							"tagSetSourceFile": "Tags/PilotTags"
						},
						"selectedUnitType": "UNDEFINED",
						"selectedUnitDefId": null,
						"selectedPilotDefId": null
					},
					{
						"unitSpawnPoint": {
							"EncounterObjectGuid": "cd07df40-037a-4bef-b1f7-f50300314204"
						},
						"customUnitName": "",
						"customHeraldryDefId": "",
						"unitType": "Turret",
						"unitDefId": "turretdef_Standard_Laser",
						"unitTagSet": {
							"items": [],
							"tagSetSourceFile": ""
						},
						"unitExcludedTagSet": {
							"items": [],
							"tagSetSourceFile": "Tags/UnitTags"
						},
						"spawnEffectTags": {
							"items": [],
							"tagSetSourceFile": "Tags/SpawnEffectTags"
						},
						"pilotDefId": "pilot_d5_turret",
						"pilotTagSet": {
							"items": [],
							"tagSetSourceFile": ""
						},
						"pilotExcludedTagSet": {
							"items": [],
							"tagSetSourceFile": "Tags/PilotTags"
						},
						"selectedUnitType": "UNDEFINED",
						"selectedUnitDefId": null,
						"selectedPilotDefId": null
					},
					{
						"unitSpawnPoint": {
							"EncounterObjectGuid": "0eff915b-b96b-4a62-859a-b43c67f28288"
						},
						"customUnitName": "",
						"customHeraldryDefId": "",
						"unitType": "Turret",
						"unitDefId": "turretdef_Standard_Shredder",
						"unitTagSet": {
							"items": [],
							"tagSetSourceFile": ""
						},
						"unitExcludedTagSet": {
							"items": [],
							"tagSetSourceFile": "Tags/UnitTags"
						},
						"spawnEffectTags": {
							"items": [],
							"tagSetSourceFile": "Tags/SpawnEffectTags"
						},
						"pilotDefId": "pilot_d5_turret",
						"pilotTagSet": {
							"items": [],
							"tagSetSourceFile": ""
						},
						"pilotExcludedTagSet": {
							"items": [],
							"tagSetSourceFile": "Tags/PilotTags"
						},
						"selectedUnitType": "UNDEFINED",
						"selectedUnitDefId": null,
						"selectedPilotDefId": null
					},
					{
						"unitSpawnPoint": {
							"EncounterObjectGuid": "8be9b244-e7b7-49ca-a831-80e602c12a4e"
						},
						"customUnitName": "",
						"customHeraldryDefId": "",
						"unitType": "Turret",
						"unitDefId": "turretdef_Standard_Shredder",
						"unitTagSet": {
							"items": [],
							"tagSetSourceFile": ""
						},
						"unitExcludedTagSet": {
							"items": [],
							"tagSetSourceFile": "Tags/UnitTags"
						},
						"spawnEffectTags": {
							"items": [],
							"tagSetSourceFile": "Tags/SpawnEffectTags"
						},
						"pilotDefId": "pilot_d5_turret",
						"pilotTagSet": {
							"items": [],
							"tagSetSourceFile": ""
						},
						"pilotExcludedTagSet": {
							"items": [],
							"tagSetSourceFile": "Tags/PilotTags"
						},
						"selectedUnitType": "UNDEFINED",
						"selectedUnitDefId": null,
						"selectedPilotDefId": null
					},
					{
						"unitSpawnPoint": {
							"EncounterObjectGuid": "17688e54-4c32-4854-b0bd-e43eac1eb6e8"
						},
						"customUnitName": "",
						"customHeraldryDefId": "",
						"unitType": "Turret",
						"unitDefId": "turretdef_Heavy_Sniper",
						"unitTagSet": {
							"items": [],
							"tagSetSourceFile": "Tags/UnitTags"
						},
						"unitExcludedTagSet": {
							"items": [],
							"tagSetSourceFile": "Tags/UnitTags"
						},
						"spawnEffectTags": {
							"items": [],
							"tagSetSourceFile": "Tags/SpawnEffectTags"
						},
						"pilotDefId": "pilot_d5_turret",
						"pilotTagSet": {
							"items": [],
							"tagSetSourceFile": "Tags/PilotTags"
						},
						"pilotExcludedTagSet": {
							"items": [],
							"tagSetSourceFile": "Tags/PilotTags"
						},
						"selectedUnitType": "UNDEFINED",
						"selectedUnitDefId": null,
						"selectedPilotDefId": null
					},
					{
						"unitSpawnPoint": {
							"EncounterObjectGuid": "82d0f6d8-d28c-4d1e-ab43-1cb55e103ee3"
						},
						"customUnitName": "",
						"customHeraldryDefId": "",
						"unitType": "Turret",
						"unitDefId": "turretdef_Heavy_Sniper",
						"unitTagSet": {
							"items": [],
							"tagSetSourceFile": "Tags/UnitTags"
						},
						"unitExcludedTagSet": {
							"items": [],
							"tagSetSourceFile": "Tags/UnitTags"
						},
						"spawnEffectTags": {
							"items": [],
							"tagSetSourceFile": "Tags/SpawnEffectTags"
						},
						"pilotDefId": "pilot_d5_turret",
						"pilotTagSet": {
							"items": [],
							"tagSetSourceFile": "Tags/PilotTags"
						},
						"pilotExcludedTagSet": {
							"items": [],
							"tagSetSourceFile": "Tags/PilotTags"
						},
						"selectedUnitType": "UNDEFINED",
						"selectedUnitDefId": null,
						"selectedPilotDefId": null
					},
					{
						"unitSpawnPoint": {
							"EncounterObjectGuid": "fae19d46-7710-4078-af74-8593d33c2f52"
						},
						"customUnitName": "",
						"customHeraldryDefId": "",
						"unitType": "Turret",
						"unitDefId": "turretdef_Standard_Laser",
						"unitTagSet": {
							"items": [],
							"tagSetSourceFile": "Tags/UnitTags"
						},
						"unitExcludedTagSet": {
							"items": [],
							"tagSetSourceFile": "Tags/UnitTags"
						},
						"spawnEffectTags": {
							"items": [],
							"tagSetSourceFile": "Tags/SpawnEffectTags"
						},
						"pilotDefId": "pilot_d5_turret",
						"pilotTagSet": {
							"items": [],
							"tagSetSourceFile": "Tags/PilotTags"
						},
						"pilotExcludedTagSet": {
							"items": [],
							"tagSetSourceFile": "Tags/PilotTags"
						},
						"selectedUnitType": "UNDEFINED",
						"selectedUnitDefId": null,
						"selectedPilotDefId": null
					},
					{
						"unitSpawnPoint": {
							"EncounterObjectGuid": "be7ffb19-8b20-4b25-9f46-2f5675384748"
						},
						"customUnitName": "",
						"customHeraldryDefId": "",
						"unitType": "Turret",
						"unitDefId": "turretdef_Standard_Laser",
						"unitTagSet": {
							"items": [],
							"tagSetSourceFile": "Tags/UnitTags"
						},
						"unitExcludedTagSet": {
							"items": [],
							"tagSetSourceFile": "Tags/UnitTags"
						},
						"spawnEffectTags": {
							"items": [],
							"tagSetSourceFile": "Tags/SpawnEffectTags"
						},
						"pilotDefId": "pilot_d5_turret",
						"pilotTagSet": {
							"items": [],
							"tagSetSourceFile": "Tags/PilotTags"
						},
						"pilotExcludedTagSet": {
							"items": [],
							"tagSetSourceFile": "Tags/PilotTags"
						},
						"selectedUnitType": "UNDEFINED",
						"selectedUnitDefId": null,
						"selectedPilotDefId": null
					}
				]
			},
			{
				"lanceSpawner": {
					"EncounterObjectGuid": "7ec98afa-e230-4a8b-ab12-8d98c3d8de1e"
				},
				"name": "Sapper Alpha Lance",
				"lanceDefId": "Manual",
				"lanceTagSet": {
					"items": [],
					"tagSetSourceFile": "Tags/LanceTags"
				},
				"lanceExcludedTagSet": {
					"items": [],
					"tagSetSourceFile": "Tags/LanceTags"
				},
				"spawnEffectTags": {
					"items": [],
					"tagSetSourceFile": "Tags/SpawnEffectTags"
				},
				"lanceDifficultyAdjustment": 0,
				"selectedLanceDefId": null,
				"selectedLanceDifficulty": 0,
				"unitSpawnPointOverrideList": [
					{
						"unitSpawnPoint": {
							"EncounterObjectGuid": "83106043-d6c7-408b-b324-4c1f7b0e01ee"
						},
						"customUnitName": "",
						"customHeraldryDefId": "",
						"unitType": "Vehicle",
						"unitDefId": "vehicledef_APC_Sleipnir",
						"unitTagSet": {
							"items": [],
							"tagSetSourceFile": ""
						},
						"unitExcludedTagSet": {
							"items": [],
							"tagSetSourceFile": "Tags/UnitTags"
						},
						"spawnEffectTags": {
							"items": [],
							"tagSetSourceFile": "Tags/SpawnEffectTags"
						},
						"pilotDefId": "pilot_default",
						"pilotTagSet": {
							"items": [],
							"tagSetSourceFile": ""
						},
						"pilotExcludedTagSet": {
							"items": [],
							"tagSetSourceFile": "Tags/PilotTags"
						},
						"selectedUnitType": "UNDEFINED",
						"selectedUnitDefId": null,
						"selectedPilotDefId": null
					}
				]
			},
			{
				"lanceSpawner": {
					"EncounterObjectGuid": "af5fdc92-2c23-4bbd-b311-a98b207d82a5"
				},
				"name": "Sapper Bravo Lance",
				"lanceDefId": "Manual",
				"lanceTagSet": {
					"items": [],
					"tagSetSourceFile": "Tags/LanceTags"
				},
				"lanceExcludedTagSet": {
					"items": [],
					"tagSetSourceFile": "Tags/LanceTags"
				},
				"spawnEffectTags": {
					"items": [],
					"tagSetSourceFile": "Tags/SpawnEffectTags"
				},
				"lanceDifficultyAdjustment": 0,
				"selectedLanceDefId": null,
				"selectedLanceDifficulty": 0,
				"unitSpawnPointOverrideList": [
					{
						"unitSpawnPoint": {
							"EncounterObjectGuid": "a5dfa5f3-464c-4649-8563-f46c043eb734"
						},
						"customUnitName": "",
						"customHeraldryDefId": "",
						"unitType": "Vehicle",
						"unitDefId": "vehicledef_APC_Sleipnir",
						"unitTagSet": {
							"items": [],
							"tagSetSourceFile": ""
						},
						"unitExcludedTagSet": {
							"items": [],
							"tagSetSourceFile": "Tags/UnitTags"
						},
						"spawnEffectTags": {
							"items": [],
							"tagSetSourceFile": "Tags/SpawnEffectTags"
						},
						"pilotDefId": "pilot_default",
						"pilotTagSet": {
							"items": [],
							"tagSetSourceFile": ""
						},
						"pilotExcludedTagSet": {
							"items": [],
							"tagSetSourceFile": "Tags/PilotTags"
						},
						"selectedUnitType": "UNDEFINED",
						"selectedUnitDefId": null,
						"selectedPilotDefId": null
					}
				]
			}
		]
	},
	"targetTeam": {
		"encounterLayerData": {
			"EncounterObjectGuid": "9659a6cf-0324-4d25-ae02-85662c401f50"
		},
		"teamGuid": "be77cadd-e245-4240-a93e-b99cc98902a5",
		"teamName": "Target",
		"faction": "AuriganDirectorate",
		"teamLeaderCastDefId": "castDef_TeamLeader_Current",
		"lanceOverrideList": [
			{
				"lanceSpawner": {
					"EncounterObjectGuid": "35955482-66d9-46fd-a1d2-35dd37394c98"
				},
				"name": "AlphaRearLanceSpawner",
				"lanceDefId": "Manual",
				"lanceTagSet": {
					"items": [],
					"tagSetSourceFile": "Tags/LanceTags"
				},
				"lanceExcludedTagSet": {
					"items": [],
					"tagSetSourceFile": "Tags/LanceTags"
				},
				"spawnEffectTags": {
					"items": [
						"spawn_poorly_maintained_50"
					],
					"tagSetSourceFile": "Tags/SpawnEffectTags"
				},
				"lanceDifficultyAdjustment": 0,
				"selectedLanceDefId": null,
				"selectedLanceDifficulty": 0,
				"unitSpawnPointOverrideList": [
					{
						"unitSpawnPoint": {
							"EncounterObjectGuid": "3fefcfc2-067a-4a72-bb1d-6882f73484a2"
						},
						"customUnitName": "",
						"customHeraldryDefId": "",
						"unitType": "Mech",
						"unitDefId": "mechdef_shadowhawk_SHD-2H",
						"unitTagSet": {
							"items": [
								"unit_jumpOK",
								"unit_light",
								"unit_mech"
							],
							"tagSetSourceFile": "Tags/UnitTags"
						},
						"unitExcludedTagSet": {
							"items": [
								"unit_urbie",
								"unit_vehicle"
							],
							"tagSetSourceFile": "Tags/UnitTags"
						},
						"spawnEffectTags": {
							"items": [],
							"tagSetSourceFile": "Tags/SpawnEffectTags"
						},
						"pilotDefId": "pilot_d6_gunner",
						"pilotTagSet": {
							"items": [],
							"tagSetSourceFile": ""
						},
						"pilotExcludedTagSet": {
							"items": [],
							"tagSetSourceFile": "Tags/PilotTags"
						},
						"selectedUnitType": "UNDEFINED",
						"selectedUnitDefId": null,
						"selectedPilotDefId": null
					},
					{
						"unitSpawnPoint": {
							"EncounterObjectGuid": "b2097400-9c1c-4bce-b7ab-21801d32439d"
						},
						"customUnitName": "",
						"customHeraldryDefId": "",
						"unitType": "Mech",
						"unitDefId": "mechdef_cicada_CDA-3C",
						"unitTagSet": {
							"items": [
								"unit_jumpOK",
								"unit_light",
								"unit_mech"
							],
							"tagSetSourceFile": "Tags/UnitTags"
						},
						"unitExcludedTagSet": {
							"items": [
								"unit_urbie",
								"unit_vehicle"
							],
							"tagSetSourceFile": "Tags/UnitTags"
						},
						"spawnEffectTags": {
							"items": [],
							"tagSetSourceFile": "Tags/SpawnEffectTags"
						},
						"pilotDefId": "pilot_d6_gunner",
						"pilotTagSet": {
							"items": [],
							"tagSetSourceFile": ""
						},
						"pilotExcludedTagSet": {
							"items": [],
							"tagSetSourceFile": "Tags/PilotTags"
						},
						"selectedUnitType": "UNDEFINED",
						"selectedUnitDefId": null,
						"selectedPilotDefId": null
					},
					{
						"unitSpawnPoint": {
							"EncounterObjectGuid": "40c3f321-96a2-495d-90a0-b41dcddb04cd"
						},
						"customUnitName": "",
						"customHeraldryDefId": "",
						"unitType": "Mech",
						"unitDefId": "mechdef_jenner_JR7-D",
						"unitTagSet": {
							"items": [
								"unit_mech",
								"unit_medium"
							],
							"tagSetSourceFile": "Tags/UnitTags"
						},
						"unitExcludedTagSet": {
							"items": [
								"unit_urbie",
								"unit_vehicle"
							],
							"tagSetSourceFile": "Tags/UnitTags"
						},
						"spawnEffectTags": {
							"items": [],
							"tagSetSourceFile": "Tags/SpawnEffectTags"
						},
						"pilotDefId": "pilot_d6_pilot",
						"pilotTagSet": {
							"items": [],
							"tagSetSourceFile": ""
						},
						"pilotExcludedTagSet": {
							"items": [],
							"tagSetSourceFile": "Tags/PilotTags"
						},
						"selectedUnitType": "UNDEFINED",
						"selectedUnitDefId": null,
						"selectedPilotDefId": null
					},
					{
						"unitSpawnPoint": {
							"EncounterObjectGuid": "03593b85-ac60-4a57-bea9-f369015f5d50"
						},
						"customUnitName": "",
						"customHeraldryDefId": "",
						"unitType": "Mech",
						"unitDefId": "mechdef_firestarter_FS9-H",
						"unitTagSet": {
							"items": [
								"unit_heavy",
								"unit_mech"
							],
							"tagSetSourceFile": "Tags/UnitTags"
						},
						"unitExcludedTagSet": {
							"items": [
								"unit_urbie",
								"unit_vehicle"
							],
							"tagSetSourceFile": "Tags/UnitTags"
						},
						"spawnEffectTags": {
							"items": [],
							"tagSetSourceFile": "Tags/SpawnEffectTags"
						},
						"pilotDefId": "pilot_d6_tactician",
						"pilotTagSet": {
							"items": [],
							"tagSetSourceFile": ""
						},
						"pilotExcludedTagSet": {
							"items": [],
							"tagSetSourceFile": "Tags/PilotTags"
						},
						"selectedUnitType": "UNDEFINED",
						"selectedUnitDefId": null,
						"selectedPilotDefId": null
					}
				]
			},
			{
				"lanceSpawner": {
					"EncounterObjectGuid": "99c79011-3996-4b04-befb-ab50781240d1"
				},
				"name": "BravoRearLanceSpawner",
				"lanceDefId": "Manual",
				"lanceTagSet": {
					"items": [],
					"tagSetSourceFile": "Tags/LanceTags"
				},
				"lanceExcludedTagSet": {
					"items": [],
					"tagSetSourceFile": "Tags/LanceTags"
				},
				"spawnEffectTags": {
					"items": [
						"spawn_poorly_maintained_50"
					],
					"tagSetSourceFile": "Tags/SpawnEffectTags"
				},
				"lanceDifficultyAdjustment": 0,
				"selectedLanceDefId": null,
				"selectedLanceDifficulty": 0,
				"unitSpawnPointOverrideList": [
					{
						"unitSpawnPoint": {
							"EncounterObjectGuid": "ddb12ded-c99a-45ce-8703-0addba1ed484"
						},
						"customUnitName": "",
						"customHeraldryDefId": "",
						"unitType": "Mech",
						"unitDefId": "mechdef_dragon_DRG-1N",
						"unitTagSet": {
							"items": [
								"unit_indirectFire",
								"unit_jumpOK",
								"unit_light",
								"unit_mech"
							],
							"tagSetSourceFile": "Tags/UnitTags"
						},
						"unitExcludedTagSet": {
							"items": [
								"unit_urbie",
								"unit_vehicle"
							],
							"tagSetSourceFile": "Tags/UnitTags"
						},
						"spawnEffectTags": {
							"items": [],
							"tagSetSourceFile": "Tags/SpawnEffectTags"
						},
						"pilotDefId": "pilot_d6_defender",
						"pilotTagSet": {
							"items": [],
							"tagSetSourceFile": ""
						},
						"pilotExcludedTagSet": {
							"items": [],
							"tagSetSourceFile": "Tags/PilotTags"
						},
						"selectedUnitType": "UNDEFINED",
						"selectedUnitDefId": null,
						"selectedPilotDefId": null
					},
					{
						"unitSpawnPoint": {
							"EncounterObjectGuid": "86e9e42e-c1b6-4d99-98d5-1d477e81f84c"
						},
						"customUnitName": "",
						"customHeraldryDefId": "",
						"unitType": "Mech",
						"unitDefId": "mechdef_jenner_JR7-D",
						"unitTagSet": {
							"items": [
								"unit_jumpOK",
								"unit_light",
								"unit_mech"
							],
							"tagSetSourceFile": "Tags/UnitTags"
						},
						"unitExcludedTagSet": {
							"items": [
								"unit_urbie",
								"unit_vehicle"
							],
							"tagSetSourceFile": "Tags/UnitTags"
						},
						"spawnEffectTags": {
							"items": [],
							"tagSetSourceFile": "Tags/SpawnEffectTags"
						},
						"pilotDefId": "pilot_d6_pilot",
						"pilotTagSet": {
							"items": [],
							"tagSetSourceFile": ""
						},
						"pilotExcludedTagSet": {
							"items": [],
							"tagSetSourceFile": "Tags/PilotTags"
						},
						"selectedUnitType": "UNDEFINED",
						"selectedUnitDefId": null,
						"selectedPilotDefId": null
					},
					{
						"unitSpawnPoint": {
							"EncounterObjectGuid": "e6ed89a9-e21d-4cf8-9615-478b586dfd02"
						},
						"customUnitName": "",
						"customHeraldryDefId": "",
						"unitType": "Mech",
						"unitDefId": "mechdef_griffin_GRF-2N",
						"unitTagSet": {
							"items": [
								"unit_mech",
								"unit_medium"
							],
							"tagSetSourceFile": "Tags/UnitTags"
						},
						"unitExcludedTagSet": {
							"items": [
								"unit_urbie",
								"unit_vehicle"
							],
							"tagSetSourceFile": "Tags/UnitTags"
						},
						"spawnEffectTags": {
							"items": [],
							"tagSetSourceFile": "Tags/SpawnEffectTags"
						},
						"pilotDefId": "pilot_d6_defender",
						"pilotTagSet": {
							"items": [],
							"tagSetSourceFile": ""
						},
						"pilotExcludedTagSet": {
							"items": [],
							"tagSetSourceFile": "Tags/PilotTags"
						},
						"selectedUnitType": "UNDEFINED",
						"selectedUnitDefId": null,
						"selectedPilotDefId": null
					},
					{
						"unitSpawnPoint": {
							"EncounterObjectGuid": "dc3b4198-9fb2-414f-b8ba-b398e00901c7"
						},
						"customUnitName": "",
						"customHeraldryDefId": "",
						"unitType": "Mech",
						"unitDefId": "mechdef_commando_COM-2D",
						"unitTagSet": {
							"items": [
								"unit_light"
							],
							"tagSetSourceFile": "Tags/UnitTags"
						},
						"unitExcludedTagSet": {
							"items": [
								"unit_urbie",
								"unit_vehicle"
							],
							"tagSetSourceFile": "Tags/UnitTags"
						},
						"spawnEffectTags": {
							"items": [],
							"tagSetSourceFile": "Tags/SpawnEffectTags"
						},
						"pilotDefId": "pilot_d6_gunner",
						"pilotTagSet": {
							"items": [],
							"tagSetSourceFile": ""
						},
						"pilotExcludedTagSet": {
							"items": [],
							"tagSetSourceFile": "Tags/PilotTags"
						},
						"selectedUnitType": "UNDEFINED",
						"selectedUnitDefId": null,
						"selectedPilotDefId": null
					}
				]
			},
			{
				"lanceSpawner": {
					"EncounterObjectGuid": "8e695f29-7216-4a44-ad38-d95e803c9ed9"
				},
				"name": "AlphaVanguardLance",
				"lanceDefId": "Manual",
				"lanceTagSet": {
					"items": [],
					"tagSetSourceFile": "Tags/LanceTags"
				},
				"lanceExcludedTagSet": {
					"items": [],
					"tagSetSourceFile": "Tags/LanceTags"
				},
				"spawnEffectTags": {
					"items": [
						"spawn_poorly_maintained_25"
					],
					"tagSetSourceFile": "Tags/SpawnEffectTags"
				},
				"lanceDifficultyAdjustment": 0,
				"selectedLanceDefId": null,
				"selectedLanceDifficulty": 0,
				"unitSpawnPointOverrideList": [
					{
						"unitSpawnPoint": {
							"EncounterObjectGuid": "17eedcd8-0592-424e-9a3f-c6e17aecf8e1"
						},
						"customUnitName": "",
						"customHeraldryDefId": "",
						"unitType": "Mech",
						"unitDefId": "mechdef_locust_LCT-1S",
						"unitTagSet": {
							"items": [
								"unit_jumpOK",
								"unit_light",
								"unit_mech"
							],
							"tagSetSourceFile": "Tags/UnitTags"
						},
						"unitExcludedTagSet": {
							"items": [
								"unit_urbie"
							],
							"tagSetSourceFile": "Tags/UnitTags"
						},
						"spawnEffectTags": {
							"items": [],
							"tagSetSourceFile": "Tags/SpawnEffectTags"
						},
						"pilotDefId": "pilot_d6_pilot",
						"pilotTagSet": {
							"items": [],
							"tagSetSourceFile": ""
						},
						"pilotExcludedTagSet": {
							"items": [],
							"tagSetSourceFile": "Tags/PilotTags"
						},
						"selectedUnitType": "UNDEFINED",
						"selectedUnitDefId": null,
						"selectedPilotDefId": null
					},
					{
						"unitSpawnPoint": {
							"EncounterObjectGuid": "9a198418-557a-4786-b777-3cc954d7e47f"
						},
						"customUnitName": "",
						"customHeraldryDefId": "",
						"unitType": "Mech",
						"unitDefId": "mechdef_panther_PNT-9R",
						"unitTagSet": {
							"items": [
								"unit_jumpOK",
								"unit_light",
								"unit_mech"
							],
							"tagSetSourceFile": "Tags/UnitTags"
						},
						"unitExcludedTagSet": {
							"items": [
								"unit_urbie"
							],
							"tagSetSourceFile": "Tags/UnitTags"
						},
						"spawnEffectTags": {
							"items": [],
							"tagSetSourceFile": "Tags/SpawnEffectTags"
						},
						"pilotDefId": "pilot_d6_gunner",
						"pilotTagSet": {
							"items": [],
							"tagSetSourceFile": "Tags/EncounterTags"
						},
						"pilotExcludedTagSet": {
							"items": [],
							"tagSetSourceFile": "Tags/PilotTags"
						},
						"selectedUnitType": "UNDEFINED",
						"selectedUnitDefId": null,
						"selectedPilotDefId": null
					},
					{
						"unitSpawnPoint": {
							"EncounterObjectGuid": "1fa56307-90d9-45a5-afe1-f34d850afd3b"
						},
						"customUnitName": "",
						"customHeraldryDefId": "",
						"unitType": "Mech",
						"unitDefId": "mechdef_spider_SDR-5V",
						"unitTagSet": {
							"items": [
								"unit_lance_assassin",
								"unit_mech"
							],
							"tagSetSourceFile": "Tags/UnitTags"
						},
						"unitExcludedTagSet": {
							"items": [
								"unit_urbie"
							],
							"tagSetSourceFile": "Tags/UnitTags"
						},
						"spawnEffectTags": {
							"items": [],
							"tagSetSourceFile": "Tags/SpawnEffectTags"
						},
						"pilotDefId": "pilot_d6_tactician",
						"pilotTagSet": {
							"items": [],
							"tagSetSourceFile": ""
						},
						"pilotExcludedTagSet": {
							"items": [],
							"tagSetSourceFile": "Tags/PilotTags"
						},
						"selectedUnitType": "UNDEFINED",
						"selectedUnitDefId": null,
						"selectedPilotDefId": null
					},
					{
						"unitSpawnPoint": {
							"EncounterObjectGuid": "11878204-13ad-4aa9-90d1-79be2dd0ff13"
						},
						"customUnitName": "",
						"customHeraldryDefId": "",
						"unitType": "Mech",
						"unitDefId": "mechdef_commando_COM-1B",
						"unitTagSet": {
							"items": [
								"unit_jumpOK",
								"unit_mech",
								"unit_medium"
							],
							"tagSetSourceFile": "Tags/UnitTags"
						},
						"unitExcludedTagSet": {
							"items": [
								"unit_urbie"
							],
							"tagSetSourceFile": "Tags/UnitTags"
						},
						"spawnEffectTags": {
							"items": [],
							"tagSetSourceFile": "Tags/SpawnEffectTags"
						},
						"pilotDefId": "pilot_d6_defender",
						"pilotTagSet": {
							"items": [],
							"tagSetSourceFile": ""
						},
						"pilotExcludedTagSet": {
							"items": [],
							"tagSetSourceFile": "Tags/PilotTags"
						},
						"selectedUnitType": "UNDEFINED",
						"selectedUnitDefId": null,
						"selectedPilotDefId": null
					}
				]
			},
			{
				"lanceSpawner": {
					"EncounterObjectGuid": "991832d2-f742-47a1-9aec-7e9a5e106a26"
				},
				"name": "BravoVanguardLance",
				"lanceDefId": "Manual",
				"lanceTagSet": {
					"items": [],
					"tagSetSourceFile": "Tags/LanceTags"
				},
				"lanceExcludedTagSet": {
					"items": [],
					"tagSetSourceFile": "Tags/LanceTags"
				},
				"spawnEffectTags": {
					"items": [
						"spawn_poorly_maintained_25"
					],
					"tagSetSourceFile": "Tags/SpawnEffectTags"
				},
				"lanceDifficultyAdjustment": 0,
				"selectedLanceDefId": null,
				"selectedLanceDifficulty": 0,
				"unitSpawnPointOverrideList": [
					{
						"unitSpawnPoint": {
							"EncounterObjectGuid": "17349989-57a5-4f75-a3cd-62baae56803a"
						},
						"customUnitName": "",
						"customHeraldryDefId": "",
						"unitType": "Mech",
						"unitDefId": "mechdef_locust_LCT-1M",
						"unitTagSet": {
							"items": [
								"unit_jumpOK",
								"unit_light",
								"unit_mech"
							],
							"tagSetSourceFile": "Tags/UnitTags"
						},
						"unitExcludedTagSet": {
							"items": [
								"unit_urbie"
							],
							"tagSetSourceFile": "Tags/UnitTags"
						},
						"spawnEffectTags": {
							"items": [],
							"tagSetSourceFile": "Tags/SpawnEffectTags"
						},
						"pilotDefId": "pilot_d6_pilot",
						"pilotTagSet": {
							"items": [],
							"tagSetSourceFile": ""
						},
						"pilotExcludedTagSet": {
							"items": [],
							"tagSetSourceFile": "Tags/PilotTags"
						},
						"selectedUnitType": "UNDEFINED",
						"selectedUnitDefId": null,
						"selectedPilotDefId": null
					},
					{
						"unitSpawnPoint": {
							"EncounterObjectGuid": "3ac1b565-1a1c-4938-8a06-c609c9a44854"
						},
						"customUnitName": "",
						"customHeraldryDefId": "",
						"unitType": "Mech",
						"unitDefId": "mechdef_jenner_JR7-D",
						"unitTagSet": {
							"items": [
								"unit_jumpOK",
								"unit_light",
								"unit_mech"
							],
							"tagSetSourceFile": "Tags/UnitTags"
						},
						"unitExcludedTagSet": {
							"items": [
								"unit_urbie"
							],
							"tagSetSourceFile": "Tags/UnitTags"
						},
						"spawnEffectTags": {
							"items": [],
							"tagSetSourceFile": "Tags/SpawnEffectTags"
						},
						"pilotDefId": "pilot_d6_defender",
						"pilotTagSet": {
							"items": [],
							"tagSetSourceFile": ""
						},
						"pilotExcludedTagSet": {
							"items": [],
							"tagSetSourceFile": "Tags/PilotTags"
						},
						"selectedUnitType": "UNDEFINED",
						"selectedUnitDefId": null,
						"selectedPilotDefId": null
					},
					{
						"unitSpawnPoint": {
							"EncounterObjectGuid": "626ceec7-54af-4614-93db-8ad230d7d8d1"
						},
						"customUnitName": "",
						"customHeraldryDefId": "",
						"unitType": "Mech",
						"unitDefId": "mechdef_spider_SDR-5V",
						"unitTagSet": {
							"items": [
								"unit_lance_assassin",
								"unit_mech"
							],
							"tagSetSourceFile": "Tags/UnitTags"
						},
						"unitExcludedTagSet": {
							"items": [
								"unit_urbie"
							],
							"tagSetSourceFile": "Tags/UnitTags"
						},
						"spawnEffectTags": {
							"items": [],
							"tagSetSourceFile": "Tags/SpawnEffectTags"
						},
						"pilotDefId": "pilot_d6_tactician",
						"pilotTagSet": {
							"items": [],
							"tagSetSourceFile": ""
						},
						"pilotExcludedTagSet": {
							"items": [],
							"tagSetSourceFile": "Tags/PilotTags"
						},
						"selectedUnitType": "UNDEFINED",
						"selectedUnitDefId": null,
						"selectedPilotDefId": null
					},
					{
						"unitSpawnPoint": {
							"EncounterObjectGuid": "2290f95c-8a5e-4ee7-8e1f-14f85a68f03b"
						},
						"customUnitName": "",
						"customHeraldryDefId": "",
						"unitType": "Mech",
						"unitDefId": "mechdef_firestarter_FS9-H",
						"unitTagSet": {
							"items": [
								"unit_jumpOK",
								"unit_mech",
								"unit_medium"
							],
							"tagSetSourceFile": "Tags/UnitTags"
						},
						"unitExcludedTagSet": {
							"items": [
								"unit_urbie"
							],
							"tagSetSourceFile": "Tags/UnitTags"
						},
						"spawnEffectTags": {
							"items": [],
							"tagSetSourceFile": "Tags/SpawnEffectTags"
						},
						"pilotDefId": "pilot_d6_tactician",
						"pilotTagSet": {
							"items": [],
							"tagSetSourceFile": ""
						},
						"pilotExcludedTagSet": {
							"items": [],
							"tagSetSourceFile": "Tags/PilotTags"
						},
						"selectedUnitType": "UNDEFINED",
						"selectedUnitDefId": null,
						"selectedPilotDefId": null
					}
				]
			},
			{
				"lanceSpawner": {
					"EncounterObjectGuid": "e3d246a6-a94a-4060-b5ee-f6227e1b0bbc"
				},
				"name": "MainEnemyForceSpawner",
				"lanceDefId": "Manual",
				"lanceTagSet": {
					"items": [],
					"tagSetSourceFile": "Tags/LanceTags"
				},
				"lanceExcludedTagSet": {
					"items": [],
					"tagSetSourceFile": "Tags/LanceTags"
				},
				"spawnEffectTags": {
					"items": [
						"spawn_poorly_maintained_25"
					],
					"tagSetSourceFile": "Tags/SpawnEffectTags"
				},
				"lanceDifficultyAdjustment": 0,
				"selectedLanceDefId": null,
				"selectedLanceDifficulty": 0,
				"unitSpawnPointOverrideList": [
					{
						"unitSpawnPoint": {
							"EncounterObjectGuid": "243a6537-578d-4e6d-902f-204a84f69587"
						},
						"customUnitName": "",
						"customHeraldryDefId": "",
						"unitType": "Mech",
						"unitDefId": "mechdef_hunchback_HBK-4G",
						"unitTagSet": {
							"items": [
								"unit_indirectFire",
								"unit_jumpOK",
								"unit_mech",
								"unit_medium"
							],
							"tagSetSourceFile": "Tags/UnitTags"
						},
						"unitExcludedTagSet": {
							"items": [],
							"tagSetSourceFile": "Tags/UnitTags"
						},
						"spawnEffectTags": {
							"items": [],
							"tagSetSourceFile": "Tags/SpawnEffectTags"
						},
						"pilotDefId": "pilot_d6_gunner",
						"pilotTagSet": {
							"items": [],
							"tagSetSourceFile": ""
						},
						"pilotExcludedTagSet": {
							"items": [],
							"tagSetSourceFile": "Tags/PilotTags"
						},
						"selectedUnitType": "UNDEFINED",
						"selectedUnitDefId": null,
						"selectedPilotDefId": null
					},
					{
						"unitSpawnPoint": {
							"EncounterObjectGuid": "483d9fd7-2e50-43c8-8a70-616383e7db1f"
						},
						"customUnitName": "",
						"customHeraldryDefId": "",
						"unitType": "Mech",
						"unitDefId": "mechdef_enforcer_ENF-4R",
						"unitTagSet": {
							"items": [
								"unit_jumpOK",
								"unit_mech",
								"unit_medium"
							],
							"tagSetSourceFile": "Tags/UnitTags"
						},
						"unitExcludedTagSet": {
							"items": [],
							"tagSetSourceFile": "Tags/UnitTags"
						},
						"spawnEffectTags": {
							"items": [],
							"tagSetSourceFile": "Tags/SpawnEffectTags"
						},
						"pilotDefId": "pilot_d6_gunner",
						"pilotTagSet": {
							"items": [],
							"tagSetSourceFile": ""
						},
						"pilotExcludedTagSet": {
							"items": [],
							"tagSetSourceFile": "Tags/PilotTags"
						},
						"selectedUnitType": "UNDEFINED",
						"selectedUnitDefId": null,
						"selectedPilotDefId": null
					},
					{
						"unitSpawnPoint": {
							"EncounterObjectGuid": "5cb78079-43cf-405c-a7ac-56b35cfc0b81"
						},
						"customUnitName": "",
						"customHeraldryDefId": "",
						"unitType": "Mech",
						"unitDefId": "mechdef_quickdraw_QKD-4G",
						"unitTagSet": {
							"items": [
								"unit_mech"
							],
							"tagSetSourceFile": "Tags/UnitTags"
						},
						"unitExcludedTagSet": {
							"items": [],
							"tagSetSourceFile": "Tags/UnitTags"
						},
						"spawnEffectTags": {
							"items": [],
							"tagSetSourceFile": "Tags/SpawnEffectTags"
						},
						"pilotDefId": "pilot_d6_pilot",
						"pilotTagSet": {
							"items": [],
							"tagSetSourceFile": ""
						},
						"pilotExcludedTagSet": {
							"items": [],
							"tagSetSourceFile": "Tags/PilotTags"
						},
						"selectedUnitType": "UNDEFINED",
						"selectedUnitDefId": null,
						"selectedPilotDefId": null
					},
					{
						"unitSpawnPoint": {
							"EncounterObjectGuid": "4b8132f0-bc82-4c53-bc9c-e3ebaba4fce5"
						},
						"customUnitName": "",
						"customHeraldryDefId": "",
						"unitType": "Mech",
						"unitDefId": "mechdef_centurion_CN9-A",
						"unitTagSet": {
							"items": [
								"unit_heavy",
								"unit_jumpOK",
								"unit_mech"
							],
							"tagSetSourceFile": "Tags/UnitTags"
						},
						"unitExcludedTagSet": {
							"items": [],
							"tagSetSourceFile": "Tags/UnitTags"
						},
						"spawnEffectTags": {
							"items": [],
							"tagSetSourceFile": "Tags/SpawnEffectTags"
						},
						"pilotDefId": "pilot_d6_tactician",
						"pilotTagSet": {
							"items": [],
							"tagSetSourceFile": ""
						},
						"pilotExcludedTagSet": {
							"items": [],
							"tagSetSourceFile": "Tags/PilotTags"
						},
						"selectedUnitType": "UNDEFINED",
						"selectedUnitDefId": null,
						"selectedPilotDefId": null
					}
				]
			},
			{
				"lanceSpawner": {
					"EncounterObjectGuid": "4b66313c-0e22-4e4c-9e0f-3ee43290f737"
				},
				"name": "AlphaMainLanceSpawner",
				"lanceDefId": "Manual",
				"lanceTagSet": {
					"items": [],
					"tagSetSourceFile": "Tags/LanceTags"
				},
				"lanceExcludedTagSet": {
					"items": [],
					"tagSetSourceFile": "Tags/LanceTags"
				},
				"spawnEffectTags": {
					"items": [
						"spawn_poorly_maintained_50"
					],
					"tagSetSourceFile": "Tags/SpawnEffectTags"
				},
				"lanceDifficultyAdjustment": 0,
				"selectedLanceDefId": null,
				"selectedLanceDifficulty": 0,
				"unitSpawnPointOverrideList": [
					{
						"unitSpawnPoint": {
							"EncounterObjectGuid": "bc4ceab0-a4f9-4692-ba21-d9f0b49daac4"
						},
						"customUnitName": "",
						"customHeraldryDefId": "",
						"unitType": "Mech",
						"unitDefId": "mechdef_shadowhawk_SHD-2H",
						"unitTagSet": {
							"items": [
								"unit_indirectFire",
								"unit_jumpOK",
								"unit_light",
								"unit_mech"
							],
							"tagSetSourceFile": "Tags/UnitTags"
						},
						"unitExcludedTagSet": {
							"items": [
								"unit_urbie",
								"unit_vehicle"
							],
							"tagSetSourceFile": "Tags/UnitTags"
						},
						"spawnEffectTags": {
							"items": [],
							"tagSetSourceFile": "Tags/SpawnEffectTags"
						},
						"pilotDefId": "pilot_d6_gunner",
						"pilotTagSet": {
							"items": [],
							"tagSetSourceFile": ""
						},
						"pilotExcludedTagSet": {
							"items": [],
							"tagSetSourceFile": "Tags/PilotTags"
						},
						"selectedUnitType": "UNDEFINED",
						"selectedUnitDefId": null,
						"selectedPilotDefId": null
					},
					{
						"unitSpawnPoint": {
							"EncounterObjectGuid": "7ac04a00-86db-4309-8f91-ffce309c1120"
						},
						"customUnitName": "",
						"customHeraldryDefId": "",
						"unitType": "Mech",
						"unitDefId": "mechdef_cicada_CDA-3C",
						"unitTagSet": {
							"items": [
								"unit_jumpOK",
								"unit_light",
								"unit_mech"
							],
							"tagSetSourceFile": "Tags/UnitTags"
						},
						"unitExcludedTagSet": {
							"items": [
								"unit_urbie",
								"unit_vehicle"
							],
							"tagSetSourceFile": "Tags/UnitTags"
						},
						"spawnEffectTags": {
							"items": [],
							"tagSetSourceFile": "Tags/SpawnEffectTags"
						},
						"pilotDefId": "pilot_d6_gunner",
						"pilotTagSet": {
							"items": [],
							"tagSetSourceFile": ""
						},
						"pilotExcludedTagSet": {
							"items": [],
							"tagSetSourceFile": "Tags/PilotTags"
						},
						"selectedUnitType": "UNDEFINED",
						"selectedUnitDefId": null,
						"selectedPilotDefId": null
					},
					{
						"unitSpawnPoint": {
							"EncounterObjectGuid": "ba6549b7-ee4b-4002-aff8-357d202e663c"
						},
						"customUnitName": "",
						"customHeraldryDefId": "",
						"unitType": "Mech",
						"unitDefId": "mechdef_jenner_JR7-D",
						"unitTagSet": {
							"items": [
								"unit_mech",
								"unit_medium"
							],
							"tagSetSourceFile": "Tags/UnitTags"
						},
						"unitExcludedTagSet": {
							"items": [
								"unit_urbie",
								"unit_vehicle"
							],
							"tagSetSourceFile": "Tags/UnitTags"
						},
						"spawnEffectTags": {
							"items": [],
							"tagSetSourceFile": "Tags/SpawnEffectTags"
						},
						"pilotDefId": "pilot_d6_pilot",
						"pilotTagSet": {
							"items": [],
							"tagSetSourceFile": ""
						},
						"pilotExcludedTagSet": {
							"items": [],
							"tagSetSourceFile": "Tags/PilotTags"
						},
						"selectedUnitType": "UNDEFINED",
						"selectedUnitDefId": null,
						"selectedPilotDefId": null
					},
					{
						"unitSpawnPoint": {
							"EncounterObjectGuid": "0a5ecdc0-b899-4cc9-911e-8d2558dfb4fd"
						},
						"customUnitName": "",
						"customHeraldryDefId": "",
						"unitType": "Mech",
						"unitDefId": "mechdef_firestarter_FS9-H",
						"unitTagSet": {
							"items": [
								"unit_heavy",
								"unit_jumpOK",
								"unit_mech"
							],
							"tagSetSourceFile": "Tags/UnitTags"
						},
						"unitExcludedTagSet": {
							"items": [
								"unit_urbie",
								"unit_vehicle"
							],
							"tagSetSourceFile": "Tags/UnitTags"
						},
						"spawnEffectTags": {
							"items": [],
							"tagSetSourceFile": "Tags/SpawnEffectTags"
						},
						"pilotDefId": "pilot_d6_tactician",
						"pilotTagSet": {
							"items": [],
							"tagSetSourceFile": ""
						},
						"pilotExcludedTagSet": {
							"items": [],
							"tagSetSourceFile": "Tags/PilotTags"
						},
						"selectedUnitType": "UNDEFINED",
						"selectedUnitDefId": null,
						"selectedPilotDefId": null
					}
				]
			},
			{
				"lanceSpawner": {
					"EncounterObjectGuid": "cbe52e61-a683-45ed-b97c-1ed6959bca28"
				},
				"name": "BravoMainLanceSpawner",
				"lanceDefId": "Manual",
				"lanceTagSet": {
					"items": [],
					"tagSetSourceFile": "Tags/LanceTags"
				},
				"lanceExcludedTagSet": {
					"items": [],
					"tagSetSourceFile": "Tags/LanceTags"
				},
				"spawnEffectTags": {
					"items": [
						"spawn_poorly_maintained_50"
					],
					"tagSetSourceFile": "Tags/SpawnEffectTags"
				},
				"lanceDifficultyAdjustment": 0,
				"selectedLanceDefId": null,
				"selectedLanceDifficulty": 0,
				"unitSpawnPointOverrideList": [
					{
						"unitSpawnPoint": {
							"EncounterObjectGuid": "702a5848-2e23-4a6f-9a9d-6e1f01d25d79"
						},
						"customUnitName": "",
						"customHeraldryDefId": "",
						"unitType": "Mech",
						"unitDefId": "mechdef_dragon_DRG-1N",
						"unitTagSet": {
							"items": [
								"unit_jumpOK",
								"unit_light",
								"unit_mech",
								"unit_medium"
							],
							"tagSetSourceFile": "Tags/UnitTags"
						},
						"unitExcludedTagSet": {
							"items": [
								"unit_urbie",
								"unit_vehicle"
							],
							"tagSetSourceFile": "Tags/UnitTags"
						},
						"spawnEffectTags": {
							"items": [],
							"tagSetSourceFile": "Tags/SpawnEffectTags"
						},
						"pilotDefId": "pilot_d6_defender",
						"pilotTagSet": {
							"items": [],
							"tagSetSourceFile": ""
						},
						"pilotExcludedTagSet": {
							"items": [],
							"tagSetSourceFile": "Tags/PilotTags"
						},
						"selectedUnitType": "UNDEFINED",
						"selectedUnitDefId": null,
						"selectedPilotDefId": null
					},
					{
						"unitSpawnPoint": {
							"EncounterObjectGuid": "aad36001-1257-4ae0-b180-ec8351367cb0"
						},
						"customUnitName": "",
						"customHeraldryDefId": "",
						"unitType": "Mech",
						"unitDefId": "mechdef_jenner_JR7-D",
						"unitTagSet": {
							"items": [
								"unit_light",
								"unit_mech"
							],
							"tagSetSourceFile": "Tags/UnitTags"
						},
						"unitExcludedTagSet": {
							"items": [
								"unit_urbie",
								"unit_vehicle"
							],
							"tagSetSourceFile": "Tags/UnitTags"
						},
						"spawnEffectTags": {
							"items": [],
							"tagSetSourceFile": "Tags/SpawnEffectTags"
						},
						"pilotDefId": "pilot_d6_pilot",
						"pilotTagSet": {
							"items": [],
							"tagSetSourceFile": ""
						},
						"pilotExcludedTagSet": {
							"items": [],
							"tagSetSourceFile": "Tags/PilotTags"
						},
						"selectedUnitType": "UNDEFINED",
						"selectedUnitDefId": null,
						"selectedPilotDefId": null
					},
					{
						"unitSpawnPoint": {
							"EncounterObjectGuid": "1dee919f-4684-4077-8f09-d6a9c68b3b71"
						},
						"customUnitName": "",
						"customHeraldryDefId": "",
						"unitType": "Mech",
						"unitDefId": "mechdef_griffin_GRF-2N",
						"unitTagSet": {
							"items": [
								"unit_light",
								"unit_mech"
							],
							"tagSetSourceFile": "Tags/UnitTags"
						},
						"unitExcludedTagSet": {
							"items": [
								"unit_urbie",
								"unit_vehicle"
							],
							"tagSetSourceFile": "Tags/UnitTags"
						},
						"spawnEffectTags": {
							"items": [],
							"tagSetSourceFile": "Tags/SpawnEffectTags"
						},
						"pilotDefId": "pilot_d6_defender",
						"pilotTagSet": {
							"items": [],
							"tagSetSourceFile": ""
						},
						"pilotExcludedTagSet": {
							"items": [],
							"tagSetSourceFile": "Tags/PilotTags"
						},
						"selectedUnitType": "UNDEFINED",
						"selectedUnitDefId": null,
						"selectedPilotDefId": null
					},
					{
						"unitSpawnPoint": {
							"EncounterObjectGuid": "428a68cd-4eb0-4678-8b28-2f7c798fc093"
						},
						"customUnitName": "",
						"customHeraldryDefId": "",
						"unitType": "Mech",
						"unitDefId": "mechdef_commando_COM-2D",
						"unitTagSet": {
							"items": [
								"unit_heavy",
								"unit_jumpOK",
								"unit_mech"
							],
							"tagSetSourceFile": "Tags/UnitTags"
						},
						"unitExcludedTagSet": {
							"items": [
								"unit_urbie",
								"unit_vehicle"
							],
							"tagSetSourceFile": "Tags/UnitTags"
						},
						"spawnEffectTags": {
							"items": [],
							"tagSetSourceFile": "Tags/SpawnEffectTags"
						},
						"pilotDefId": "pilot_d6_gunner",
						"pilotTagSet": {
							"items": [],
							"tagSetSourceFile": ""
						},
						"pilotExcludedTagSet": {
							"items": [],
							"tagSetSourceFile": "Tags/PilotTags"
						},
						"selectedUnitType": "UNDEFINED",
						"selectedUnitDefId": null,
						"selectedPilotDefId": null
					}
				]
			}
		]
	},
	"targetsAllyTeam": {
		"encounterLayerData": {
			"EncounterObjectGuid": "9659a6cf-0324-4d25-ae02-85662c401f50"
		},
		"teamGuid": "31151ed6-cfc2-467e-98c4-9ae5bea784cf",
		"teamName": "Target's Ally",
		"faction": "INVALID_UNSET",
		"teamLeaderCastDefId": "castDef_TeamLeader_Current",
		"lanceOverrideList": []
	},
	"neutralToAllTeam": {
		"encounterLayerData": {
			"EncounterObjectGuid": "9659a6cf-0324-4d25-ae02-85662c401f50"
		},
		"teamGuid": "61612bb3-abf9-4586-952a-0559fa9dcd75",
		"teamName": "Neutral to All",
		"faction": "INVALID_UNSET",
		"teamLeaderCastDefId": "castDef_TeamLeader_Current",
		"lanceOverrideList": []
	},
	"hostileToAllTeam": {
		"encounterLayerData": {
			"EncounterObjectGuid": "9659a6cf-0324-4d25-ae02-85662c401f50"
		},
		"teamGuid": "3c9f3a20-ab03-4bcb-8ab6-b1ef0442bbf0",
		"teamName": "Hostile to All",
		"faction": "INVALID_UNSET",
		"teamLeaderCastDefId": "castDef_TeamLeader_Current",
		"lanceOverrideList": []
	}
}