{
	"ID": "StoryTime_6d_PanzyrDefense_Default",
	"contractName": "Defense: Panzyr",
	"contractDisplayStyle": "HeavyMetalFlashpointCampaign",
	"difficulty": 6,
	"difficultyUIModifier": 0,
	"weight": 1,
	"scope": "STANDARD",
	"finalDifficulty": 0,
	"shortDescription": "Under Ostergaard's orders, the Taurians are attacking our famine relief effort on Panzyr. If they succeed, mass starvation will follow. They're trying to bait me into redirecting the main army and taking the field myself... but I can't let them do that. If our people are to survive, you will have to save them.",
	"longDescription": "We had to deal with hunger back home, on Nassau Heights. Stealing food from starving people is low, even for a monster like Ostergaard.",
	"salvagePotential": 30,
	"requirementList": [],
	"OnContractSuccessResults": [],
	"OnContractFailureResults": [],
	"contractType": "Panzyr_Defense",
	"encounterPlayStyle": "SinglePlayer",
	"maxNumberOfPlayerUnits": 4,
	"mapMood": "RestorationPanzyrDefense",
	"startingFogOfWarVisibility": "Surveyed",
	"contractObjectiveList": [
		{
			"contractObjective": {
				"EncounterObjectGuid": "8d7e4513-f6c4-4914-a08f-d7baa89672be"
			},
			"title": "Protect the spaceport's command center from the Taurian advance",
			"description": "",
			"isPrimary": true,
			"forPlayer": "Player1",
			"objectiveGuids": [
				"801587cf-778b-47c6-b7b6-d2f4dc70b5be",
				"c4a7c4b9-dbc0-455b-9aa6-4024dc095c08",
				"abf95440-6e3c-47fa-b864-c118b8028f94",
				"173e7f2f-8bbd-4f82-97b3-e2d3aebb8b1a"
			]
		},
		{
			"contractObjective": {
				"EncounterObjectGuid": "b93676c6-3c27-472f-839a-ba960660f1a6"
			},
			"title": "Prevent the Taurians from seizing Restoration DropShips",
			"description": "",
			"isPrimary": true,
			"forPlayer": "Player1",
			"objectiveGuids": []
		}
	],
	"objectiveList": [
		{
			"objective": {
				"EncounterObjectGuid": "7ad4a323-fb09-4076-b7b9-aa20f47b1fca"
			},
			"title": "Hidden Truck Timer",
			"description": "",
			"isPrimary": false,
			"OnSuccessResults": [],
			"OnFailureResults": []
		},
		{
			"objective": {
				"EncounterObjectGuid": "66d6dba6-406e-4080-a666-30cdd7ea9216"
			},
			"title": "Hidden Wave 3 Timer",
			"description": "",
			"isPrimary": false,
			"OnSuccessResults": [],
			"OnFailureResults": []
		},
		{
			"objective": {
				"EncounterObjectGuid": "d798a431-d158-4250-b5cb-71132d878560"
			},
			"title": "Hidden Wave 4 Timer",
			"description": "",
			"isPrimary": false,
			"OnSuccessResults": [],
			"OnFailureResults": []
		},
		{
			"objective": {
				"EncounterObjectGuid": "53afbc04-3c5d-43d2-b6b9-a686aec4892c"
			},
			"title": "Hidden Heavy Timer",
			"description": "",
			"isPrimary": false,
			"OnSuccessResults": [],
			"OnFailureResults": []
		},
		{
			"objective": {
				"EncounterObjectGuid": "abf95440-6e3c-47fa-b864-c118b8028f94"
			},
			"title": "Destroy All Attackers",
			"description": "",
			"isPrimary": true,
			"OnSuccessResults": [],
			"OnFailureResults": []
		},
		{
			"objective": {
				"EncounterObjectGuid": "801587cf-778b-47c6-b7b6-d2f4dc70b5be"
			},
			"title": "Prevent Commando APCs from Reaching the Command Center",
			"description": "",
			"isPrimary": true,
			"OnSuccessResults": [
				{
					"Scope": "Company",
					"Requirements": {
						"Scope": "Company",
						"RequirementTags": {
							"items": [],
							"tagSetSourceFile": ""
						},
						"ExclusionTags": {
							"items": [],
							"tagSetSourceFile": ""
						},
						"RequirementComparisons": []
					},
					"AddedTags": {
						"items": [],
						"tagSetSourceFile": ""
					},
					"RemovedTags": {
						"items": [],
						"tagSetSourceFile": ""
					},
					"Stats": [
						{
							"typeString": "System.Single",
							"name": "ContractBonusRewardPct",
							"value": "0.4",
							"set": false,
							"valueConstant": ""
						}
					],
					"Actions": [],
					"ForceEvents": [],
					"TemporaryResult": false,
					"ResultDuration": 0
				}
			],
			"OnFailureResults": []
		},
		{
			"objective": {
				"EncounterObjectGuid": "173e7f2f-8bbd-4f82-97b3-e2d3aebb8b1a"
			},
			"title": "Stop the APC from Reaching the Barracks",
			"description": "",
			"isPrimary": false,
			"OnSuccessResults": [
				{
					"Scope": "Company",
					"Requirements": {
						"Scope": "Company",
						"RequirementTags": {
							"items": [],
							"tagSetSourceFile": ""
						},
						"ExclusionTags": {
							"items": [],
							"tagSetSourceFile": ""
						},
						"RequirementComparisons": []
					},
					"AddedTags": {
						"items": [],
						"tagSetSourceFile": ""
					},
					"RemovedTags": {
						"items": [],
						"tagSetSourceFile": ""
					},
					"Stats": [
						{
							"typeString": "System.Single",
							"name": "ContractBonusRewardPct",
							"value": "0.25",
							"set": false,
							"valueConstant": "valueConstant"
						}
					],
					"Actions": [],
					"ForceEvents": [],
					"TemporaryResult": false,
					"ResultDuration": 0
				}
			],
			"OnFailureResults": []
		},
		{
			"objective": {
				"EncounterObjectGuid": "c4a7c4b9-dbc0-455b-9aa6-4024dc095c08"
			},
			"title": "Eliminate all APCs to Bring the Turrets Back Online",
			"description": "",
			"isPrimary": true,
			"OnSuccessResults": [],
			"OnFailureResults": []
		}
	],
	"buildingList": [],
	"chunkList": [],
	"cameraFocusHelperList": [
		{
			"name": "PlayerLanceSpawner",
			"encounterObject": {
				"EncounterObjectGuid": "76b654a6-4f2c-4a6f-86e6-d4cf868335fe"
			}
		},
		{
			"name": "Capture Lance APC's 1",
			"encounterObject": {
				"EncounterObjectGuid": "b224c903-a3a7-4611-bb8c-d672d55bbc61"
			}
		},
		{
			"name": "Capture Lance APC's 2",
			"encounterObject": {
				"EncounterObjectGuid": "a2256f4f-1396-4c9b-bdfb-eaef9971ffe5"
			}
		},
		{
			"name": "Side 1 Guards",
			"encounterObject": {
				"EncounterObjectGuid": "e0ffcdfe-cdd6-4728-a735-642dc35272af"
			}
		},
		{
			"name": "Side 2 Guards",
			"encounterObject": {
				"EncounterObjectGuid": "d806740b-ecf7-457c-9b32-7be43ab3b94f"
			}
		},
		{
			"name": "Turrets Alpha",
			"encounterObject": {
				"EncounterObjectGuid": "0e0cd0b5-3778-448a-bf76-aa5107e23265"
			}
		},
		{
			"name": "Turrets Charlie",
			"encounterObject": {
				"EncounterObjectGuid": "e5afb78f-761c-4298-9911-63f93e4f4e1d"
			}
		},
		{
			"name": "Turrets Bravo",
			"encounterObject": {
				"EncounterObjectGuid": "9a69d22a-ddd6-4133-8a94-8736d4357703"
			}
		},
		{
			"name": "Turrets Delta",
			"encounterObject": {
				"EncounterObjectGuid": "40ea1aca-c203-4703-aa56-b08d1de1f8f9"
			}
		},
		{
			"name": "Turrets Friendly",
			"encounterObject": {
				"EncounterObjectGuid": "7ca97476-0313-486c-9b14-183617460e02"
			}
		},
		{
			"name": "Command Truck Spawner",
			"encounterObject": {
				"EncounterObjectGuid": "24ba3f84-1075-4c45-b7f3-0a7fc98d46b1"
			}
		},
		{
			"name": "Capture Lance APC's Wave 3",
			"encounterObject": {
				"EncounterObjectGuid": "3d7a4b68-77c5-4149-9926-7cca520a8ec1"
			}
		},
		{
			"name": "Capture Lance APC's Wave 4",
			"encounterObject": {
				"EncounterObjectGuid": "5d70500a-763f-4153-a9f5-58045b55cfcd"
			}
		},
		{
			"name": "Region_GoTo_Command_Base_Def",
			"encounterObject": {
				"EncounterObjectGuid": "22e79f1f-2dc8-4e79-ab4c-2080aa6bc40d"
			}
		},
		{
			"name": "Region_GoTo_TurretBarracks_Defense",
			"encounterObject": {
				"EncounterObjectGuid": "5d952826-7df7-4092-a34b-f103f50cfc9f"
			}
		},
		{
			"name": "Proximity Alert Region Command Center",
			"encounterObject": {
				"EncounterObjectGuid": "db5c9b21-359d-4db9-9ebe-ab55f3c7a2ca"
			}
		},
		{
			"name": "Proximity Alert Region Barracks",
			"encounterObject": {
				"EncounterObjectGuid": "b235072f-6acd-4a95-8127-045c9bf0f5fa"
			}
		},
		{
			"name": "Data Centre Cam Target",
			"encounterObject": {
				"EncounterObjectGuid": "48f98316-2cc7-4fb9-ae5c-5cfc309d96cc"
			}
		},
		{
			"name": "Heavy Cam Target",
			"encounterObject": {
				"EncounterObjectGuid": "76624def-4319-4c46-9c4a-e0565501f444"
			}
		},
		{
			"name": "Turret Cam Target_2",
			"encounterObject": {
				"EncounterObjectGuid": "533b7e44-4874-421e-9ed0-df83b0485680"
			}
		},
		{
			"name": "Command Centre Cam Target",
			"encounterObject": {
				"EncounterObjectGuid": "52396b8c-bae9-44fe-b367-5d2bfb6c5461"
			}
		},
		{
			"name": "Wave3 Cam Target",
			"encounterObject": {
				"EncounterObjectGuid": "9a79929d-b2ef-4a1d-951d-77e1c35140d1"
			}
		},
		{
			"name": "Wave 4 Cam Target",
			"encounterObject": {
				"EncounterObjectGuid": "03089d3d-a3d3-498c-9df2-a2e96ecfc278"
			}
		},
		{
			"name": "Truck Cam Target",
			"encounterObject": {
				"EncounterObjectGuid": "01f177a3-2b98-45d2-8228-70c03035f300"
			}
		},
		{
			"name": "chrPrfVhcl_leopard-MANAGED",
			"encounterObject": {
				"EncounterObjectGuid": "f31d524a-c545-4879-9db4-45caa7964901"
			}
		},
		{
			"name": "chrPrfVhcl_union-MANAGED",
			"encounterObject": {
				"EncounterObjectGuid": "263afa9d-fea7-4102-af96-a07691ab556e"
			}
		},
		{
			"name": "chrPrfVhcl_leopard-MANAGED",
			"encounterObject": {
				"EncounterObjectGuid": "a1ef3cdc-09b4-4670-99e1-a22b32160577"
			}
		},
		{
			"name": "chrPrfVhcl_union-MANAGED",
			"encounterObject": {
				"EncounterObjectGuid": "f2a8f84d-3c9c-47b6-8e09-8b5d5b242d7e"
			}
		},
		{
			"name": "chrPrfVhcl_leopard-MANAGED",
			"encounterObject": {
				"EncounterObjectGuid": "b29d2ccb-3a47-47f3-a331-42cef961ed59"
			}
		},
		{
			"name": "chrPrfVhcl_union-MANAGED",
			"encounterObject": {
				"EncounterObjectGuid": "31099b39-262c-425c-a6ff-bab3dbe042df"
			}
		}
	],
	"dialogueList": [
		{
			"dialogue": {
				"EncounterObjectGuid": "73df8d9c-a274-48fd-98c9-2bd0d7860e83"
			},
			"name": "MissionStartDialogue",
			"overrideDialogueBucketId": "",
			"dialogueContent": [
				{
					"words": "Panzyr is in desperate shape, Commander. Famine is a fact of life here, and the Taurians have targeted the spaceport we've been using to deliver emergency supplies.",
					"wordsColor": {
						"r": 1,
						"g": 1,
						"b": 1,
						"a": 1
					},
					"selectedCastDefId": "castDef_KameaDefault",
					"emote": "Default",
					"audioName": "NONE",
					"cameraFocusGuid": "ec9d2280-ca9a-4d90-8a20-963d8a4c0a39",
					"cameraDistance": "Medium",
					"cameraHeight": "Default",
					"revealRadius": 100
				},
				{
					"words": "As we speak, the Taurians have several waves of APCs-complete with BattleMech escorts-en route to the spaceport's command center. If they succeed in taking it, they'll lock down our supply ships, and the people of Panzyr will starve.",
					"wordsColor": {
						"r": 1,
						"g": 1,
						"b": 1,
						"a": 1
					},
					"selectedCastDefId": "castDef_KameaDefault",
					"emote": "Default",
					"audioName": "NONE",
					"cameraFocusGuid": "52396b8c-bae9-44fe-b367-5d2bfb6c5461",
					"cameraDistance": "Medium",
					"cameraHeight": "Low",
					"revealRadius": 100
				},
				{
					"words": "The spaceport's turrets are down, and House Decimis is in no position to repel an attack of this magnitude. It's on us to stop them. You will defend the spaceport against the Taurians and prevent their troop transports from reaching the command center.\r",
					"wordsColor": {
						"r": 1,
						"g": 1,
						"b": 1,
						"a": 1
					},
					"selectedCastDefId": "castDef_KameaDefault",
					"emote": "Default",
					"audioName": "NONE",
					"cameraFocusGuid": "533b7e44-4874-421e-9ed0-df83b0485680",
					"cameraDistance": "Medium",
					"cameraHeight": "High",
					"revealRadius": 100
				},
				{
					"words": "They're likely to send a detachment for our wounded as well, Commander. If you can spare a 'Mech or two, please consider sending them to protect our barracks. We've suffered too many casualties to defend ourselves.",
					"wordsColor": {
						"r": 1,
						"g": 1,
						"b": 1,
						"a": 1
					},
					"selectedCastDefId": "castDef_RE_Panzyr_LtAndrisDefault",
					"emote": "Default",
					"audioName": "NONE",
					"cameraFocusGuid": "48f98316-2cc7-4fb9-ae5c-5cfc309d96cc",
					"cameraDistance": "Medium",
					"cameraHeight": "Low",
					"revealRadius": -1
				}
			]
		},
		{
			"dialogue": {
				"EncounterObjectGuid": "4011a4c3-cba2-4d22-b2b3-3b19a3297ab9"
			},
			"name": "MissionSuccessDialogue",
			"overrideDialogueBucketId": "",
			"dialogueContent": [
				{
					"words": "You've done it, Commander-you've driven them off! And you've saved all of our lives. I'll see to it that this food gets distributed to the people who need it.",
					"wordsColor": {
						"r": 1,
						"g": 1,
						"b": 1,
						"a": 1
					},
					"selectedCastDefId": "castDef_RE_Panzyr_LtAndrisDefault",
					"emote": "Default",
					"audioName": "NONE",
					"cameraFocusGuid": "",
					"cameraDistance": "Far",
					"cameraHeight": "Default",
					"revealRadius": -1
				},
				{
					"words": "See that you do, Lieutenant. You should know... I can't promise that they won't be back.",
					"wordsColor": {
						"r": 1,
						"g": 1,
						"b": 1,
						"a": 1
					},
					"selectedCastDefId": "castDef_KameaDefault",
					"emote": "Default",
					"audioName": "NONE",
					"cameraFocusGuid": "",
					"cameraDistance": "Far",
					"cameraHeight": "Default",
					"revealRadius": -1
				},
				{
					"words": "Desperate times are nothing new for us, Lady Arano-things have been grim since your uncle's coup, and we've made it this far. As long as you keep the supply shipments coming in, we'll find a way to hold out.",
					"wordsColor": {
						"r": 1,
						"g": 1,
						"b": 1,
						"a": 1
					},
					"selectedCastDefId": "castDef_RE_Panzyr_LtAndrisDefault",
					"emote": "Default",
					"audioName": "NONE",
					"cameraFocusGuid": "",
					"cameraDistance": "Far",
					"cameraHeight": "Default",
					"revealRadius": -1
				},
				{
					"words": "You'll have our support for as long as I can provide it. That's a promise.",
					"wordsColor": {
						"r": 1,
						"g": 1,
						"b": 1,
						"a": 1
					},
					"selectedCastDefId": "castDef_KameaDefault",
					"emote": "Default",
					"audioName": "NONE",
					"cameraFocusGuid": "",
					"cameraDistance": "Far",
					"cameraHeight": "Default",
					"revealRadius": -1
				}
			]
		},
		{
			"dialogue": {
				"EncounterObjectGuid": "d3d33d95-9ed7-4686-b9eb-954ebe51cc02"
			},
			"name": "MissionFailureDialogue",
			"overrideDialogueBucketId": "",
			"dialogueContent": []
		},
		{
			"dialogue": {
				"EncounterObjectGuid": "7759543c-20b4-4f53-8031-2430f9c96323"
			},
			"name": "Async_PostIntro",
			"overrideDialogueBucketId": "",
			"dialogueContent": [
				{
					"words": "Stop those transports, Commander. You're the only one who can.",
					"wordsColor": {
						"r": 1,
						"g": 1,
						"b": 1,
						"a": 1
					},
					"selectedCastDefId": "castDef_KameaDefault",
					"emote": "Default",
					"audioName": "rm020_110_kamea",
					"cameraFocusGuid": "",
					"cameraDistance": "Far",
					"cameraHeight": "Default",
					"revealRadius": -1
				}
			]
		},
		{
			"dialogue": {
				"EncounterObjectGuid": "c7ef3eb3-61c3-498e-9ae2-2b2dc76c3460"
			},
			"name": "Inter_AndrisTurrets",
			"overrideDialogueBucketId": "",
			"dialogueContent": [
				{
					"words": "The Taurians have been hitting us hard, Commander {COMMANDER.LastName}-the 2nd is nearly gone. But I do still have a few noncombatant personnel left under my command, and we'll do what we can to defend the Restoration.",
					"wordsColor": {
						"r": 1,
						"g": 1,
						"b": 1,
						"a": 1
					},
					"selectedCastDefId": "castDef_RE_Panzyr_LtAndrisDefault",
					"emote": "Default",
					"audioName": "NONE",
					"cameraFocusGuid": "",
					"cameraDistance": "Far",
					"cameraHeight": "Default",
					"revealRadius": -1
				},
				{
					"words": "If you can stop <i>all</i> of the Taurian APCs from reaching the command center, my people will get this spaceport's turrets up and running for you.",
					"wordsColor": {
						"r": 1,
						"g": 1,
						"b": 1,
						"a": 1
					},
					"selectedCastDefId": "castDef_RE_Panzyr_LtAndrisDefault",
					"emote": "Default",
					"audioName": "NONE",
					"cameraFocusGuid": "",
					"cameraDistance": "Far",
					"cameraHeight": "Default",
					"revealRadius": -1
				},
				{
					"words": "I'm afraid that we won't be able to make a move if any of them get through; I just don't have the numbers to go up against Taurian marines in a ground fight. Best of luck, Commander.",
					"wordsColor": {
						"r": 1,
						"g": 1,
						"b": 1,
						"a": 1
					},
					"selectedCastDefId": "castDef_RE_Panzyr_LtAndrisDefault",
					"emote": "Default",
					"audioName": "NONE",
					"cameraFocusGuid": "",
					"cameraDistance": "Far",
					"cameraHeight": "Default",
					"revealRadius": -1
				}
			]
		},
		{
			"dialogue": {
				"EncounterObjectGuid": "323b84f7-9d10-43c2-b922-75f2383ab39f"
			},
			"name": "Inter_Wave3Reveal",
			"overrideDialogueBucketId": "",
			"dialogueContent": [
				{
					"words": "I'm picking up another Taurian transport, Commander. Destroy it.",
					"wordsColor": {
						"r": 1,
						"g": 1,
						"b": 1,
						"a": 1
					},
					"selectedCastDefId": "castDef_KameaDefault",
					"emote": "Default",
					"audioName": "NONE",
					"cameraFocusGuid": "9a79929d-b2ef-4a1d-951d-77e1c35140d1",
					"cameraDistance": "Far",
					"cameraHeight": "High",
					"revealRadius": 100
				}
			]
		},
		{
			"dialogue": {
				"EncounterObjectGuid": "da45e665-5433-40eb-849d-c79005fc1892"
			},
			"name": "Inter_Wave4Reveal",
			"overrideDialogueBucketId": "",
			"dialogueContent": [
				{
					"words": "I'm seeing another drop of a Taurian APC on radar.\n",
					"wordsColor": {
						"r": 1,
						"g": 1,
						"b": 1,
						"a": 1
					},
					"selectedCastDefId": "castDef_KameaArano01",
					"emote": "Default",
					"audioName": "NONE",
					"cameraFocusGuid": "03089d3d-a3d3-498c-9df2-a2e96ecfc278",
					"cameraDistance": "Far",
					"cameraHeight": "High",
					"revealRadius": 100
				}
			]
		},
		{
			"dialogue": {
				"EncounterObjectGuid": "2da0c88e-5000-4355-8776-2cd0e6a358f1"
			},
			"name": "Inter_TurretsOnline",
			"overrideDialogueBucketId": "",
			"dialogueContent": [
				{
					"words": "All Taurian APCs are down, Commander! Hold tight-we're bringing the turrets online now!",
					"wordsColor": {
						"r": 1,
						"g": 1,
						"b": 1,
						"a": 1
					},
					"selectedCastDefId": "castDef_RE_Panzyr_LtAndrisDefault",
					"emote": "Default",
					"audioName": "NONE",
					"cameraFocusGuid": "",
					"cameraDistance": "Far",
					"cameraHeight": "Default",
					"revealRadius": -1
				}
			]
		},
		{
			"dialogue": {
				"EncounterObjectGuid": "2b26077e-1bc8-4dcb-b9c1-36b70c9b49e8"
			},
			"name": "Inter_TruckReveal",
			"overrideDialogueBucketId": "",
			"dialogueContent": [
				{
					"words": "The Taurians have just dropped a transport full of commandos! If they make it to our barracks, my injured soldiers are as good as dead. Please, Commander-stop them if you can!",
					"wordsColor": {
						"r": 1,
						"g": 1,
						"b": 1,
						"a": 1
					},
					"selectedCastDefId": "castDef_RE_Panzyr_LtAndrisDefault",
					"emote": "Default",
					"audioName": "NONE",
					"cameraFocusGuid": "01f177a3-2b98-45d2-8228-70c03035f300",
					"cameraDistance": "Medium",
					"cameraHeight": "High",
					"revealRadius": 200
				}
			]
		},
		{
			"dialogue": {
				"EncounterObjectGuid": "b80050c5-d652-4588-858a-5e175bb20f45"
			},
			"name": "Inter_CommandCenterProxWarning",
			"overrideDialogueBucketId": "",
			"dialogueContent": [
				{
					"words": "An enemy transport is closing in on the command center! Stop it before it delivers its troops!\n",
					"wordsColor": {
						"r": 1,
						"g": 1,
						"b": 1,
						"a": 1
					},
					"selectedCastDefId": "castDef_KameaDefault",
					"emote": "Default",
					"audioName": "NONE",
					"cameraFocusGuid": "db5c9b21-359d-4db9-9ebe-ab55f3c7a2ca",
					"cameraDistance": "Medium",
					"cameraHeight": "High",
					"revealRadius": -1
				}
			]
		},
		{
			"dialogue": {
				"EncounterObjectGuid": "161e5188-a7e4-4522-85b1-0f7a7c4185f7"
			},
			"name": "Inter_BarracksProxWarning",
			"overrideDialogueBucketId": "",
			"dialogueContent": [
				{
					"words": "The Taurians are closing in on that barracks! If they take it, our wounded soldiers will be slaughtered!\r",
					"wordsColor": {
						"r": 1,
						"g": 1,
						"b": 1,
						"a": 1
					},
					"selectedCastDefId": "castDef_KameaDefault",
					"emote": "Default",
					"audioName": "NONE",
					"cameraFocusGuid": "5d952826-7df7-4092-a34b-f103f50cfc9f",
					"cameraDistance": "Medium",
					"cameraHeight": "High",
					"revealRadius": -1
				}
			]
		},
		{
			"dialogue": {
				"EncounterObjectGuid": "0a146649-77c8-4d75-809e-8871e676775d"
			},
			"name": "Async_WaveHeavyReveal",
			"overrideDialogueBucketId": "",
			"dialogueContent": [
				{
					"words": "Hurry, Commander! Get those turrets back online!",
					"wordsColor": {
						"r": 1,
						"g": 1,
						"b": 1,
						"a": 1
					},
					"selectedCastDefId": "castDef_KameaArano01",
					"emote": "Default",
					"audioName": "NONE",
					"cameraFocusGuid": "76624def-4319-4c46-9c4a-e0565501f444",
					"cameraDistance": "Medium",
					"cameraHeight": "Low",
					"revealRadius": 100
				}
			]
		},
		{
			"dialogue": {
				"EncounterObjectGuid": "1c8c1b7b-204d-46b7-9571-1308636dae98"
			},
			"name": "Async_PostWave3Reveal",
			"overrideDialogueBucketId": "",
			"dialogueContent": [
				{
					"words": "Keep pushing them back! Show the Taurians that we will never stop fighting!",
					"wordsColor": {
						"r": 1,
						"g": 1,
						"b": 1,
						"a": 1
					},
					"selectedCastDefId": "castDef_KameaDefault",
					"emote": "Default",
					"audioName": "rm020_120_kamea",
					"cameraFocusGuid": "",
					"cameraDistance": "Far",
					"cameraHeight": "Default",
					"revealRadius": -1
				}
			]
		},
		{
			"dialogue": {
				"EncounterObjectGuid": "1c8891e0-a587-4b67-9b58-8bc62cc6d685"
			},
			"name": "Async_PostWave4Reveal",
			"overrideDialogueBucketId": "",
			"dialogueContent": [
				{
					"words": "Those transports cannot be allowed to take this spaceport! Whatever it takes, we must push them back!",
					"wordsColor": {
						"r": 1,
						"g": 1,
						"b": 1,
						"a": 1
					},
					"selectedCastDefId": "castDef_KameaDefault",
					"emote": "Default",
					"audioName": "rm020_130_kamea",
					"cameraFocusGuid": "",
					"cameraDistance": "Far",
					"cameraHeight": "Default",
					"revealRadius": -1
				}
			]
		},
		{
			"dialogue": {
				"EncounterObjectGuid": "57b9c3b2-6a88-4adb-af82-e922032b7b0b"
			},
			"name": "Inter_WoundedCaptured",
			"overrideDialogueBucketId": "",
			"dialogueContent": [
				{
					"words": "It's too late, Commander. The barracks has been overrun. Right now, they're executing our enlisted troops and taking our officers for interrogation... I'm not sure which group has it worse.",
					"wordsColor": {
						"r": 1,
						"g": 1,
						"b": 1,
						"a": 1
					},
					"selectedCastDefId": "castDef_RE_Panzyr_LtAndrisDefault",
					"emote": "Default",
					"audioName": "NONE",
					"cameraFocusGuid": "48f98316-2cc7-4fb9-ae5c-5cfc309d96cc",
					"cameraDistance": "Medium",
					"cameraHeight": "Default",
					"revealRadius": -1
				},
				{
					"words": "Thank you for trying to save them. I know that you did everything you could.",
					"wordsColor": {
						"r": 1,
						"g": 1,
						"b": 1,
						"a": 1
					},
					"selectedCastDefId": "castDef_RE_Panzyr_LtAndrisDefault",
					"emote": "Default",
					"audioName": "NONE",
					"cameraFocusGuid": "",
					"cameraDistance": "Far",
					"cameraHeight": "Default",
					"revealRadius": -1
				}
			]
		},
		{
			"dialogue": {
				"EncounterObjectGuid": "cac231b3-d471-4587-aeca-db0663b0aee3"
			},
			"name": "Inter_WoundedSaved",
			"overrideDialogueBucketId": "",
			"dialogueContent": [
				{
					"words": "You've done it, Commander-our people are safe, thanks to you. We'll never forget what you've done for us today.",
					"wordsColor": {
						"r": 1,
						"g": 1,
						"b": 1,
						"a": 1
					},
					"selectedCastDefId": "castDef_RE_Panzyr_LtAndrisDefault",
					"emote": "Default",
					"audioName": "NONE",
					"cameraFocusGuid": "",
					"cameraDistance": "Far",
					"cameraHeight": "Default",
					"revealRadius": -1
				}
			]
		}
	],
	"disableNegotations": true,
	"disableLanceConfiguration": false,
	"disableCancelButton": false,
	"disableAfterAction": false,
	"contractRewardOverride": 2360000,
	"travelOnly": false,
	"useTravelCostPenalty": false,
	"usesExpiration": false,
	"expirationTimeOverride": -1,
	"negotiatedSalary": 0.5,
	"negotiatedSalvage": 0.5,
	"player1Team": {
		"encounterLayerData": {
			"EncounterObjectGuid": "67bb85d7-99aa-44f5-9922-26e9e5d7dcf8"
		},
		"teamGuid": "bf40fd39-ccf9-47c4-94a6-061809681140",
		"teamName": "Player 1",
		"faction": "Player1sMercUnit",
		"teamLeaderCastDefId": "castDef_TeamLeader_Current",
		"lanceOverrideList": [
			{
				"lanceSpawner": {
					"EncounterObjectGuid": "76b654a6-4f2c-4a6f-86e6-d4cf868335fe"
				},
				"name": "PlayerLanceSpawner",
				"lanceDefId": "Manual",
				"lanceTagSet": {
					"items": [],
					"tagSetSourceFile": ""
				},
				"lanceExcludedTagSet": {
					"items": [],
					"tagSetSourceFile": "Tags/LanceTags"
				},
				"spawnEffectTags": {
					"items": [],
					"tagSetSourceFile": "Tags/SpawnEffectTags"
				},
				"lanceDifficultyAdjustment": 0,
				"selectedLanceDefId": null,
				"selectedLanceDifficulty": 0,
				"unitSpawnPointOverrideList": [
					{
						"unitSpawnPoint": {
							"EncounterObjectGuid": "ec9d2280-ca9a-4d90-8a20-963d8a4c0a39"
						},
						"customUnitName": "",
						"customHeraldryDefId": "",
						"unitType": "UNDEFINED",
						"unitDefId": "",
						"unitTagSet": {
							"items": [],
							"tagSetSourceFile": ""
						},
						"unitExcludedTagSet": {
							"items": [],
							"tagSetSourceFile": "Tags/UnitTags"
						},
						"spawnEffectTags": {
							"items": [],
							"tagSetSourceFile": "Tags/SpawnEffectTags"
						},
						"pilotDefId": "pilotDef_InheritLance",
						"pilotTagSet": {
							"items": [],
							"tagSetSourceFile": ""
						},
						"pilotExcludedTagSet": {
							"items": [],
							"tagSetSourceFile": "Tags/PilotTags"
						},
						"selectedUnitType": "UNDEFINED",
						"selectedUnitDefId": null,
						"selectedPilotDefId": null
					},
					{
						"unitSpawnPoint": {
							"EncounterObjectGuid": "ebc06b6a-c5a8-4165-95ce-480bcf335570"
						},
						"customUnitName": "",
						"customHeraldryDefId": "",
						"unitType": "UNDEFINED",
						"unitDefId": "",
						"unitTagSet": {
							"items": [],
							"tagSetSourceFile": ""
						},
						"unitExcludedTagSet": {
							"items": [],
							"tagSetSourceFile": "Tags/UnitTags"
						},
						"spawnEffectTags": {
							"items": [],
							"tagSetSourceFile": "Tags/SpawnEffectTags"
						},
						"pilotDefId": "pilotDef_InheritLance",
						"pilotTagSet": {
							"items": [],
							"tagSetSourceFile": ""
						},
						"pilotExcludedTagSet": {
							"items": [],
							"tagSetSourceFile": "Tags/PilotTags"
						},
						"selectedUnitType": "UNDEFINED",
						"selectedUnitDefId": null,
						"selectedPilotDefId": null
					},
					{
						"unitSpawnPoint": {
							"EncounterObjectGuid": "d50f1e9d-0a0b-4dc8-9a06-a33233aaa8a1"
						},
						"customUnitName": "",
						"customHeraldryDefId": "",
						"unitType": "UNDEFINED",
						"unitDefId": "",
						"unitTagSet": {
							"items": [],
							"tagSetSourceFile": ""
						},
						"unitExcludedTagSet": {
							"items": [],
							"tagSetSourceFile": "Tags/UnitTags"
						},
						"spawnEffectTags": {
							"items": [],
							"tagSetSourceFile": "Tags/SpawnEffectTags"
						},
						"pilotDefId": "pilotDef_InheritLance",
						"pilotTagSet": {
							"items": [],
							"tagSetSourceFile": ""
						},
						"pilotExcludedTagSet": {
							"items": [],
							"tagSetSourceFile": "Tags/PilotTags"
						},
						"selectedUnitType": "UNDEFINED",
						"selectedUnitDefId": null,
						"selectedPilotDefId": null
					},
					{
						"unitSpawnPoint": {
							"EncounterObjectGuid": "461141c2-f956-49a5-b2c6-6f951b957a94"
						},
						"customUnitName": "",
						"customHeraldryDefId": "",
						"unitType": "UNDEFINED",
						"unitDefId": "",
						"unitTagSet": {
							"items": [],
							"tagSetSourceFile": ""
						},
						"unitExcludedTagSet": {
							"items": [],
							"tagSetSourceFile": "Tags/UnitTags"
						},
						"spawnEffectTags": {
							"items": [],
							"tagSetSourceFile": "Tags/SpawnEffectTags"
						},
						"pilotDefId": "pilotDef_InheritLance",
						"pilotTagSet": {
							"items": [],
							"tagSetSourceFile": ""
						},
						"pilotExcludedTagSet": {
							"items": [],
							"tagSetSourceFile": "Tags/PilotTags"
						},
						"selectedUnitType": "UNDEFINED",
						"selectedUnitDefId": null,
						"selectedPilotDefId": null
					}
				]
			}
		]
	},
	"player2Team": {
		"encounterLayerData": {
			"EncounterObjectGuid": "67bb85d7-99aa-44f5-9922-26e9e5d7dcf8"
		},
		"teamGuid": "757173dd-b4e1-4bb5-9bee-d78e623cc867",
		"teamName": "Player 2",
		"faction": "Player2sMercUnit",
		"teamLeaderCastDefId": "castDef_TeamLeader_Current",
		"lanceOverrideList": []
	},
	"employerTeam": {
		"encounterLayerData": {
			"EncounterObjectGuid": "67bb85d7-99aa-44f5-9922-26e9e5d7dcf8"
		},
		"teamGuid": "ecc8d4f2-74b4-465d-adf6-84445e5dfc230",
		"teamName": "Employer",
		"faction": "AuriganRestoration",
		"teamLeaderCastDefId": "castDef_TeamLeader_Current",
		"lanceOverrideList": [
			{
				"lanceSpawner": {
					"EncounterObjectGuid": "7ca97476-0313-486c-9b14-183617460e02"
				},
				"name": "Turrets Friendly",
				"lanceDefId": "Manual",
				"lanceTagSet": {
					"items": [],
					"tagSetSourceFile": "Tags/LanceTags"
				},
				"lanceExcludedTagSet": {
					"items": [],
					"tagSetSourceFile": "Tags/LanceTags"
				},
				"spawnEffectTags": {
					"items": [],
					"tagSetSourceFile": "Tags/SpawnEffectTags"
				},
				"lanceDifficultyAdjustment": 0,
				"selectedLanceDefId": null,
				"selectedLanceDifficulty": 0,
				"unitSpawnPointOverrideList": []
			}
		]
	},
	"targetTeam": {
		"encounterLayerData": {
			"EncounterObjectGuid": "67bb85d7-99aa-44f5-9922-26e9e5d7dcf8"
		},
		"teamGuid": "be77cadd-e245-4240-a93e-b99cc98902a5",
		"teamName": "Target",
		"faction": "TaurianConcordat",
		"teamLeaderCastDefId": "castDef_TeamLeader_Current",
		"lanceOverrideList": [
			{
				"lanceSpawner": {
					"EncounterObjectGuid": "b224c903-a3a7-4611-bb8c-d672d55bbc61"
				},
				"name": "Capture Lance APC's 1",
				"lanceDefId": "Manual",
				"lanceTagSet": {
					"items": [],
					"tagSetSourceFile": "Tags/LanceTags"
				},
				"lanceExcludedTagSet": {
					"items": [],
					"tagSetSourceFile": "Tags/LanceTags"
				},
				"spawnEffectTags": {
					"items": [],
					"tagSetSourceFile": "Tags/SpawnEffectTags"
				},
				"lanceDifficultyAdjustment": 0,
				"selectedLanceDefId": null,
				"selectedLanceDifficulty": 0,
				"unitSpawnPointOverrideList": [
					{
						"unitSpawnPoint": {
							"EncounterObjectGuid": "7de8753a-8923-47f5-b806-71e75f0aef85"
						},
						"customUnitName": "Commandos",
						"customHeraldryDefId": "",
						"unitType": "Vehicle",
						"unitDefId": "vehicledef_PROWLER",
						"unitTagSet": {
							"items": [],
							"tagSetSourceFile": ""
						},
						"unitExcludedTagSet": {
							"items": [],
							"tagSetSourceFile": "Tags/UnitTags"
						},
						"spawnEffectTags": {
							"items": [],
							"tagSetSourceFile": "Tags/SpawnEffectTags"
						},
						"pilotDefId": "pilot_d3_pilot",
						"pilotTagSet": {
							"items": [],
							"tagSetSourceFile": ""
						},
						"pilotExcludedTagSet": {
							"items": [],
							"tagSetSourceFile": "Tags/PilotTags"
						},
						"selectedUnitType": "UNDEFINED",
						"selectedUnitDefId": null,
						"selectedPilotDefId": null
					},
					{
						"unitSpawnPoint": {
							"EncounterObjectGuid": "aecd623b-7311-43f4-9eec-c46c2d5ce7a9"
						},
						"customUnitName": "Commandos",
						"customHeraldryDefId": "",
						"unitType": "Vehicle",
						"unitDefId": "vehicledef_PROWLER",
						"unitTagSet": {
							"items": [],
							"tagSetSourceFile": ""
						},
						"unitExcludedTagSet": {
							"items": [],
							"tagSetSourceFile": "Tags/UnitTags"
						},
						"spawnEffectTags": {
							"items": [],
							"tagSetSourceFile": "Tags/SpawnEffectTags"
						},
						"pilotDefId": "pilot_d3_gunner",
						"pilotTagSet": {
							"items": [],
							"tagSetSourceFile": ""
						},
						"pilotExcludedTagSet": {
							"items": [],
							"tagSetSourceFile": "Tags/PilotTags"
						},
						"selectedUnitType": "UNDEFINED",
						"selectedUnitDefId": null,
						"selectedPilotDefId": null
					}
				]
			},
			{
				"lanceSpawner": {
					"EncounterObjectGuid": "a2256f4f-1396-4c9b-bdfb-eaef9971ffe5"
				},
				"name": "Capture Lance APC's 2",
				"lanceDefId": "Manual",
				"lanceTagSet": {
					"items": [],
					"tagSetSourceFile": "Tags/LanceTags"
				},
				"lanceExcludedTagSet": {
					"items": [],
					"tagSetSourceFile": "Tags/LanceTags"
				},
				"spawnEffectTags": {
					"items": [],
					"tagSetSourceFile": "Tags/SpawnEffectTags"
				},
				"lanceDifficultyAdjustment": 0,
				"selectedLanceDefId": null,
				"selectedLanceDifficulty": 0,
				"unitSpawnPointOverrideList": [
					{
						"unitSpawnPoint": {
							"EncounterObjectGuid": "663edeb0-4deb-4efd-9b5c-b19e3309eaf6"
						},
						"customUnitName": "Commandos",
						"customHeraldryDefId": "",
						"unitType": "Vehicle",
						"unitDefId": "vehicledef_PROWLER",
						"unitTagSet": {
							"items": [],
							"tagSetSourceFile": ""
						},
						"unitExcludedTagSet": {
							"items": [],
							"tagSetSourceFile": "Tags/UnitTags"
						},
						"spawnEffectTags": {
							"items": [],
							"tagSetSourceFile": "Tags/SpawnEffectTags"
						},
						"pilotDefId": "pilot_d3_gunner",
						"pilotTagSet": {
							"items": [],
							"tagSetSourceFile": ""
						},
						"pilotExcludedTagSet": {
							"items": [],
							"tagSetSourceFile": "Tags/PilotTags"
						},
						"selectedUnitType": "UNDEFINED",
						"selectedUnitDefId": null,
						"selectedPilotDefId": null
					},
					{
						"unitSpawnPoint": {
							"EncounterObjectGuid": "ed048306-bae6-4000-8b9e-212412f8e762"
						},
						"customUnitName": "Commandos",
						"customHeraldryDefId": "",
						"unitType": "Vehicle",
						"unitDefId": "vehicledef_PROWLER",
						"unitTagSet": {
							"items": [],
							"tagSetSourceFile": ""
						},
						"unitExcludedTagSet": {
							"items": [],
							"tagSetSourceFile": "Tags/UnitTags"
						},
						"spawnEffectTags": {
							"items": [],
							"tagSetSourceFile": "Tags/SpawnEffectTags"
						},
						"pilotDefId": "pilot_d3_gunner",
						"pilotTagSet": {
							"items": [],
							"tagSetSourceFile": ""
						},
						"pilotExcludedTagSet": {
							"items": [],
							"tagSetSourceFile": "Tags/PilotTags"
						},
						"selectedUnitType": "UNDEFINED",
						"selectedUnitDefId": null,
						"selectedPilotDefId": null
					}
				]
			},
			{
				"lanceSpawner": {
					"EncounterObjectGuid": "e0ffcdfe-cdd6-4728-a735-642dc35272af"
				},
				"name": "Side 1 Guards",
				"lanceDefId": "Manual",
				"lanceTagSet": {
					"items": [],
					"tagSetSourceFile": "Tags/LanceTags"
				},
				"lanceExcludedTagSet": {
					"items": [],
					"tagSetSourceFile": "Tags/LanceTags"
				},
				"spawnEffectTags": {
					"items": [],
					"tagSetSourceFile": "Tags/SpawnEffectTags"
				},
				"lanceDifficultyAdjustment": 0,
				"selectedLanceDefId": null,
				"selectedLanceDifficulty": 0,
				"unitSpawnPointOverrideList": [
					{
						"unitSpawnPoint": {
							"EncounterObjectGuid": "7d428dde-4ffe-4697-b957-ad57aed9dc87"
						},
						"customUnitName": "",
						"customHeraldryDefId": "",
						"unitType": "Mech",
						"unitDefId": "mechdef_wolverine_WVR-6K",
						"unitTagSet": {
							"items": [
								"unit_medium",
								"unit_mech"
							],
							"tagSetSourceFile": "Tags/UnitTags"
						},
						"unitExcludedTagSet": {
							"items": [],
							"tagSetSourceFile": "Tags/UnitTags"
						},
						"spawnEffectTags": {
							"items": [],
							"tagSetSourceFile": "Tags/SpawnEffectTags"
						},
						"pilotDefId": "pilot_d6_gunner",
						"pilotTagSet": {
							"items": [],
							"tagSetSourceFile": ""
						},
						"pilotExcludedTagSet": {
							"items": [],
							"tagSetSourceFile": "Tags/PilotTags"
						},
						"selectedUnitType": "UNDEFINED",
						"selectedUnitDefId": null,
						"selectedPilotDefId": null
					},
					{
						"unitSpawnPoint": {
							"EncounterObjectGuid": "ca29a443-beed-4b14-a0bd-dc61b6b169b2"
						},
						"customUnitName": "",
						"customHeraldryDefId": "",
						"unitType": "Mech",
						"unitDefId": "mechdef_jenner_JR7-D",
						"unitTagSet": {
							"items": [
								"unit_lance_tank",
								"unit_medium",
								"unit_mech"
							],
							"tagSetSourceFile": "Tags/UnitTags"
						},
						"unitExcludedTagSet": {
							"items": [],
							"tagSetSourceFile": "Tags/UnitTags"
						},
						"spawnEffectTags": {
							"items": [],
							"tagSetSourceFile": "Tags/SpawnEffectTags"
						},
						"pilotDefId": "pilot_d6_tactician",
						"pilotTagSet": {
							"items": [],
							"tagSetSourceFile": "Tags/PilotTags"
						},
						"pilotExcludedTagSet": {
							"items": [],
							"tagSetSourceFile": "Tags/PilotTags"
						},
						"selectedUnitType": "UNDEFINED",
						"selectedUnitDefId": null,
						"selectedPilotDefId": null
					},
					{
						"unitSpawnPoint": {
							"EncounterObjectGuid": "a4e6f5fa-4575-48e7-b68f-01b5ab937735"
						},
						"customUnitName": "",
						"customHeraldryDefId": "",
						"unitType": "Mech",
						"unitDefId": "mechdef_commando_COM-1B",
						"unitTagSet": {
							"items": [],
							"tagSetSourceFile": "Tags/UnitTags"
						},
						"unitExcludedTagSet": {
							"items": [],
							"tagSetSourceFile": "Tags/UnitTags"
						},
						"spawnEffectTags": {
							"items": [],
							"tagSetSourceFile": "Tags/SpawnEffectTags"
						},
						"pilotDefId": "pilot_d6_pilot",
						"pilotTagSet": {
							"items": [],
							"tagSetSourceFile": "Tags/PilotTags"
						},
						"pilotExcludedTagSet": {
							"items": [],
							"tagSetSourceFile": "Tags/PilotTags"
						},
						"selectedUnitType": "UNDEFINED",
						"selectedUnitDefId": null,
						"selectedPilotDefId": null
					}
				]
			},
			{
				"lanceSpawner": {
					"EncounterObjectGuid": "d806740b-ecf7-457c-9b32-7be43ab3b94f"
				},
				"name": "Side 2 Guards",
				"lanceDefId": "Manual",
				"lanceTagSet": {
					"items": [],
					"tagSetSourceFile": "Tags/LanceTags"
				},
				"lanceExcludedTagSet": {
					"items": [],
					"tagSetSourceFile": "Tags/LanceTags"
				},
				"spawnEffectTags": {
					"items": [],
					"tagSetSourceFile": "Tags/SpawnEffectTags"
				},
				"lanceDifficultyAdjustment": 0,
				"selectedLanceDefId": null,
				"selectedLanceDifficulty": 0,
				"unitSpawnPointOverrideList": [
					{
						"unitSpawnPoint": {
							"EncounterObjectGuid": "303784b6-5118-49be-a8aa-00633022f236"
						},
						"customUnitName": "",
						"customHeraldryDefId": "",
						"unitType": "Mech",
						"unitDefId": "mechdef_trebuchet_TBT-5N",
						"unitTagSet": {
							"items": [
								"unit_medium",
								"unit_mech"
							],
							"tagSetSourceFile": "Tags/UnitTags"
						},
						"unitExcludedTagSet": {
							"items": [],
							"tagSetSourceFile": "Tags/UnitTags"
						},
						"spawnEffectTags": {
							"items": [],
							"tagSetSourceFile": "Tags/SpawnEffectTags"
						},
						"pilotDefId": "pilot_d6_gunner",
						"pilotTagSet": {
							"items": [],
							"tagSetSourceFile": ""
						},
						"pilotExcludedTagSet": {
							"items": [],
							"tagSetSourceFile": "Tags/PilotTags"
						},
						"selectedUnitType": "UNDEFINED",
						"selectedUnitDefId": null,
						"selectedPilotDefId": null
					},
					{
						"unitSpawnPoint": {
							"EncounterObjectGuid": "6a683e86-b641-41c9-86e2-e9fe851bd7b3"
						},
						"customUnitName": "",
						"customHeraldryDefId": "",
						"unitType": "Mech",
						"unitDefId": "mechdef_commando_COM-2D",
						"unitTagSet": {
							"items": [
								"unit_lance_tank",
								"unit_medium",
								"unit_mech"
							],
							"tagSetSourceFile": "Tags/UnitTags"
						},
						"unitExcludedTagSet": {
							"items": [],
							"tagSetSourceFile": "Tags/UnitTags"
						},
						"spawnEffectTags": {
							"items": [],
							"tagSetSourceFile": "Tags/SpawnEffectTags"
						},
						"pilotDefId": "pilot_d5_pilot",
						"pilotTagSet": {
							"items": [],
							"tagSetSourceFile": "Tags/PilotTags"
						},
						"pilotExcludedTagSet": {
							"items": [],
							"tagSetSourceFile": "Tags/PilotTags"
						},
						"selectedUnitType": "UNDEFINED",
						"selectedUnitDefId": null,
						"selectedPilotDefId": null
					},
					{
						"unitSpawnPoint": {
							"EncounterObjectGuid": "73c6a6fd-4e2a-469e-8d53-3403b13c1bda"
						},
						"customUnitName": "",
						"customHeraldryDefId": "",
						"unitType": "Mech",
						"unitDefId": "mechdef_panther_PNT-9R",
						"unitTagSet": {
							"items": [],
							"tagSetSourceFile": "Tags/UnitTags"
						},
						"unitExcludedTagSet": {
							"items": [],
							"tagSetSourceFile": "Tags/UnitTags"
						},
						"spawnEffectTags": {
							"items": [],
							"tagSetSourceFile": "Tags/SpawnEffectTags"
						},
						"pilotDefId": "pilot_d6_pilot",
						"pilotTagSet": {
							"items": [],
							"tagSetSourceFile": "Tags/PilotTags"
						},
						"pilotExcludedTagSet": {
							"items": [],
							"tagSetSourceFile": "Tags/PilotTags"
						},
						"selectedUnitType": "UNDEFINED",
						"selectedUnitDefId": null,
						"selectedPilotDefId": null
					}
				]
			},
			{
				"lanceSpawner": {
					"EncounterObjectGuid": "24ba3f84-1075-4c45-b7f3-0a7fc98d46b1"
				},
				"name": "Command Truck Spawner",
				"lanceDefId": "Manual",
				"lanceTagSet": {
					"items": [],
					"tagSetSourceFile": "Tags/LanceTags"
				},
				"lanceExcludedTagSet": {
					"items": [],
					"tagSetSourceFile": "Tags/LanceTags"
				},
				"spawnEffectTags": {
					"items": [],
					"tagSetSourceFile": "Tags/SpawnEffectTags"
				},
				"lanceDifficultyAdjustment": 0,
				"selectedLanceDefId": null,
				"selectedLanceDifficulty": 0,
				"unitSpawnPointOverrideList": [
					{
						"unitSpawnPoint": {
							"EncounterObjectGuid": "5d973fbe-80d6-46a5-a7ce-82ac40f1b42e"
						},
						"customUnitName": "Commandos",
						"customHeraldryDefId": "",
						"unitType": "Vehicle",
						"unitDefId": "vehicledef_PROWLER",
						"unitTagSet": {
							"items": [],
							"tagSetSourceFile": ""
						},
						"unitExcludedTagSet": {
							"items": [],
							"tagSetSourceFile": "Tags/UnitTags"
						},
						"spawnEffectTags": {
							"items": [],
							"tagSetSourceFile": "Tags/SpawnEffectTags"
						},
						"pilotDefId": "pilot_d3_gunner",
						"pilotTagSet": {
							"items": [],
							"tagSetSourceFile": ""
						},
						"pilotExcludedTagSet": {
							"items": [],
							"tagSetSourceFile": "Tags/PilotTags"
						},
						"selectedUnitType": "UNDEFINED",
						"selectedUnitDefId": null,
						"selectedPilotDefId": null
					}
				]
			},
			{
				"lanceSpawner": {
					"EncounterObjectGuid": "3d7a4b68-77c5-4149-9926-7cca520a8ec1"
				},
				"name": "Capture Lance APC's Wave 3",
				"lanceDefId": "Manual",
				"lanceTagSet": {
					"items": [],
					"tagSetSourceFile": "Tags/LanceTags"
				},
				"lanceExcludedTagSet": {
					"items": [],
					"tagSetSourceFile": "Tags/LanceTags"
				},
				"spawnEffectTags": {
					"items": [],
					"tagSetSourceFile": "Tags/SpawnEffectTags"
				},
				"lanceDifficultyAdjustment": 0,
				"selectedLanceDefId": null,
				"selectedLanceDifficulty": 0,
				"unitSpawnPointOverrideList": [
					{
						"unitSpawnPoint": {
							"EncounterObjectGuid": "08c41f25-a5f8-4cfa-bf41-374a8d9fb394"
						},
						"customUnitName": "Commandos",
						"customHeraldryDefId": "",
						"unitType": "Vehicle",
						"unitDefId": "vehicledef_PROWLER",
						"unitTagSet": {
							"items": [],
							"tagSetSourceFile": ""
						},
						"unitExcludedTagSet": {
							"items": [],
							"tagSetSourceFile": "Tags/UnitTags"
						},
						"spawnEffectTags": {
							"items": [],
							"tagSetSourceFile": "Tags/SpawnEffectTags"
						},
						"pilotDefId": "pilot_d3_gunner",
						"pilotTagSet": {
							"items": [],
							"tagSetSourceFile": ""
						},
						"pilotExcludedTagSet": {
							"items": [],
							"tagSetSourceFile": "Tags/PilotTags"
						},
						"selectedUnitType": "UNDEFINED",
						"selectedUnitDefId": null,
						"selectedPilotDefId": null
					},
					{
						"unitSpawnPoint": {
							"EncounterObjectGuid": "fcb1a8d4-b6b3-4617-af2f-3e4d87b0d102"
						},
						"customUnitName": "",
						"customHeraldryDefId": "",
						"unitType": "Vehicle",
						"unitDefId": "vehicledef_CARRIER_SRM",
						"unitTagSet": {
							"items": [],
							"tagSetSourceFile": ""
						},
						"unitExcludedTagSet": {
							"items": [],
							"tagSetSourceFile": "Tags/UnitTags"
						},
						"spawnEffectTags": {
							"items": [],
							"tagSetSourceFile": "Tags/SpawnEffectTags"
						},
						"pilotDefId": "pilot_d5_gunner",
						"pilotTagSet": {
							"items": [],
							"tagSetSourceFile": ""
						},
						"pilotExcludedTagSet": {
							"items": [],
							"tagSetSourceFile": "Tags/PilotTags"
						},
						"selectedUnitType": "UNDEFINED",
						"selectedUnitDefId": null,
						"selectedPilotDefId": null
					}
				]
			},
			{
				"lanceSpawner": {
					"EncounterObjectGuid": "5d70500a-763f-4153-a9f5-58045b55cfcd"
				},
				"name": "Capture Lance APC's Wave 4",
				"lanceDefId": "Manual",
				"lanceTagSet": {
					"items": [],
					"tagSetSourceFile": "Tags/LanceTags"
				},
				"lanceExcludedTagSet": {
					"items": [],
					"tagSetSourceFile": "Tags/LanceTags"
				},
				"spawnEffectTags": {
					"items": [],
					"tagSetSourceFile": "Tags/SpawnEffectTags"
				},
				"lanceDifficultyAdjustment": 0,
				"selectedLanceDefId": null,
				"selectedLanceDifficulty": 0,
				"unitSpawnPointOverrideList": [
					{
						"unitSpawnPoint": {
							"EncounterObjectGuid": "3896cbe3-a49f-4166-b069-9f92a865cb3f"
						},
						"customUnitName": "Commandos",
						"customHeraldryDefId": "",
						"unitType": "Vehicle",
						"unitDefId": "vehicledef_PROWLER",
						"unitTagSet": {
							"items": [],
							"tagSetSourceFile": ""
						},
						"unitExcludedTagSet": {
							"items": [],
							"tagSetSourceFile": "Tags/UnitTags"
						},
						"spawnEffectTags": {
							"items": [],
							"tagSetSourceFile": "Tags/SpawnEffectTags"
						},
						"pilotDefId": "pilot_d3_gunner",
						"pilotTagSet": {
							"items": [],
							"tagSetSourceFile": ""
						},
						"pilotExcludedTagSet": {
							"items": [],
							"tagSetSourceFile": "Tags/PilotTags"
						},
						"selectedUnitType": "UNDEFINED",
						"selectedUnitDefId": null,
						"selectedPilotDefId": null
					},
					{
						"unitSpawnPoint": {
							"EncounterObjectGuid": "d0585251-7ec5-4e46-bc3c-49d5cafea830"
						},
						"customUnitName": "",
						"customHeraldryDefId": "",
						"unitType": "Vehicle",
						"unitDefId": "vehicledef_SCHREK",
						"unitTagSet": {
							"items": [],
							"tagSetSourceFile": ""
						},
						"unitExcludedTagSet": {
							"items": [],
							"tagSetSourceFile": "Tags/UnitTags"
						},
						"spawnEffectTags": {
							"items": [],
							"tagSetSourceFile": "Tags/SpawnEffectTags"
						},
						"pilotDefId": "pilot_d5_gunner",
						"pilotTagSet": {
							"items": [],
							"tagSetSourceFile": ""
						},
						"pilotExcludedTagSet": {
							"items": [],
							"tagSetSourceFile": "Tags/PilotTags"
						},
						"selectedUnitType": "UNDEFINED",
						"selectedUnitDefId": null,
						"selectedPilotDefId": null
					}
				]
			}
		]
	},
	"targetsAllyTeam": {
		"encounterLayerData": {
			"EncounterObjectGuid": "67bb85d7-99aa-44f5-9922-26e9e5d7dcf8"
		},
		"teamGuid": "31151ed6-cfc2-467e-98c4-9ae5bea784cf",
		"teamName": "Target's Ally",
		"faction": "INVALID_UNSET",
		"teamLeaderCastDefId": "castDef_TeamLeader_Current",
		"lanceOverrideList": []
	},
	"neutralToAllTeam": {
		"encounterLayerData": {
			"EncounterObjectGuid": "67bb85d7-99aa-44f5-9922-26e9e5d7dcf8"
		},
		"teamGuid": "61612bb3-abf9-4586-952a-0559fa9dcd75",
		"teamName": "Neutral to All",
		"faction": "INVALID_UNSET",
		"teamLeaderCastDefId": "castDef_TeamLeader_Current",
		"lanceOverrideList": [
			{
				"lanceSpawner": {
					"EncounterObjectGuid": "0e0cd0b5-3778-448a-bf76-aa5107e23265"
				},
				"name": "Turrets Alpha",
				"lanceDefId": "Manual",
				"lanceTagSet": {
					"items": [],
					"tagSetSourceFile": "Tags/LanceTags"
				},
				"lanceExcludedTagSet": {
					"items": [],
					"tagSetSourceFile": "Tags/LanceTags"
				},
				"spawnEffectTags": {
					"items": [],
					"tagSetSourceFile": "Tags/SpawnEffectTags"
				},
				"lanceDifficultyAdjustment": 0,
				"selectedLanceDefId": null,
				"selectedLanceDifficulty": 0,
				"unitSpawnPointOverrideList": [
					{
						"unitSpawnPoint": {
							"EncounterObjectGuid": "97b9bf99-ba58-4ae1-bbdb-e3a51e633482"
						},
						"customUnitName": "",
						"customHeraldryDefId": "",
						"unitType": "Turret",
						"unitDefId": "turretdef_Heavy_Laser",
						"unitTagSet": {
							"items": [],
							"tagSetSourceFile": "Tags/UnitTags"
						},
						"unitExcludedTagSet": {
							"items": [],
							"tagSetSourceFile": "Tags/UnitTags"
						},
						"spawnEffectTags": {
							"items": [],
							"tagSetSourceFile": "Tags/SpawnEffectTags"
						},
						"pilotDefId": "pilot_d5_turret",
						"pilotTagSet": {
							"items": [],
							"tagSetSourceFile": "Tags/PilotTags"
						},
						"pilotExcludedTagSet": {
							"items": [],
							"tagSetSourceFile": "Tags/PilotTags"
						},
						"selectedUnitType": "UNDEFINED",
						"selectedUnitDefId": null,
						"selectedPilotDefId": null
					},
					{
						"unitSpawnPoint": {
							"EncounterObjectGuid": "fd6a22d3-a268-4e74-9a0d-a0a951a5d043"
						},
						"customUnitName": "",
						"customHeraldryDefId": "",
						"unitType": "Turret",
						"unitDefId": "turretdef_Heavy_Laser",
						"unitTagSet": {
							"items": [],
							"tagSetSourceFile": ""
						},
						"unitExcludedTagSet": {
							"items": [],
							"tagSetSourceFile": "Tags/UnitTags"
						},
						"spawnEffectTags": {
							"items": [],
							"tagSetSourceFile": "Tags/SpawnEffectTags"
						},
						"pilotDefId": "pilot_d5_turret",
						"pilotTagSet": {
							"items": [],
							"tagSetSourceFile": ""
						},
						"pilotExcludedTagSet": {
							"items": [],
							"tagSetSourceFile": "Tags/PilotTags"
						},
						"selectedUnitType": "UNDEFINED",
						"selectedUnitDefId": null,
						"selectedPilotDefId": null
					}
				]
			},
			{
				"lanceSpawner": {
					"EncounterObjectGuid": "e5afb78f-761c-4298-9911-63f93e4f4e1d"
				},
				"name": "Turrets Charlie",
				"lanceDefId": "Manual",
				"lanceTagSet": {
					"items": [],
					"tagSetSourceFile": "Tags/LanceTags"
				},
				"lanceExcludedTagSet": {
					"items": [],
					"tagSetSourceFile": "Tags/LanceTags"
				},
				"spawnEffectTags": {
					"items": [],
					"tagSetSourceFile": "Tags/SpawnEffectTags"
				},
				"lanceDifficultyAdjustment": 0,
				"selectedLanceDefId": null,
				"selectedLanceDifficulty": 0,
				"unitSpawnPointOverrideList": [
					{
						"unitSpawnPoint": {
							"EncounterObjectGuid": "b943d92b-0ccb-401a-9a04-dd892906b7ac"
						},
						"customUnitName": "",
						"customHeraldryDefId": "",
						"unitType": "Turret",
						"unitDefId": "turretdef_Heavy_Laser",
						"unitTagSet": {
							"items": [],
							"tagSetSourceFile": "Tags/UnitTags"
						},
						"unitExcludedTagSet": {
							"items": [],
							"tagSetSourceFile": "Tags/UnitTags"
						},
						"spawnEffectTags": {
							"items": [],
							"tagSetSourceFile": "Tags/SpawnEffectTags"
						},
						"pilotDefId": "pilot_d5_turret",
						"pilotTagSet": {
							"items": [],
							"tagSetSourceFile": "Tags/PilotTags"
						},
						"pilotExcludedTagSet": {
							"items": [],
							"tagSetSourceFile": "Tags/PilotTags"
						},
						"selectedUnitType": "UNDEFINED",
						"selectedUnitDefId": null,
						"selectedPilotDefId": null
					},
					{
						"unitSpawnPoint": {
							"EncounterObjectGuid": "db43a321-0572-4700-a4e2-594054127981"
						},
						"customUnitName": "",
						"customHeraldryDefId": "",
						"unitType": "Turret",
						"unitDefId": "turretdef_Light_Laser",
						"unitTagSet": {
							"items": [],
							"tagSetSourceFile": "Tags/UnitTags"
						},
						"unitExcludedTagSet": {
							"items": [],
							"tagSetSourceFile": "Tags/UnitTags"
						},
						"spawnEffectTags": {
							"items": [],
							"tagSetSourceFile": "Tags/SpawnEffectTags"
						},
						"pilotDefId": "pilot_d5_turret",
						"pilotTagSet": {
							"items": [],
							"tagSetSourceFile": "Tags/PilotTags"
						},
						"pilotExcludedTagSet": {
							"items": [],
							"tagSetSourceFile": "Tags/PilotTags"
						},
						"selectedUnitType": "UNDEFINED",
						"selectedUnitDefId": null,
						"selectedPilotDefId": null
					},
					{
						"unitSpawnPoint": {
							"EncounterObjectGuid": "d4ea75a9-505f-47f4-a427-844fb93dbb4e"
						},
						"customUnitName": "",
						"customHeraldryDefId": "",
						"unitType": "Turret",
						"unitDefId": "turretdef_Heavy_Laser",
						"unitTagSet": {
							"items": [],
							"tagSetSourceFile": "Tags/UnitTags"
						},
						"unitExcludedTagSet": {
							"items": [],
							"tagSetSourceFile": "Tags/UnitTags"
						},
						"spawnEffectTags": {
							"items": [],
							"tagSetSourceFile": "Tags/SpawnEffectTags"
						},
						"pilotDefId": "pilot_d5_turret",
						"pilotTagSet": {
							"items": [],
							"tagSetSourceFile": "Tags/PilotTags"
						},
						"pilotExcludedTagSet": {
							"items": [],
							"tagSetSourceFile": "Tags/PilotTags"
						},
						"selectedUnitType": "UNDEFINED",
						"selectedUnitDefId": null,
						"selectedPilotDefId": null
					}
				]
			},
			{
				"lanceSpawner": {
					"EncounterObjectGuid": "9a69d22a-ddd6-4133-8a94-8736d4357703"
				},
				"name": "Turrets Bravo",
				"lanceDefId": "Manual",
				"lanceTagSet": {
					"items": [],
					"tagSetSourceFile": "Tags/LanceTags"
				},
				"lanceExcludedTagSet": {
					"items": [],
					"tagSetSourceFile": "Tags/LanceTags"
				},
				"spawnEffectTags": {
					"items": [],
					"tagSetSourceFile": "Tags/SpawnEffectTags"
				},
				"lanceDifficultyAdjustment": 0,
				"selectedLanceDefId": null,
				"selectedLanceDifficulty": 0,
				"unitSpawnPointOverrideList": [
					{
						"unitSpawnPoint": {
							"EncounterObjectGuid": "358a1163-0d9d-427a-8144-fd797c8c1140"
						},
						"customUnitName": "",
						"customHeraldryDefId": "",
						"unitType": "Turret",
						"unitDefId": "turretdef_Heavy_Laser",
						"unitTagSet": {
							"items": [],
							"tagSetSourceFile": "Tags/UnitTags"
						},
						"unitExcludedTagSet": {
							"items": [],
							"tagSetSourceFile": "Tags/UnitTags"
						},
						"spawnEffectTags": {
							"items": [],
							"tagSetSourceFile": "Tags/SpawnEffectTags"
						},
						"pilotDefId": "pilot_d5_turret",
						"pilotTagSet": {
							"items": [],
							"tagSetSourceFile": "Tags/PilotTags"
						},
						"pilotExcludedTagSet": {
							"items": [],
							"tagSetSourceFile": "Tags/PilotTags"
						},
						"selectedUnitType": "UNDEFINED",
						"selectedUnitDefId": null,
						"selectedPilotDefId": null
					},
					{
						"unitSpawnPoint": {
							"EncounterObjectGuid": "1dbc62ae-6d5c-45e7-8ec5-edf7959ef00a"
						},
						"customUnitName": "",
						"customHeraldryDefId": "",
						"unitType": "Turret",
						"unitDefId": "turretdef_Light_Laser",
						"unitTagSet": {
							"items": [],
							"tagSetSourceFile": "Tags/UnitTags"
						},
						"unitExcludedTagSet": {
							"items": [],
							"tagSetSourceFile": "Tags/UnitTags"
						},
						"spawnEffectTags": {
							"items": [],
							"tagSetSourceFile": "Tags/SpawnEffectTags"
						},
						"pilotDefId": "pilot_d5_turret",
						"pilotTagSet": {
							"items": [],
							"tagSetSourceFile": "Tags/PilotTags"
						},
						"pilotExcludedTagSet": {
							"items": [],
							"tagSetSourceFile": "Tags/PilotTags"
						},
						"selectedUnitType": "UNDEFINED",
						"selectedUnitDefId": null,
						"selectedPilotDefId": null
					}
				]
			},
			{
				"lanceSpawner": {
					"EncounterObjectGuid": "40ea1aca-c203-4703-aa56-b08d1de1f8f9"
				},
				"name": "Turrets Delta",
				"lanceDefId": "Manual",
				"lanceTagSet": {
					"items": [],
					"tagSetSourceFile": "Tags/LanceTags"
				},
				"lanceExcludedTagSet": {
					"items": [],
					"tagSetSourceFile": "Tags/LanceTags"
				},
				"spawnEffectTags": {
					"items": [],
					"tagSetSourceFile": "Tags/SpawnEffectTags"
				},
				"lanceDifficultyAdjustment": 0,
				"selectedLanceDefId": null,
				"selectedLanceDifficulty": 0,
				"unitSpawnPointOverrideList": [
					{
						"unitSpawnPoint": {
							"EncounterObjectGuid": "57d767f4-e3bd-4247-a76a-307e544b5081"
						},
						"customUnitName": "",
						"customHeraldryDefId": "",
						"unitType": "Turret",
						"unitDefId": "turretdef_Standard_Sniper",
						"unitTagSet": {
							"items": [],
							"tagSetSourceFile": ""
						},
						"unitExcludedTagSet": {
							"items": [],
							"tagSetSourceFile": "Tags/UnitTags"
						},
						"spawnEffectTags": {
							"items": [],
							"tagSetSourceFile": "Tags/SpawnEffectTags"
						},
						"pilotDefId": "pilot_d5_turret",
						"pilotTagSet": {
							"items": [],
							"tagSetSourceFile": ""
						},
						"pilotExcludedTagSet": {
							"items": [],
							"tagSetSourceFile": "Tags/PilotTags"
						},
						"selectedUnitType": "UNDEFINED",
						"selectedUnitDefId": null,
						"selectedPilotDefId": null
					},
					{
						"unitSpawnPoint": {
							"EncounterObjectGuid": "2f71bff8-b052-48ed-b501-40d41cf916b4"
						},
						"customUnitName": "",
						"customHeraldryDefId": "",
						"unitType": "Turret",
						"unitDefId": "turretdef_Standard_LRM",
						"unitTagSet": {
							"items": [],
							"tagSetSourceFile": ""
						},
						"unitExcludedTagSet": {
							"items": [],
							"tagSetSourceFile": "Tags/UnitTags"
						},
						"spawnEffectTags": {
							"items": [],
							"tagSetSourceFile": "Tags/SpawnEffectTags"
						},
						"pilotDefId": "pilot_d5_turret",
						"pilotTagSet": {
							"items": [],
							"tagSetSourceFile": ""
						},
						"pilotExcludedTagSet": {
							"items": [],
							"tagSetSourceFile": "Tags/PilotTags"
						},
						"selectedUnitType": "UNDEFINED",
						"selectedUnitDefId": null,
						"selectedPilotDefId": null
					},
					{
						"unitSpawnPoint": {
							"EncounterObjectGuid": "dc3a587f-8361-4de7-b75a-47a26053e33d"
						},
						"customUnitName": "",
						"customHeraldryDefId": "",
						"unitType": "Turret",
						"unitDefId": "turretdef_Standard_Laser",
						"unitTagSet": {
							"items": [],
							"tagSetSourceFile": ""
						},
						"unitExcludedTagSet": {
							"items": [],
							"tagSetSourceFile": "Tags/UnitTags"
						},
						"spawnEffectTags": {
							"items": [],
							"tagSetSourceFile": "Tags/SpawnEffectTags"
						},
						"pilotDefId": "pilot_d5_turret",
						"pilotTagSet": {
							"items": [],
							"tagSetSourceFile": ""
						},
						"pilotExcludedTagSet": {
							"items": [],
							"tagSetSourceFile": "Tags/PilotTags"
						},
						"selectedUnitType": "UNDEFINED",
						"selectedUnitDefId": null,
						"selectedPilotDefId": null
					}
				]
			}
		]
	},
	"hostileToAllTeam": {
		"encounterLayerData": {
			"EncounterObjectGuid": "67bb85d7-99aa-44f5-9922-26e9e5d7dcf8"
		},
		"teamGuid": "3c9f3a20-ab03-4bcb-8ab6-b1ef0442bbf0",
		"teamName": "Hostile to All",
		"faction": "INVALID_UNSET",
		"teamLeaderCastDefId": "castDef_TeamLeader_Current",
		"lanceOverrideList": []
	}
}