{
	"ID": "StoryTime_6c_a_ItromAttack_Default",
	"contractName": "Liberate: Itrom",
	"contractDisplayStyle": "HeavyMetalFlashpointCampaign",
	"difficulty": 6,
	"difficultyUIModifier": 0,
	"weight": 1,
	"scope": "STANDARD",
	"finalDifficulty": 0,
	"shortDescription": "The Directorate has taken possession of Itrom's largest processor and refinery, and is attempting to loot the attached silos of rare and valuable minerals. We want you to claim them for the Restoration instead.",
	"longDescription": "The stuff that they mine on Itrom is worth a small fortune on the black market. Better to have it in our hands than the Directorate's.",
	"salvagePotential": 24,
	"requirementList": [],
	"OnContractSuccessResults": [],
	"OnContractFailureResults": [],
	"contractType": "Itrom_Attack",
	"encounterPlayStyle": "SinglePlayer",
	"maxNumberOfPlayerUnits": 4,
	"mapMood": "RestorationItrom",
	"startingFogOfWarVisibility": "Surveyed",
	"contractObjectiveList": [
		{
			"contractObjective": {
				"EncounterObjectGuid": "8d7e4513-f6c4-4914-a08f-d7baa89672be"
			},
			"title": "Take advantage of Itrom's sensor interference to approach Directorate units unseen",
			"description": "",
			"isPrimary": true,
			"forPlayer": "Player1",
			"objectiveGuids": [
				"3a4192be-2a53-4383-94ac-19c08883ea5f",
				"75e11263-f54a-4fc1-bbc9-7aa63d2004ba",
				"644f7f0d-d48b-4e5a-8e7e-e77d056f4301",
				"cd1cb1ef-09d6-416e-b25a-f31adb2e42a8",
				"e810fe8e-6855-4207-8c9d-f77cffa34cde"
			]
		},
		{
			"contractObjective": {
				"EncounterObjectGuid": "a497eda1-2c74-4eeb-9258-6cbbcbce4d1c"
			},
			"title": "Eliminate Directorate 'Mechs to secure resource storage silos",
			"description": "",
			"isPrimary": true,
			"forPlayer": "Player1",
			"objectiveGuids": []
		},
		{
			"contractObjective": {
				"EncounterObjectGuid": "6ec6cf4d-45b3-4ef4-bbf1-8aa172947bd2"
			},
			"title": "Act quickly to prevent the Directorate from sabotaging the silos",
			"description": "",
			"isPrimary": true,
			"forPlayer": "Player1",
			"objectiveGuids": []
		}
	],
	"objectiveList": [
		{
			"objective": {
				"EncounterObjectGuid": "e810fe8e-6855-4207-8c9d-f77cffa34cde"
			},
			"title": "TAKE CONTROL OF AT LEAST ONE STORAGE SILO",
			"description": "",
			"isPrimary": true,
			"OnSuccessResults": [],
			"OnFailureResults": []
		},
		{
			"objective": {
				"EncounterObjectGuid": "75e11263-f54a-4fc1-bbc9-7aa63d2004ba"
			},
			"title": "CAPTURE STORAGE SILO ALPHA",
			"description": "",
			"isPrimary": false,
			"OnSuccessResults": [
				{
					"Scope": "Company",
					"Requirements": {
						"Scope": "Company",
						"RequirementTags": {
							"items": [],
							"tagSetSourceFile": ""
						},
						"ExclusionTags": {
							"items": [],
							"tagSetSourceFile": ""
						},
						"RequirementComparisons": []
					},
					"AddedTags": {
						"items": [],
						"tagSetSourceFile": ""
					},
					"RemovedTags": {
						"items": [],
						"tagSetSourceFile": ""
					},
					"Stats": [
						{
							"typeString": "System.Single",
							"name": "ContractBonusRewardPct",
							"value": "0.25",
							"set": false,
							"valueConstant": ""
						}
					],
					"Actions": [],
					"ForceEvents": [],
					"TemporaryResult": false,
					"ResultDuration": 0
				}
			],
			"OnFailureResults": []
		},
		{
			"objective": {
				"EncounterObjectGuid": "644f7f0d-d48b-4e5a-8e7e-e77d056f4301"
			},
			"title": "CAPTURE STORAGE SILO BRAVO",
			"description": "",
			"isPrimary": false,
			"OnSuccessResults": [
				{
					"Scope": "Company",
					"Requirements": {
						"Scope": "Company",
						"RequirementTags": {
							"items": [],
							"tagSetSourceFile": ""
						},
						"ExclusionTags": {
							"items": [],
							"tagSetSourceFile": ""
						},
						"RequirementComparisons": []
					},
					"AddedTags": {
						"items": [],
						"tagSetSourceFile": ""
					},
					"RemovedTags": {
						"items": [],
						"tagSetSourceFile": ""
					},
					"Stats": [
						{
							"typeString": "System.Single",
							"name": "ContractBonusRewardPct",
							"value": "0.25",
							"set": false,
							"valueConstant": ""
						}
					],
					"Actions": [],
					"ForceEvents": [],
					"TemporaryResult": false,
					"ResultDuration": 0
				}
			],
			"OnFailureResults": []
		},
		{
			"objective": {
				"EncounterObjectGuid": "cd1cb1ef-09d6-416e-b25a-f31adb2e42a8"
			},
			"title": "CAPTURE STORAGE SILO CHARLIE",
			"description": "",
			"isPrimary": false,
			"OnSuccessResults": [
				{
					"Scope": "Company",
					"Requirements": {
						"Scope": "Company",
						"RequirementTags": {
							"items": [],
							"tagSetSourceFile": ""
						},
						"ExclusionTags": {
							"items": [],
							"tagSetSourceFile": ""
						},
						"RequirementComparisons": []
					},
					"AddedTags": {
						"items": [],
						"tagSetSourceFile": ""
					},
					"RemovedTags": {
						"items": [],
						"tagSetSourceFile": ""
					},
					"Stats": [
						{
							"typeString": "System.Single",
							"name": "ContractBonusRewardPct",
							"value": "0.25",
							"set": false,
							"valueConstant": ""
						}
					],
					"Actions": [],
					"ForceEvents": [],
					"TemporaryResult": false,
					"ResultDuration": 0
				}
			],
			"OnFailureResults": []
		},
		{
			"objective": {
				"EncounterObjectGuid": "fba1eca9-8c74-4164-9ea6-e74df945bdf3"
			},
			"title": "DESTROY FORCES AT SILO ALPHA BEFORE IT SELF DESTRUCTS",
			"description": "",
			"isPrimary": false,
			"OnSuccessResults": [],
			"OnFailureResults": []
		},
		{
			"objective": {
				"EncounterObjectGuid": "f4bc787d-ef2e-4269-8f7e-25e1cd720de5"
			},
			"title": "DESTROY FORCES AT SILO ALPHA BEFORE IT SELF DESTRUCTS",
			"description": "",
			"isPrimary": false,
			"OnSuccessResults": [],
			"OnFailureResults": []
		},
		{
			"objective": {
				"EncounterObjectGuid": "d326fb92-528c-44e0-901f-7882ea7d9a2a"
			},
			"title": "Artillery hits in ",
			"description": "",
			"isPrimary": false,
			"OnSuccessResults": [],
			"OnFailureResults": []
		},
		{
			"objective": {
				"EncounterObjectGuid": "df207607-3ec3-48ce-8f07-809c42d1f6fd"
			},
			"title": "Artillery hits in ",
			"description": "",
			"isPrimary": false,
			"OnSuccessResults": [],
			"OnFailureResults": []
		},
		{
			"objective": {
				"EncounterObjectGuid": "c47988fa-e4f3-437b-b658-9e4c37e7850c"
			},
			"title": "Destroy the units Defending Silo Bravo",
			"description": "",
			"isPrimary": false,
			"OnSuccessResults": [],
			"OnFailureResults": []
		},
		{
			"objective": {
				"EncounterObjectGuid": "57c6c873-dd22-480f-97c6-39c09a34fc26"
			},
			"title": "DESTROY FORCES AT SILO BRAVO BEFORE IT SELF DESTRUCTS",
			"description": "",
			"isPrimary": false,
			"OnSuccessResults": [],
			"OnFailureResults": []
		},
		{
			"objective": {
				"EncounterObjectGuid": "47d1d20e-e3af-4b11-9074-245fa09c3ce1"
			},
			"title": "Destroy the units Defending Silo Charlie",
			"description": "",
			"isPrimary": false,
			"OnSuccessResults": [],
			"OnFailureResults": []
		},
		{
			"objective": {
				"EncounterObjectGuid": "9a4f3b03-20d1-4441-b39d-4ba8ded970f3"
			},
			"title": "DESTROY FORCES AT SILO CHARLIE BEFORE IT SELF DESTRUCTS",
			"description": "",
			"isPrimary": false,
			"OnSuccessResults": [],
			"OnFailureResults": []
		},
		{
			"objective": {
				"EncounterObjectGuid": "b44df1e1-6ec6-45f4-8732-74a689cf8a21"
			},
			"title": "Artillery hits in ",
			"description": "",
			"isPrimary": false,
			"OnSuccessResults": [],
			"OnFailureResults": []
		},
		{
			"objective": {
				"EncounterObjectGuid": "3a4192be-2a53-4383-94ac-19c08883ea5f"
			},
			"title": "Get to the evac zone",
			"description": "",
			"isPrimary": true,
			"OnSuccessResults": [],
			"OnFailureResults": []
		}
	],
	"buildingList": [],
	"chunkList": [],
	"cameraFocusHelperList": [
		{
			"name": "PlayerLanceSpawner_Attack",
			"encounterObject": {
				"EncounterObjectGuid": "76b654a6-4f2c-4a6f-86e6-d4cf868335fe"
			}
		},
		{
			"name": "Alpha Lance",
			"encounterObject": {
				"EncounterObjectGuid": "ceb38ffb-7c81-41d8-8d17-1d984c35299f"
			}
		},
		{
			"name": "Bravo Lance",
			"encounterObject": {
				"EncounterObjectGuid": "10506c99-8c98-448e-b942-5bbcfcdfb4e8"
			}
		},
		{
			"name": "Charlie Lance",
			"encounterObject": {
				"EncounterObjectGuid": "a2c22931-29af-4c3c-8f70-a328280b5904"
			}
		},
		{
			"name": "Proximity Region Alpha",
			"encounterObject": {
				"EncounterObjectGuid": "da872d7d-e6ea-4b31-a4c9-c4424fa1caf4"
			}
		},
		{
			"name": "Proximity Region Beta",
			"encounterObject": {
				"EncounterObjectGuid": "2084650e-8bae-4d9f-819f-5655545b3a8f"
			}
		},
		{
			"name": "Proximity Region Charile",
			"encounterObject": {
				"EncounterObjectGuid": "627365f6-5de9-4d5d-a6d5-f359e9adfb02"
			}
		},
		{
			"name": "Alpha Explosion Region",
			"encounterObject": {
				"EncounterObjectGuid": "0d056c3a-fe69-4498-bf6b-a28820e1753e"
			}
		},
		{
			"name": "Detect Region Alpha",
			"encounterObject": {
				"EncounterObjectGuid": "1d175524-df2e-4005-a57e-4bbc7f079260"
			}
		},
		{
			"name": "Bravo Explosion Region",
			"encounterObject": {
				"EncounterObjectGuid": "32e6b9dc-0171-4cb8-b064-546425c690ff"
			}
		},
		{
			"name": "Detect Region Bravo",
			"encounterObject": {
				"EncounterObjectGuid": "c856834d-e2db-409c-825b-2d5c642cff53"
			}
		},
		{
			"name": "Charlie Explosion Region",
			"encounterObject": {
				"EncounterObjectGuid": "7b3555af-711e-4ee9-8cde-448fe2ae1811"
			}
		},
		{
			"name": "Detect Region Charlie",
			"encounterObject": {
				"EncounterObjectGuid": "270aa78a-a944-40ec-93c3-55394e01f869"
			}
		},
		{
			"name": "Region_Escape",
			"encounterObject": {
				"EncounterObjectGuid": "a85da736-7a2e-4cc6-aff3-feb9d73fc7e1"
			}
		},
		{
			"name": "Motorpool Focus",
			"encounterObject": {
				"EncounterObjectGuid": "baf69f5d-4a76-42c9-9f6a-d11f64db2c49"
			}
		},
		{
			"name": "Alpha Tank Focus",
			"encounterObject": {
				"EncounterObjectGuid": "65ffab5f-57ca-4e2a-ae26-3864c359ee2e"
			}
		},
		{
			"name": "Bravo Tank Focus",
			"encounterObject": {
				"EncounterObjectGuid": "31175198-1332-4593-b47d-6f7aa5a5e441"
			}
		},
		{
			"name": "Charlie Tank Focus",
			"encounterObject": {
				"EncounterObjectGuid": "6f0b636e-d593-4c83-ad83-dedc61f835ec"
			}
		},
		{
			"name": "chrPrfVhcl_leopard-MANAGED",
			"encounterObject": {
				"EncounterObjectGuid": "f8869bd3-5f04-46c5-92c0-acd80955035a"
			}
		},
		{
			"name": "chrPrfVhcl_union-MANAGED",
			"encounterObject": {
				"EncounterObjectGuid": "c5ff9f79-355e-4b5c-a161-8e8f311085e3"
			}
		},
		{
			"name": "chrPrfVhcl_leopard-MANAGED",
			"encounterObject": {
				"EncounterObjectGuid": "11457170-0e7f-4b0b-8d0a-de436e83d30b"
			}
		},
		{
			"name": "chrPrfVhcl_union-MANAGED",
			"encounterObject": {
				"EncounterObjectGuid": "af69eb97-dc02-410e-a9ac-498f02a3acde"
			}
		},
		{
			"name": "chrPrfVhcl_leopard-MANAGED",
			"encounterObject": {
				"EncounterObjectGuid": "132f7bdc-4550-48f7-9b16-4969c7cf1100"
			}
		},
		{
			"name": "chrPrfVhcl_union-MANAGED",
			"encounterObject": {
				"EncounterObjectGuid": "48c30d9c-0b93-4c6b-b954-b3f417ead34d"
			}
		}
	],
	"dialogueList": [
		{
			"dialogue": {
				"EncounterObjectGuid": "a7679ca6-cdd4-4459-a5c4-9e02e217e847"
			},
			"name": "Async_PostIntro",
			"overrideDialogueBucketId": "",
			"dialogueContent": [
				{
					"words": "While capturing one working silo is your primary objective, we can always use more. The Restoration will pay an additional bounty for each silo you capture beyond the first. Good hunting, Commander.",
					"wordsColor": {
						"r": 1,
						"g": 1,
						"b": 1,
						"a": 1
					},
					"selectedCastDefId": "castDef_KameaDefault",
					"emote": "Default",
					"audioName": "rm030_110_kamea",
					"cameraFocusGuid": "",
					"cameraDistance": "Far",
					"cameraHeight": "Default",
					"revealRadius": -1
				}
			]
		},
		{
			"dialogue": {
				"EncounterObjectGuid": "83e6a053-25d5-48d0-9b4e-0b9eb964527e"
			},
			"name": "Inter_ContactEstablished",
			"overrideDialogueBucketId": "",
			"dialogueContent": [
				{
					"words": "The same radiation that's garbling the Directorate's long-range communications will render their sensors useless. You can detect them, but they won't even know you're there until you enter their direct line of sight.",
					"wordsColor": {
						"r": 1,
						"g": 1,
						"b": 1,
						"a": 1
					},
					"selectedCastDefId": "castDef_KameaDefault",
					"emote": "Default",
					"audioName": "NONE",
					"cameraFocusGuid": "",
					"cameraDistance": "Far",
					"cameraHeight": "Default",
					"revealRadius": -1
				}
			]
		},
		{
			"dialogue": {
				"EncounterObjectGuid": "5fe194e9-5b24-4eef-9d47-869935ae83d3"
			},
			"name": "Async_PostContactEstablished",
			"overrideDialogueBucketId": "",
			"dialogueContent": [
				{
					"words": "With the radiation masking your approach, you'll be like ghosts to the Directorate. Plan your moves carefully, close to striking distance, and take them down.",
					"wordsColor": {
						"r": 1,
						"g": 1,
						"b": 1,
						"a": 1
					},
					"selectedCastDefId": "castDef_KameaDefault",
					"emote": "Default",
					"audioName": "rm030_120_kamea",
					"cameraFocusGuid": "",
					"cameraDistance": "Far",
					"cameraHeight": "Default",
					"revealRadius": -1
				}
			]
		},
		{
			"dialogue": {
				"EncounterObjectGuid": "4d65ebca-1e25-4168-b7b7-1b6b5b234dff"
			},
			"name": "Async_CenterBaseFirstUnlocked",
			"overrideDialogueBucketId": "",
			"dialogueContent": [
				{
					"words": "Nicely done, Commander-the storage silo is ours. I'm marking an evac zone on your map; whenever you're ready, you may proceed there for extraction.",
					"wordsColor": {
						"r": 1,
						"g": 1,
						"b": 1,
						"a": 1
					},
					"selectedCastDefId": "castDef_KameaDefault",
					"emote": "Default",
					"audioName": "rm030_130_kamea",
					"cameraFocusGuid": "baf69f5d-4a76-42c9-9f6a-d11f64db2c49",
					"cameraDistance": "Medium",
					"cameraHeight": "High",
					"revealRadius": 100
				}
			]
		},
		{
			"dialogue": {
				"EncounterObjectGuid": "fcc55d8c-b3c8-4b89-92f5-2f0eb64734bb"
			},
			"name": "Inter_FirstTankJustCaptured",
			"overrideDialogueBucketId": "",
			"dialogueContent": [
				{
					"words": "Our recovery team is moving in to take possession of the silo.",
					"wordsColor": {
						"r": 1,
						"g": 1,
						"b": 1,
						"a": 1
					},
					"selectedCastDefId": "castDef_KameaDefault",
					"emote": "Default",
					"audioName": "NONE",
					"cameraFocusGuid": "",
					"cameraDistance": "Far",
					"cameraHeight": "Default",
					"revealRadius": -1
				}
			]
		},
		{
			"dialogue": {
				"EncounterObjectGuid": "3a86c5d7-563a-438d-8dce-4c8cd62938d2"
			},
			"name": "Async_SingleBaseProximityWarning",
			"overrideDialogueBucketId": "",
			"dialogueContent": [
				{
					"words": "You're getting close, Commander. Be careful with your positioning-if they pick up a visual on you, they'll go on high alert, sensors or no sensors. ",
					"wordsColor": {
						"r": 1,
						"g": 1,
						"b": 1,
						"a": 1
					},
					"selectedCastDefId": "castDef_KameaDefault",
					"emote": "Default",
					"audioName": "rm030_140_kamea",
					"cameraFocusGuid": "",
					"cameraDistance": "Far",
					"cameraHeight": "Default",
					"revealRadius": -1
				}
			]
		},
		{
			"dialogue": {
				"EncounterObjectGuid": "35a0cd52-21ca-4ef0-851a-3347dbeabc37"
			},
			"name": "Async_BravoUnitSeesYou",
			"overrideDialogueBucketId": "",
			"dialogueContent": [
				{
					"words": "Lock and load, Bravo Lance! We've got company!",
					"wordsColor": {
						"r": 1,
						"g": 1,
						"b": 1,
						"a": 1
					},
					"selectedCastDefId": "castDef_RE_Itrom_DirMWDefault",
					"emote": "Default",
					"audioName": "rm030_150_enemy_pilot01",
					"cameraFocusGuid": "",
					"cameraDistance": "Far",
					"cameraHeight": "Default",
					"revealRadius": -1
				}
			]
		},
		{
			"dialogue": {
				"EncounterObjectGuid": "370744be-e487-4793-8bb8-a409490785f5"
			},
			"name": "Inter_BaseBravoAlerted",
			"overrideDialogueBucketId": "",
			"dialogueContent": [
				{
					"words": "Silo Bravo has detected you. Move fast, Commander-you have a limited time before they destroy the silo.",
					"wordsColor": {
						"r": 1,
						"g": 1,
						"b": 1,
						"a": 1
					},
					"selectedCastDefId": "castDef_KameaDefault",
					"emote": "Default",
					"audioName": "NONE",
					"cameraFocusGuid": "31175198-1332-4593-b47d-6f7aa5a5e441",
					"cameraDistance": "Far",
					"cameraHeight": "Default",
					"revealRadius": -1
				}
			]
		},
		{
			"dialogue": {
				"EncounterObjectGuid": "bc9c03b3-56de-450d-b9fb-95ebd3b0a0e5"
			},
			"name": "Async_AlphaUnitSeesYou",
			"overrideDialogueBucketId": "",
			"dialogueContent": [
				{
					"words": "Alpha Lance, fall in on my position! I've got eyes on the enemy!",
					"wordsColor": {
						"r": 1,
						"g": 1,
						"b": 1,
						"a": 1
					},
					"selectedCastDefId": "castDef_RE_Itrom_DirMWDefault",
					"emote": "Default",
					"audioName": "rm030_160_enemy_pilot02",
					"cameraFocusGuid": "",
					"cameraDistance": "Far",
					"cameraHeight": "Default",
					"revealRadius": -1
				}
			]
		},
		{
			"dialogue": {
				"EncounterObjectGuid": "4ea79923-b501-42ed-8adc-3d07c8dd3dad"
			},
			"name": "Inter_BaseAlphaAlerted",
			"overrideDialogueBucketId": "",
			"dialogueContent": [
				{
					"words": "Silo Alpha has detected your presence. Act quickly, Commander-if you give them enough time, they'll set the silo to self-destruct.",
					"wordsColor": {
						"r": 1,
						"g": 1,
						"b": 1,
						"a": 1
					},
					"selectedCastDefId": "castDef_KameaDefault",
					"emote": "Default",
					"audioName": "NONE",
					"cameraFocusGuid": "65ffab5f-57ca-4e2a-ae26-3864c359ee2e",
					"cameraDistance": "Far",
					"cameraHeight": "Default",
					"revealRadius": -1
				}
			]
		},
		{
			"dialogue": {
				"EncounterObjectGuid": "b1022188-7a42-43ee-98ff-dccc7ad92c6d"
			},
			"name": "Async_CharlieUnitSeesYou",
			"overrideDialogueBucketId": "",
			"dialogueContent": [
				{
					"words": "Weapons hot, Charlie Lance! We've got incoming BattleMechs at my position!",
					"wordsColor": {
						"r": 1,
						"g": 1,
						"b": 1,
						"a": 1
					},
					"selectedCastDefId": "castDef_RE_Itrom_DirMWDefault",
					"emote": "Default",
					"audioName": "rm030_170_enemy_pilot03",
					"cameraFocusGuid": "",
					"cameraDistance": "Far",
					"cameraHeight": "Default",
					"revealRadius": -1
				}
			]
		},
		{
			"dialogue": {
				"EncounterObjectGuid": "f7d4cc64-5943-4835-99c9-8f5c3d7c9c32"
			},
			"name": "Inter_BaseCharlieAlerted",
			"overrideDialogueBucketId": "",
			"dialogueContent": [
				{
					"words": "Silo Charlie is under alert. Take it quickly, before they have time to destroy it.",
					"wordsColor": {
						"r": 1,
						"g": 1,
						"b": 1,
						"a": 1
					},
					"selectedCastDefId": "castDef_KameaDefault",
					"emote": "Default",
					"audioName": "NONE",
					"cameraFocusGuid": "6f0b636e-d593-4c83-ad83-dedc61f835ec",
					"cameraDistance": "Far",
					"cameraHeight": "Default",
					"revealRadius": -1
				}
			]
		},
		{
			"dialogue": {
				"EncounterObjectGuid": "622a312d-8d0e-493a-8f14-8a0cb33beacc"
			},
			"name": "Async_OneRoundLeft_Depricated",
			"overrideDialogueBucketId": "",
			"dialogueContent": [
				{
					"words": "Hurry, Commander! They've nearly finished wiring the silo to blow!",
					"wordsColor": {
						"r": 1,
						"g": 1,
						"b": 1,
						"a": 1
					},
					"selectedCastDefId": "castDef_KameaDefault",
					"emote": "Default",
					"audioName": "rm030_180_kamea",
					"cameraFocusGuid": "",
					"cameraDistance": "Far",
					"cameraHeight": "Default",
					"revealRadius": -1
				}
			]
		},
		{
			"dialogue": {
				"EncounterObjectGuid": "a51da118-e7e5-43e9-947c-09b5fcca3f8b"
			},
			"name": "Async_TooLate",
			"overrideDialogueBucketId": "",
			"dialogueContent": [
				{
					"words": "It's too late-we've lost this silo.",
					"wordsColor": {
						"r": 1,
						"g": 1,
						"b": 1,
						"a": 1
					},
					"selectedCastDefId": "castDef_KameaDefault",
					"emote": "Default",
					"audioName": "rm030_190_kamea",
					"cameraFocusGuid": "",
					"cameraDistance": "Far",
					"cameraHeight": "Default",
					"revealRadius": -1
				}
			]
		},
		{
			"dialogue": {
				"EncounterObjectGuid": "d13647d6-187d-4810-8b4f-87fdf7681be1"
			},
			"name": "Inter_ReinforcementsArrived",
			"overrideDialogueBucketId": "",
			"dialogueContent": [
				{
					"words": "Commander, I'm detecting Directorate reinforcements between you and the evac point. They won't be able to find you unless you enter their line of sight, but it looks like you're going to have to fight your way through them.",
					"wordsColor": {
						"r": 1,
						"g": 1,
						"b": 1,
						"a": 1
					},
					"selectedCastDefId": "castDef_KameaDefault",
					"emote": "Default",
					"audioName": "NONE",
					"cameraFocusGuid": "",
					"cameraDistance": "Far",
					"cameraHeight": "Default",
					"revealRadius": -1
				}
			]
		},
		{
			"dialogue": {
				"EncounterObjectGuid": "a8586e15-5070-4f23-8cab-a3dd738d41f5"
			},
			"name": "Inter_AlphaOneRoundToBlow",
			"overrideDialogueBucketId": "",
			"dialogueContent": [
				{
					"words": "Hurry, Commander! They've almost finished rigging that silo to blow!",
					"wordsColor": {
						"r": 1,
						"g": 1,
						"b": 1,
						"a": 1
					},
					"selectedCastDefId": "castDef_KameaDefault",
					"emote": "Default",
					"audioName": "NONE",
					"cameraFocusGuid": "65ffab5f-57ca-4e2a-ae26-3864c359ee2e",
					"cameraDistance": "Medium",
					"cameraHeight": "High",
					"revealRadius": -1
				}
			]
		},
		{
			"dialogue": {
				"EncounterObjectGuid": "534fca16-f686-4044-b0a6-2dcffe2955e3"
			},
			"name": "Inter_BravoOneRoundToBlow",
			"overrideDialogueBucketId": "",
			"dialogueContent": [
				{
					"words": "Time is almost up, either defeat those guards or get your forces clear!",
					"wordsColor": {
						"r": 1,
						"g": 1,
						"b": 1,
						"a": 1
					},
					"selectedCastDefId": "castDef_KameaDefault",
					"emote": "Default",
					"audioName": "NONE",
					"cameraFocusGuid": "31175198-1332-4593-b47d-6f7aa5a5e441",
					"cameraDistance": "Medium",
					"cameraHeight": "High",
					"revealRadius": -1
				}
			]
		},
		{
			"dialogue": {
				"EncounterObjectGuid": "0ea928bd-5579-4b20-8eac-032e2a72c587"
			},
			"name": "Inter_CharlieOneRoundToBlow",
			"overrideDialogueBucketId": "",
			"dialogueContent": [
				{
					"words": "That silo is almost ready to blow!",
					"wordsColor": {
						"r": 1,
						"g": 1,
						"b": 1,
						"a": 1
					},
					"selectedCastDefId": "castDef_KameaDefault",
					"emote": "Default",
					"audioName": "NONE",
					"cameraFocusGuid": "6f0b636e-d593-4c83-ad83-dedc61f835ec",
					"cameraDistance": "Medium",
					"cameraHeight": "High",
					"revealRadius": -1
				}
			]
		},
		{
			"dialogue": {
				"EncounterObjectGuid": "53a52219-5856-48ab-a06b-7216736d19b4"
			},
			"name": "Inter_AlphaEngineersDefuse",
			"overrideDialogueBucketId": "",
			"dialogueContent": [
				{
					"words": "Engineers deployed, they're defusing the charges now.\n",
					"wordsColor": {
						"r": 1,
						"g": 1,
						"b": 1,
						"a": 1
					},
					"selectedCastDefId": "castDef_RE_Tyrlon_RestorationPilotDefault",
					"emote": "Default",
					"audioName": "NONE",
					"cameraFocusGuid": "65ffab5f-57ca-4e2a-ae26-3864c359ee2e",
					"cameraDistance": "Medium",
					"cameraHeight": "High",
					"revealRadius": -1
				}
			]
		},
		{
			"dialogue": {
				"EncounterObjectGuid": "7740ca96-9573-46dc-93c1-4999a9c75598"
			},
			"name": "Inter_BravoEngineersDefuse",
			"overrideDialogueBucketId": "",
			"dialogueContent": [
				{
					"words": "We've set down combat engineers, they're securing the structure.",
					"wordsColor": {
						"r": 1,
						"g": 1,
						"b": 1,
						"a": 1
					},
					"selectedCastDefId": "castDef_RE_Tyrlon_RestorationPilotDefault",
					"emote": "Default",
					"audioName": "NONE",
					"cameraFocusGuid": "31175198-1332-4593-b47d-6f7aa5a5e441",
					"cameraDistance": "Medium",
					"cameraHeight": "High",
					"revealRadius": -1
				}
			]
		},
		{
			"dialogue": {
				"EncounterObjectGuid": "edead690-0a9c-4c27-990f-fc43bd6bd9d4"
			},
			"name": "Inter_CharlieEngineersDefuse",
			"overrideDialogueBucketId": "",
			"dialogueContent": [
				{
					"words": "Explosive defusal is a go, Commander {COMMANDER.LastName}.",
					"wordsColor": {
						"r": 1,
						"g": 1,
						"b": 1,
						"a": 1
					},
					"selectedCastDefId": "castDef_RE_Tyrlon_RestorationPilotDefault",
					"emote": "Default",
					"audioName": "NONE",
					"cameraFocusGuid": "6f0b636e-d593-4c83-ad83-dedc61f835ec",
					"cameraDistance": "Medium",
					"cameraHeight": "High",
					"revealRadius": -1
				}
			]
		},
		{
			"dialogue": {
				"EncounterObjectGuid": "50880b34-383d-4def-9783-ac77afcde247"
			},
			"name": "MissionSuccessDialogue_WithAutoComplete",
			"overrideDialogueBucketId": "",
			"dialogueContent": [
				{
					"words": "Good work, Commander-thanks to you, the Directorate has suffered a major setback, and we've gained a valuable new asset.",
					"wordsColor": {
						"r": 1,
						"g": 1,
						"b": 1,
						"a": 1
					},
					"selectedCastDefId": "castDef_KameaDefault",
					"emote": "Default",
					"audioName": "NONE",
					"cameraFocusGuid": "",
					"cameraDistance": "Far",
					"cameraHeight": "Default",
					"revealRadius": -1
				},
				{
					"words": "Yeah, three cheers. If you'll excuse us, Lady Arano, we need to get these 'Mechs hosed down and decontaminated. C'mon, Commander... Yang's got a great big tub of boron, and he's just dying to use it.",
					"wordsColor": {
						"r": 1,
						"g": 1,
						"b": 1,
						"a": 1
					},
					"selectedCastDefId": "castDef_SumireDefault",
					"emote": "Default",
					"audioName": "NONE",
					"cameraFocusGuid": "",
					"cameraDistance": "Far",
					"cameraHeight": "Default",
					"revealRadius": -1
				},
				{
					"words": "Commander, the area has been cleared. Darius has given me the green light to land immediately. Hold position.",
					"wordsColor": {
						"r": 1,
						"g": 1,
						"b": 1,
						"a": 1
					},
					"selectedCastDefId": "castDef_SumireDefault",
					"emote": "Default",
					"audioName": "NONE",
					"cameraFocusGuid": "",
					"cameraDistance": "Far",
					"cameraHeight": "Default",
					"revealRadius": -1
				}
			]
		},
		{
			"dialogue": {
				"EncounterObjectGuid": "73df8d9c-a274-48fd-98c9-2bd0d7860e83"
			},
			"name": "MissionStartDialogue",
			"overrideDialogueBucketId": "",
			"dialogueContent": [
				{
					"words": "Welcome to the badlands of Itrom, Commander. The sands of this desert are rich in exotic elements that play havoc with electronic sensors and communications. Without the use of House Gallas's signal-boosting equipment, you wouldn't even be receiving this message.",
					"wordsColor": {
						"r": 1,
						"g": 1,
						"b": 1,
						"a": 1
					},
					"selectedCastDefId": "castDef_KameaDefault",
					"emote": "Default",
					"audioName": "NONE",
					"cameraFocusGuid": "",
					"cameraDistance": "Far",
					"cameraHeight": "Default",
					"revealRadius": -1
				},
				{
					"words": "The badlands are a gold mine of rare-earth metals and fissile materials. The Directorate has seized control of House Gallas's largest processor and refinery, and they're getting ready to move a year's supply of exotic materials offworld.",
					"wordsColor": {
						"r": 1,
						"g": 1,
						"b": 1,
						"a": 1
					},
					"selectedCastDefId": "castDef_KameaDefault",
					"emote": "Default",
					"audioName": "NONE",
					"cameraFocusGuid": "",
					"cameraDistance": "Close",
					"cameraHeight": "Low",
					"revealRadius": -1
				},
				{
					"words": "I need you to capture at least one of those silos for the Restoration. Choose your target, engage its defenders, and destroy them-our recovery team will take care of the rest. You'll need to act quickly, though; the Directorate will wire the silos to self-destruct if you give them the chance.",
					"wordsColor": {
						"r": 1,
						"g": 1,
						"b": 1,
						"a": 1
					},
					"selectedCastDefId": "castDef_KameaDefault",
					"emote": "Default",
					"audioName": "NONE",
					"cameraFocusGuid": "65ffab5f-57ca-4e2a-ae26-3864c359ee2e",
					"cameraDistance": "Medium",
					"cameraHeight": "High",
					"revealRadius": -1
				},
				{
					"words": "The same radiation that's garbling the Directorate's long-range communications will render their sensors useless. You can detect them, but they won't even know you're there until you enter their direct line of sight, and the silos won't be able to communicate with one another.",
					"wordsColor": {
						"r": 1,
						"g": 1,
						"b": 1,
						"a": 1
					},
					"selectedCastDefId": "castDef_KameaArano01",
					"emote": "Default",
					"audioName": "NONE",
					"cameraFocusGuid": "31175198-1332-4593-b47d-6f7aa5a5e441",
					"cameraDistance": "Medium",
					"cameraHeight": "High",
					"revealRadius": -1
				},
				{
					"words": "Because of this, I'd advise you to engage the silos one at a time-choose a target and clear it of defenders before moving on to the next. If you're careful, you'll be able to hit all three silos, one after the other, and the Directorate's troops will be none the wiser.",
					"wordsColor": {
						"r": 1,
						"g": 1,
						"b": 1,
						"a": 1
					},
					"selectedCastDefId": "castDef_KameaArano01",
					"emote": "Default",
					"audioName": "NONE",
					"cameraFocusGuid": "6f0b636e-d593-4c83-ad83-dedc61f835ec",
					"cameraDistance": "Medium",
					"cameraHeight": "High",
					"revealRadius": -1
				}
			]
		},
		{
			"dialogue": {
				"EncounterObjectGuid": "4011a4c3-cba2-4d22-b2b3-3b19a3297ab9"
			},
			"name": "MissionSuccessDialogue",
			"overrideDialogueBucketId": "",
			"dialogueContent": [
				{
					"words": "Good work, Commander-thanks to you, the Directorate has suffered a major setback, and we've gained a valuable new asset.",
					"wordsColor": {
						"r": 1,
						"g": 1,
						"b": 1,
						"a": 1
					},
					"selectedCastDefId": "castDef_KameaDefault",
					"emote": "Default",
					"audioName": "NONE",
					"cameraFocusGuid": "",
					"cameraDistance": "Far",
					"cameraHeight": "Default",
					"revealRadius": -1
				},
				{
					"words": "Yeah, three cheers. If you'll excuse us, Lady Arano, we need to get these 'Mechs hosed down and decontaminated. C'mon, Commander... Yang's got a great big tub of boron, and he's just dying to use it.",
					"wordsColor": {
						"r": 1,
						"g": 1,
						"b": 1,
						"a": 1
					},
					"selectedCastDefId": "castDef_SumireDefault",
					"emote": "Default",
					"audioName": "NONE",
					"cameraFocusGuid": "",
					"cameraDistance": "Far",
					"cameraHeight": "Default",
					"revealRadius": -1
				}
			]
		},
		{
			"dialogue": {
				"EncounterObjectGuid": "d3d33d95-9ed7-4686-b9eb-954ebe51cc02"
			},
			"name": "MissionFailureDialogue",
			"overrideDialogueBucketId": "",
			"dialogueContent": []
		}
	],
	"overrideAutoCompleteDialogueId": "50880b34-383d-4def-9783-ac77afcde247",
	"disableNegotations": true,
	"disableLanceConfiguration": false,
	"disableCancelButton": false,
	"disableAfterAction": false,
	"contractRewardOverride": 2360000,
	"travelOnly": false,
	"useTravelCostPenalty": false,
	"usesExpiration": false,
	"expirationTimeOverride": -1,
	"negotiatedSalary": 0.5,
	"negotiatedSalvage": 0.5,
	"player1Team": {
		"encounterLayerData": {
			"EncounterObjectGuid": "2412604f-d58e-4739-90d8-517803d140fd"
		},
		"teamGuid": "bf40fd39-ccf9-47c4-94a6-061809681140",
		"teamName": "Player 1",
		"faction": "Player1sMercUnit",
		"teamLeaderCastDefId": "castDef_TeamLeader_Current",
		"lanceOverrideList": [
			{
				"lanceSpawner": {
					"EncounterObjectGuid": "76b654a6-4f2c-4a6f-86e6-d4cf868335fe"
				},
				"name": "PlayerLanceSpawner_Attack",
				"lanceDefId": "Manual",
				"lanceTagSet": {
					"items": [],
					"tagSetSourceFile": ""
				},
				"lanceExcludedTagSet": {
					"items": [],
					"tagSetSourceFile": "Tags/LanceTags"
				},
				"spawnEffectTags": {
					"items": [],
					"tagSetSourceFile": "Tags/SpawnEffectTags"
				},
				"lanceDifficultyAdjustment": 0,
				"selectedLanceDefId": null,
				"selectedLanceDifficulty": 0,
				"unitSpawnPointOverrideList": [
					{
						"unitSpawnPoint": {
							"EncounterObjectGuid": "ec9d2280-ca9a-4d90-8a20-963d8a4c0a39"
						},
						"customUnitName": "",
						"customHeraldryDefId": "",
						"unitType": "UNDEFINED",
						"unitDefId": "",
						"unitTagSet": {
							"items": [],
							"tagSetSourceFile": ""
						},
						"unitExcludedTagSet": {
							"items": [],
							"tagSetSourceFile": "Tags/UnitTags"
						},
						"spawnEffectTags": {
							"items": [],
							"tagSetSourceFile": "Tags/SpawnEffectTags"
						},
						"pilotDefId": "pilot_default",
						"pilotTagSet": {
							"items": [],
							"tagSetSourceFile": ""
						},
						"pilotExcludedTagSet": {
							"items": [],
							"tagSetSourceFile": "Tags/PilotTags"
						},
						"selectedUnitType": "UNDEFINED",
						"selectedUnitDefId": null,
						"selectedPilotDefId": null
					},
					{
						"unitSpawnPoint": {
							"EncounterObjectGuid": "ebc06b6a-c5a8-4165-95ce-480bcf335570"
						},
						"customUnitName": "",
						"customHeraldryDefId": "",
						"unitType": "UNDEFINED",
						"unitDefId": "",
						"unitTagSet": {
							"items": [],
							"tagSetSourceFile": ""
						},
						"unitExcludedTagSet": {
							"items": [],
							"tagSetSourceFile": "Tags/UnitTags"
						},
						"spawnEffectTags": {
							"items": [],
							"tagSetSourceFile": "Tags/SpawnEffectTags"
						},
						"pilotDefId": "pilot_default",
						"pilotTagSet": {
							"items": [],
							"tagSetSourceFile": ""
						},
						"pilotExcludedTagSet": {
							"items": [],
							"tagSetSourceFile": "Tags/PilotTags"
						},
						"selectedUnitType": "UNDEFINED",
						"selectedUnitDefId": null,
						"selectedPilotDefId": null
					},
					{
						"unitSpawnPoint": {
							"EncounterObjectGuid": "d50f1e9d-0a0b-4dc8-9a06-a33233aaa8a1"
						},
						"customUnitName": "",
						"customHeraldryDefId": "",
						"unitType": "UNDEFINED",
						"unitDefId": "",
						"unitTagSet": {
							"items": [],
							"tagSetSourceFile": ""
						},
						"unitExcludedTagSet": {
							"items": [],
							"tagSetSourceFile": "Tags/UnitTags"
						},
						"spawnEffectTags": {
							"items": [],
							"tagSetSourceFile": "Tags/SpawnEffectTags"
						},
						"pilotDefId": "pilot_default",
						"pilotTagSet": {
							"items": [],
							"tagSetSourceFile": ""
						},
						"pilotExcludedTagSet": {
							"items": [],
							"tagSetSourceFile": "Tags/PilotTags"
						},
						"selectedUnitType": "UNDEFINED",
						"selectedUnitDefId": null,
						"selectedPilotDefId": null
					},
					{
						"unitSpawnPoint": {
							"EncounterObjectGuid": "461141c2-f956-49a5-b2c6-6f951b957a94"
						},
						"customUnitName": "",
						"customHeraldryDefId": "",
						"unitType": "UNDEFINED",
						"unitDefId": "",
						"unitTagSet": {
							"items": [],
							"tagSetSourceFile": ""
						},
						"unitExcludedTagSet": {
							"items": [],
							"tagSetSourceFile": "Tags/UnitTags"
						},
						"spawnEffectTags": {
							"items": [],
							"tagSetSourceFile": "Tags/SpawnEffectTags"
						},
						"pilotDefId": "pilot_default",
						"pilotTagSet": {
							"items": [],
							"tagSetSourceFile": ""
						},
						"pilotExcludedTagSet": {
							"items": [],
							"tagSetSourceFile": "Tags/PilotTags"
						},
						"selectedUnitType": "UNDEFINED",
						"selectedUnitDefId": null,
						"selectedPilotDefId": null
					}
				]
			}
		]
	},
	"player2Team": {
		"encounterLayerData": {
			"EncounterObjectGuid": "2412604f-d58e-4739-90d8-517803d140fd"
		},
		"teamGuid": "757173dd-b4e1-4bb5-9bee-d78e623cc867",
		"teamName": "Player 2",
		"faction": "Player2sMercUnit",
		"teamLeaderCastDefId": "castDef_TeamLeader_Current",
		"lanceOverrideList": []
	},
	"employerTeam": {
		"encounterLayerData": {
			"EncounterObjectGuid": "2412604f-d58e-4739-90d8-517803d140fd"
		},
		"teamGuid": "ecc8d4f2-74b4-465d-adf6-84445e5dfc230",
		"teamName": "Employer",
		"faction": "AuriganRestoration",
		"teamLeaderCastDefId": "castDef_TeamLeader_Current",
		"lanceOverrideList": []
	},
	"targetTeam": {
		"encounterLayerData": {
			"EncounterObjectGuid": "2412604f-d58e-4739-90d8-517803d140fd"
		},
		"teamGuid": "be77cadd-e245-4240-a93e-b99cc98902a5",
		"teamName": "Target",
		"faction": "AuriganDirectorate",
		"teamLeaderCastDefId": "castDef_TeamLeader_Current",
		"lanceOverrideList": [
			{
				"lanceSpawner": {
					"EncounterObjectGuid": "ceb38ffb-7c81-41d8-8d17-1d984c35299f"
				},
				"name": "Alpha Lance",
				"lanceDefId": "Manual",
				"lanceTagSet": {
					"items": [],
					"tagSetSourceFile": "Tags/LanceTags"
				},
				"lanceExcludedTagSet": {
					"items": [],
					"tagSetSourceFile": "Tags/LanceTags"
				},
				"spawnEffectTags": {
					"items": [],
					"tagSetSourceFile": "tags/SpawnEffectTags"
				},
				"lanceDifficultyAdjustment": 0,
				"selectedLanceDefId": null,
				"selectedLanceDifficulty": 0,
				"unitSpawnPointOverrideList": [
					{
						"unitSpawnPoint": {
							"EncounterObjectGuid": "abfde162-7cc1-46ab-b09b-deffe92243e8"
						},
						"customUnitName": "",
						"customHeraldryDefId": "",
						"unitType": "Vehicle",
						"unitDefId": "vehicledef_CARRIER_SRM",
						"unitTagSet": {
							"items": [
								"unit_mech",
								"unit_light"
							],
							"tagSetSourceFile": "Tags/UnitTags"
						},
						"unitExcludedTagSet": {
							"items": [],
							"tagSetSourceFile": "Tags/UnitTags"
						},
						"spawnEffectTags": {
							"items": [],
							"tagSetSourceFile": "tags/SpawnEffectTags"
						},
						"pilotDefId": "pilot_d6_gunner",
						"pilotTagSet": {
							"items": [],
							"tagSetSourceFile": ""
						},
						"pilotExcludedTagSet": {
							"items": [],
							"tagSetSourceFile": "Tags/PilotTags"
						},
						"selectedUnitType": "UNDEFINED",
						"selectedUnitDefId": null,
						"selectedPilotDefId": null
					},
					{
						"unitSpawnPoint": {
							"EncounterObjectGuid": "c444cdfc-a913-47bc-bc21-3953b1143bed"
						},
						"customUnitName": "",
						"customHeraldryDefId": "",
						"unitType": "Mech",
						"unitDefId": "mechdef_griffin_GRF-1S",
						"unitTagSet": {
							"items": [
								"unit_medium",
								"unit_mech"
							],
							"tagSetSourceFile": "Tags/UnitTags"
						},
						"unitExcludedTagSet": {
							"items": [],
							"tagSetSourceFile": "Tags/UnitTags"
						},
						"spawnEffectTags": {
							"items": [],
							"tagSetSourceFile": "Tags/SpawnEffectTags"
						},
						"pilotDefId": "pilot_d6_defender",
						"pilotTagSet": {
							"items": [],
							"tagSetSourceFile": ""
						},
						"pilotExcludedTagSet": {
							"items": [],
							"tagSetSourceFile": "Tags/PilotTags"
						},
						"selectedUnitType": "UNDEFINED",
						"selectedUnitDefId": null,
						"selectedPilotDefId": null
					},
					{
						"unitSpawnPoint": {
							"EncounterObjectGuid": "21f3d4ce-5200-444f-bc3d-cf466d3b29f2"
						},
						"customUnitName": "",
						"customHeraldryDefId": "",
						"unitType": "Mech",
						"unitDefId": "mechdef_blackjack_BJ-1",
						"unitTagSet": {
							"items": [
								"unit_medium",
								"unit_mech"
							],
							"tagSetSourceFile": "Tags/UnitTags"
						},
						"unitExcludedTagSet": {
							"items": [],
							"tagSetSourceFile": "Tags/UnitTags"
						},
						"spawnEffectTags": {
							"items": [],
							"tagSetSourceFile": "Tags/SpawnEffectTags"
						},
						"pilotDefId": "pilot_d6_pilot",
						"pilotTagSet": {
							"items": [],
							"tagSetSourceFile": ""
						},
						"pilotExcludedTagSet": {
							"items": [],
							"tagSetSourceFile": "Tags/PilotTags"
						},
						"selectedUnitType": "UNDEFINED",
						"selectedUnitDefId": null,
						"selectedPilotDefId": null
					},
					{
						"unitSpawnPoint": {
							"EncounterObjectGuid": "dfbadca3-33b3-485f-9f0f-58cfa4b9a7ee"
						},
						"customUnitName": "",
						"customHeraldryDefId": "",
						"unitType": "Mech",
						"unitDefId": "mechdef_commando_COM-1B",
						"unitTagSet": {
							"items": [
								"unit_mech",
								"unit_light"
							],
							"tagSetSourceFile": "Tags/UnitTags"
						},
						"unitExcludedTagSet": {
							"items": [],
							"tagSetSourceFile": "Tags/UnitTags"
						},
						"spawnEffectTags": {
							"items": [],
							"tagSetSourceFile": "Tags/SpawnEffectTags"
						},
						"pilotDefId": "pilot_d6_tactician",
						"pilotTagSet": {
							"items": [],
							"tagSetSourceFile": ""
						},
						"pilotExcludedTagSet": {
							"items": [],
							"tagSetSourceFile": "Tags/PilotTags"
						},
						"selectedUnitType": "UNDEFINED",
						"selectedUnitDefId": null,
						"selectedPilotDefId": null
					}
				]
			},
			{
				"lanceSpawner": {
					"EncounterObjectGuid": "10506c99-8c98-448e-b942-5bbcfcdfb4e8"
				},
				"name": "Bravo Lance",
				"lanceDefId": "Manual",
				"lanceTagSet": {
					"items": [],
					"tagSetSourceFile": "Tags/LanceTags"
				},
				"lanceExcludedTagSet": {
					"items": [],
					"tagSetSourceFile": "Tags/LanceTags"
				},
				"spawnEffectTags": {
					"items": [],
					"tagSetSourceFile": "Tags/SpawnEffectTags"
				},
				"lanceDifficultyAdjustment": 0,
				"selectedLanceDefId": null,
				"selectedLanceDifficulty": 0,
				"unitSpawnPointOverrideList": [
					{
						"unitSpawnPoint": {
							"EncounterObjectGuid": "6194c8e9-6cd8-4463-9e65-e4849e09f7d8"
						},
						"customUnitName": "",
						"customHeraldryDefId": "",
						"unitType": "Vehicle",
						"unitDefId": "vehicledef_CARRIER_LRM",
						"unitTagSet": {
							"items": [
								"unit_mech",
								"unit_light"
							],
							"tagSetSourceFile": "Tags/UnitTags"
						},
						"unitExcludedTagSet": {
							"items": [],
							"tagSetSourceFile": "Tags/UnitTags"
						},
						"spawnEffectTags": {
							"items": [],
							"tagSetSourceFile": "Tags/SpawnEffectTags"
						},
						"pilotDefId": "pilot_d6_gunner",
						"pilotTagSet": {
							"items": [],
							"tagSetSourceFile": ""
						},
						"pilotExcludedTagSet": {
							"items": [],
							"tagSetSourceFile": "Tags/PilotTags"
						},
						"selectedUnitType": "UNDEFINED",
						"selectedUnitDefId": null,
						"selectedPilotDefId": null
					},
					{
						"unitSpawnPoint": {
							"EncounterObjectGuid": "441fceba-f0af-499e-9126-75ae96f05dc2"
						},
						"customUnitName": "",
						"customHeraldryDefId": "",
						"unitType": "Mech",
						"unitDefId": "mechdef_trebuchet_TBT-5N",
						"unitTagSet": {
							"items": [
								"unit_medium",
								"unit_mech"
							],
							"tagSetSourceFile": "Tags/UnitTags"
						},
						"unitExcludedTagSet": {
							"items": [],
							"tagSetSourceFile": "Tags/UnitTags"
						},
						"spawnEffectTags": {
							"items": [],
							"tagSetSourceFile": "Tags/SpawnEffectTags"
						},
						"pilotDefId": "pilot_d6_defender",
						"pilotTagSet": {
							"items": [],
							"tagSetSourceFile": ""
						},
						"pilotExcludedTagSet": {
							"items": [],
							"tagSetSourceFile": "Tags/PilotTags"
						},
						"selectedUnitType": "UNDEFINED",
						"selectedUnitDefId": null,
						"selectedPilotDefId": null
					},
					{
						"unitSpawnPoint": {
							"EncounterObjectGuid": "bdd8aa03-b566-4bb9-9571-6f0635680c50"
						},
						"customUnitName": "",
						"customHeraldryDefId": "",
						"unitType": "Mech",
						"unitDefId": "mechdef_centurion_CN9-AL",
						"unitTagSet": {
							"items": [
								"unit_medium",
								"unit_mech"
							],
							"tagSetSourceFile": "Tags/UnitTags"
						},
						"unitExcludedTagSet": {
							"items": [],
							"tagSetSourceFile": "Tags/UnitTags"
						},
						"spawnEffectTags": {
							"items": [],
							"tagSetSourceFile": "Tags/SpawnEffectTags"
						},
						"pilotDefId": "pilot_d6_gunner",
						"pilotTagSet": {
							"items": [],
							"tagSetSourceFile": ""
						},
						"pilotExcludedTagSet": {
							"items": [],
							"tagSetSourceFile": "Tags/PilotTags"
						},
						"selectedUnitType": "UNDEFINED",
						"selectedUnitDefId": null,
						"selectedPilotDefId": null
					},
					{
						"unitSpawnPoint": {
							"EncounterObjectGuid": "98190510-6e5e-44c3-84e0-8ed5c44f9f4f"
						},
						"customUnitName": "",
						"customHeraldryDefId": "",
						"unitType": "Mech",
						"unitDefId": "mechdef_locust_LCT-1V",
						"unitTagSet": {
							"items": [
								"unit_mech",
								"unit_light"
							],
							"tagSetSourceFile": "Tags/UnitTags"
						},
						"unitExcludedTagSet": {
							"items": [],
							"tagSetSourceFile": "Tags/UnitTags"
						},
						"spawnEffectTags": {
							"items": [],
							"tagSetSourceFile": "Tags/SpawnEffectTags"
						},
						"pilotDefId": "pilot_d6_pilot",
						"pilotTagSet": {
							"items": [],
							"tagSetSourceFile": ""
						},
						"pilotExcludedTagSet": {
							"items": [],
							"tagSetSourceFile": "Tags/PilotTags"
						},
						"selectedUnitType": "UNDEFINED",
						"selectedUnitDefId": null,
						"selectedPilotDefId": null
					}
				]
			},
			{
				"lanceSpawner": {
					"EncounterObjectGuid": "a2c22931-29af-4c3c-8f70-a328280b5904"
				},
				"name": "Charlie Lance",
				"lanceDefId": "Manual",
				"lanceTagSet": {
					"items": [],
					"tagSetSourceFile": "Tags/LanceTags"
				},
				"lanceExcludedTagSet": {
					"items": [],
					"tagSetSourceFile": "Tags/LanceTags"
				},
				"spawnEffectTags": {
					"items": [],
					"tagSetSourceFile": "Tags/SpawnEffectTags"
				},
				"lanceDifficultyAdjustment": 0,
				"selectedLanceDefId": null,
				"selectedLanceDifficulty": 0,
				"unitSpawnPointOverrideList": [
					{
						"unitSpawnPoint": {
							"EncounterObjectGuid": "034050d7-3cb1-4655-baec-bb1ec652231e"
						},
						"customUnitName": "",
						"customHeraldryDefId": "",
						"unitType": "Vehicle",
						"unitDefId": "vehicledef_CARRIER_SRM",
						"unitTagSet": {
							"items": [
								"unit_mech",
								"unit_light"
							],
							"tagSetSourceFile": "Tags/UnitTags"
						},
						"unitExcludedTagSet": {
							"items": [],
							"tagSetSourceFile": "Tags/UnitTags"
						},
						"spawnEffectTags": {
							"items": [],
							"tagSetSourceFile": "Tags/SpawnEffectTags"
						},
						"pilotDefId": "pilot_d6_gunner",
						"pilotTagSet": {
							"items": [],
							"tagSetSourceFile": ""
						},
						"pilotExcludedTagSet": {
							"items": [],
							"tagSetSourceFile": "Tags/PilotTags"
						},
						"selectedUnitType": "UNDEFINED",
						"selectedUnitDefId": null,
						"selectedPilotDefId": null
					},
					{
						"unitSpawnPoint": {
							"EncounterObjectGuid": "a815a9e2-a96f-4572-81b4-21369a3d5372"
						},
						"customUnitName": "",
						"customHeraldryDefId": "",
						"unitType": "Mech",
						"unitDefId": "mechdef_jenner_JR7-D",
						"unitTagSet": {
							"items": [
								"unit_mech",
								"unit_light"
							],
							"tagSetSourceFile": "Tags/UnitTags"
						},
						"unitExcludedTagSet": {
							"items": [],
							"tagSetSourceFile": "Tags/UnitTags"
						},
						"spawnEffectTags": {
							"items": [],
							"tagSetSourceFile": "Tags/SpawnEffectTags"
						},
						"pilotDefId": "pilot_d6_gunner",
						"pilotTagSet": {
							"items": [],
							"tagSetSourceFile": ""
						},
						"pilotExcludedTagSet": {
							"items": [],
							"tagSetSourceFile": "Tags/PilotTags"
						},
						"selectedUnitType": "UNDEFINED",
						"selectedUnitDefId": null,
						"selectedPilotDefId": null
					},
					{
						"unitSpawnPoint": {
							"EncounterObjectGuid": "517012ec-88ea-4f11-a8ff-052947ef28cf"
						},
						"customUnitName": "",
						"customHeraldryDefId": "",
						"unitType": "Mech",
						"unitDefId": "mechdef_shadowhawk_SHD-2H",
						"unitTagSet": {
							"items": [
								"unit_medium",
								"unit_mech"
							],
							"tagSetSourceFile": "Tags/UnitTags"
						},
						"unitExcludedTagSet": {
							"items": [],
							"tagSetSourceFile": "Tags/UnitTags"
						},
						"spawnEffectTags": {
							"items": [],
							"tagSetSourceFile": "Tags/SpawnEffectTags"
						},
						"pilotDefId": "pilot_d6_tactician",
						"pilotTagSet": {
							"items": [],
							"tagSetSourceFile": ""
						},
						"pilotExcludedTagSet": {
							"items": [],
							"tagSetSourceFile": "Tags/PilotTags"
						},
						"selectedUnitType": "UNDEFINED",
						"selectedUnitDefId": null,
						"selectedPilotDefId": null
					},
					{
						"unitSpawnPoint": {
							"EncounterObjectGuid": "b57144b4-846d-4209-894a-f81274afe900"
						},
						"customUnitName": "",
						"customHeraldryDefId": "",
						"unitType": "Mech",
						"unitDefId": "mechdef_cicada_CDA-3C",
						"unitTagSet": {
							"items": [
								"unit_medium",
								"unit_mech"
							],
							"tagSetSourceFile": "Tags/UnitTags"
						},
						"unitExcludedTagSet": {
							"items": [],
							"tagSetSourceFile": "Tags/UnitTags"
						},
						"spawnEffectTags": {
							"items": [],
							"tagSetSourceFile": "Tags/SpawnEffectTags"
						},
						"pilotDefId": "pilot_d6_gunner",
						"pilotTagSet": {
							"items": [],
							"tagSetSourceFile": ""
						},
						"pilotExcludedTagSet": {
							"items": [],
							"tagSetSourceFile": "Tags/PilotTags"
						},
						"selectedUnitType": "UNDEFINED",
						"selectedUnitDefId": null,
						"selectedPilotDefId": null
					}
				]
			}
		]
	},
	"targetsAllyTeam": {
		"encounterLayerData": {
			"EncounterObjectGuid": "2412604f-d58e-4739-90d8-517803d140fd"
		},
		"teamGuid": "31151ed6-cfc2-467e-98c4-9ae5bea784cf",
		"teamName": "Target's Ally",
		"faction": "INVALID_UNSET",
		"teamLeaderCastDefId": "castDef_TeamLeader_Current",
		"lanceOverrideList": []
	},
	"neutralToAllTeam": {
		"encounterLayerData": {
			"EncounterObjectGuid": "2412604f-d58e-4739-90d8-517803d140fd"
		},
		"teamGuid": "61612bb3-abf9-4586-952a-0559fa9dcd75",
		"teamName": "Neutral to All",
		"faction": "INVALID_UNSET",
		"teamLeaderCastDefId": "castDef_TeamLeader_Current",
		"lanceOverrideList": []
	},
	"hostileToAllTeam": {
		"encounterLayerData": {
			"EncounterObjectGuid": "2412604f-d58e-4739-90d8-517803d140fd"
		},
		"teamGuid": "3c9f3a20-ab03-4bcb-8ab6-b1ef0442bbf0",
		"teamName": "Hostile to All",
		"faction": "INVALID_UNSET",
		"teamLeaderCastDefId": "castDef_TeamLeader_Current",
		"lanceOverrideList": []
	}
}