{
	"ID": "StoryTime_7b_TyrlonAttack_Default",
	"contractName": "Liberation: Tyrlon",
	"contractDisplayStyle": "HeavyMetalFlashpointCampaign",
	"difficulty": 7,
	"difficultyUIModifier": 0,
	"weight": 1,
	"scope": "STANDARD",
	"finalDifficulty": 0,
	"shortDescription": "This is it, {COMMANDER.Callsign}-the Directorate's last stronghold on our way to Coromodir. We're going to liberate this system and set House Parata free. I have an invasion fleet en route to take the spaceport in a surprise attack, but the shipyard's gun batteries are going to be a problem. You need to take them off-line before our ships arrive.",
	"longDescription": "Most of Espinosa's DropShip fleet is grounded on Tyrlon right now. If we take this system from them, there'll be nothing left between us and the throne world!",
	"salvagePotential": 34,
	"requirementList": [],
	"OnContractSuccessResults": [],
	"OnContractFailureResults": [],
	"contractType": "Tyrlon_Attack",
	"encounterPlayStyle": "SinglePlayer",
	"maxNumberOfPlayerUnits": 4,
	"mapMood": "RestorationTylron",
	"startingFogOfWarVisibility": "Surveyed",
	"contractObjectiveList": [
		{
			"contractObjective": {
				"EncounterObjectGuid": "8d7e4513-f6c4-4914-a08f-d7baa89672be"
			},
			"title": "Eliminate hostile units",
			"description": "",
			"isPrimary": true,
			"forPlayer": "Player1",
			"objectiveGuids": [
				"f25c0277-d040-4929-81dc-f9172c4603eb",
				"104cdf85-6a92-4a2d-be72-0497e196ccd0",
				"6a3fcba3-0fbe-4d08-b2e0-0f73f24371cf"
			]
		},
		{
			"contractObjective": {
				"EncounterObjectGuid": "ff48d447-2332-47a8-a95d-a5c753034ec1"
			},
			"title": "The gun batteries must be down before Restoration DropShips enter weapons range",
			"description": "",
			"isPrimary": true,
			"forPlayer": "Player1",
			"objectiveGuids": []
		},
		{
			"contractObjective": {
				"EncounterObjectGuid": "d6b3ae34-3f85-406c-b6c9-78080cb416eb"
			},
			"title": "Take out the generators powering the shipyard's antiorbital gun batteries",
			"description": "",
			"isPrimary": true,
			"forPlayer": "Player1",
			"objectiveGuids": []
		}
	],
	"objectiveList": [
		{
			"objective": {
				"EncounterObjectGuid": "6a3fcba3-0fbe-4d08-b2e0-0f73f24371cf"
			},
			"title": "Destroy All Three Generators in Time",
			"description": "",
			"isPrimary": true,
			"OnSuccessResults": [],
			"OnFailureResults": []
		},
		{
			"objective": {
				"EncounterObjectGuid": "104cdf85-6a92-4a2d-be72-0497e196ccd0"
			},
			"title": "Eliminate all hostiles",
			"description": "",
			"isPrimary": true,
			"OnSuccessResults": [],
			"OnFailureResults": []
		},
		{
			"objective": {
				"EncounterObjectGuid": "c61035a1-2584-42d3-a2d0-b8e5cf1596ef"
			},
			"title": "Hidden Spawn Timer",
			"description": "",
			"isPrimary": false,
			"OnSuccessResults": [],
			"OnFailureResults": []
		},
		{
			"objective": {
				"EncounterObjectGuid": "3e501b4a-d1cb-4016-94c6-e7ccb95686da"
			},
			"title": "Hidden Ref Flag 1",
			"description": "",
			"isPrimary": false,
			"OnSuccessResults": [],
			"OnFailureResults": []
		},
		{
			"objective": {
				"EncounterObjectGuid": "f25c0277-d040-4929-81dc-f9172c4603eb"
			},
			"title": "Time Left to Destroy the Generators",
			"description": "",
			"isPrimary": true,
			"OnSuccessResults": [],
			"OnFailureResults": []
		},
		{
			"objective": {
				"EncounterObjectGuid": "cbd014b5-115b-4ad0-bd52-13cda040ec7a"
			},
			"title": "Hidden",
			"description": "",
			"isPrimary": false,
			"OnSuccessResults": [],
			"OnFailureResults": []
		},
		{
			"objective": {
				"EncounterObjectGuid": "c46cc05d-aa41-4d47-908b-d7a962a0dac2"
			},
			"title": "Set2ActiveFlagFalse",
			"description": "",
			"isPrimary": false,
			"OnSuccessResults": [],
			"OnFailureResults": []
		},
		{
			"objective": {
				"EncounterObjectGuid": "9f843aec-7e30-4111-860f-ae6f8d7bc030"
			},
			"title": "Hidden Spotter Async 1",
			"description": "",
			"isPrimary": false,
			"OnSuccessResults": [],
			"OnFailureResults": [
				{
					"Scope": "Company",
					"Requirements": {
						"Scope": "Company",
						"RequirementTags": {
							"items": [],
							"tagSetSourceFile": ""
						},
						"ExclusionTags": {
							"items": [],
							"tagSetSourceFile": ""
						},
						"RequirementComparisons": []
					},
					"AddedTags": {
						"items": [],
						"tagSetSourceFile": ""
					},
					"RemovedTags": {
						"items": [],
						"tagSetSourceFile": ""
					},
					"Stats": [],
					"Actions": [],
					"ForceEvents": [],
					"TemporaryResult": false,
					"ResultDuration": 0
				}
			]
		},
		{
			"objective": {
				"EncounterObjectGuid": "69ff6e10-9365-40a9-9125-bd620d123755"
			},
			"title": "Hidden Spotter Async 2",
			"description": "",
			"isPrimary": false,
			"OnSuccessResults": [],
			"OnFailureResults": [
				{
					"Scope": "Company",
					"Requirements": {
						"Scope": "Company",
						"RequirementTags": {
							"items": [],
							"tagSetSourceFile": ""
						},
						"ExclusionTags": {
							"items": [],
							"tagSetSourceFile": ""
						},
						"RequirementComparisons": []
					},
					"AddedTags": {
						"items": [],
						"tagSetSourceFile": ""
					},
					"RemovedTags": {
						"items": [],
						"tagSetSourceFile": ""
					},
					"Stats": [],
					"Actions": [],
					"ForceEvents": [],
					"TemporaryResult": false,
					"ResultDuration": 0
				},
				{
					"Scope": "Company",
					"Requirements": {
						"Scope": "Company",
						"RequirementTags": {
							"items": [],
							"tagSetSourceFile": ""
						},
						"ExclusionTags": {
							"items": [],
							"tagSetSourceFile": ""
						},
						"RequirementComparisons": []
					},
					"AddedTags": {
						"items": [],
						"tagSetSourceFile": ""
					},
					"RemovedTags": {
						"items": [],
						"tagSetSourceFile": ""
					},
					"Stats": [],
					"Actions": [],
					"ForceEvents": [],
					"TemporaryResult": false,
					"ResultDuration": 0
				}
			]
		},
		{
			"objective": {
				"EncounterObjectGuid": "40100b16-e416-4253-9b9b-a4f7bd0aa2f3"
			},
			"title": "Artillery hits in ",
			"description": "",
			"isPrimary": false,
			"OnSuccessResults": [],
			"OnFailureResults": []
		},
		{
			"objective": {
				"EncounterObjectGuid": "62631715-034a-4325-8b4f-fc24dd2121d1"
			},
			"title": "Artillery hits in ",
			"description": "",
			"isPrimary": false,
			"OnSuccessResults": [],
			"OnFailureResults": []
		},
		{
			"objective": {
				"EncounterObjectGuid": "82bbaf68-ea01-499d-ae94-7cbcdd5c3657"
			},
			"title": "Artillery hits in ",
			"description": "",
			"isPrimary": false,
			"OnSuccessResults": [],
			"OnFailureResults": []
		},
		{
			"objective": {
				"EncounterObjectGuid": "d686aa8f-af8f-4ce4-a7c5-2ea0518227cc"
			},
			"title": "Artillery hits in ",
			"description": "",
			"isPrimary": false,
			"OnSuccessResults": [],
			"OnFailureResults": []
		},
		{
			"objective": {
				"EncounterObjectGuid": "5bd73fab-ed07-4763-b3f0-2f374d07b0ad"
			},
			"title": "Artillery hits in ",
			"description": "",
			"isPrimary": false,
			"OnSuccessResults": [],
			"OnFailureResults": []
		},
		{
			"objective": {
				"EncounterObjectGuid": "81a94fbc-03ee-45cb-83f2-731b859eb901"
			},
			"title": "Artillery hits in ",
			"description": "",
			"isPrimary": false,
			"OnSuccessResults": [],
			"OnFailureResults": []
		},
		{
			"objective": {
				"EncounterObjectGuid": "dbaf0aa6-e582-4647-bad4-6141e96ce97f"
			},
			"title": "Artillery hits in ",
			"description": "",
			"isPrimary": false,
			"OnSuccessResults": [],
			"OnFailureResults": []
		},
		{
			"objective": {
				"EncounterObjectGuid": "2e31c370-ea70-4c20-a591-01f029c0d302"
			},
			"title": "Artillery hits in ",
			"description": "",
			"isPrimary": false,
			"OnSuccessResults": [],
			"OnFailureResults": []
		},
		{
			"objective": {
				"EncounterObjectGuid": "2cbdea84-5f34-475f-b95a-a669e3cb4731"
			},
			"title": "Artillery hits in ",
			"description": "",
			"isPrimary": false,
			"OnSuccessResults": [],
			"OnFailureResults": []
		},
		{
			"objective": {
				"EncounterObjectGuid": "f24bcef0-bba2-44b1-b71e-a912ed75a9f1"
			},
			"title": "Artillery hits in ",
			"description": "",
			"isPrimary": false,
			"OnSuccessResults": [],
			"OnFailureResults": []
		},
		{
			"objective": {
				"EncounterObjectGuid": "bd292e8a-c214-4dde-b4e5-880f4b3faccc"
			},
			"title": "Artillery hits in ",
			"description": "",
			"isPrimary": false,
			"OnSuccessResults": [],
			"OnFailureResults": []
		},
		{
			"objective": {
				"EncounterObjectGuid": "99b81985-d3c8-4e33-9f9a-22bcf0e77010"
			},
			"title": "Artillery hits in ",
			"description": "",
			"isPrimary": false,
			"OnSuccessResults": [],
			"OnFailureResults": []
		},
		{
			"objective": {
				"EncounterObjectGuid": "6a787e3f-9357-4597-8dd3-1d5ba6f457ff"
			},
			"title": "Artillery hits in ",
			"description": "",
			"isPrimary": false,
			"OnSuccessResults": [],
			"OnFailureResults": []
		},
		{
			"objective": {
				"EncounterObjectGuid": "4f9a6800-30bf-428c-a159-62d274ac3c0f"
			},
			"title": "Artillery hits in ",
			"description": "",
			"isPrimary": false,
			"OnSuccessResults": [],
			"OnFailureResults": []
		},
		{
			"objective": {
				"EncounterObjectGuid": "3eb29e3f-afd9-4211-a9ea-fb5d0cb57a2e"
			},
			"title": "Artillery hits in ",
			"description": "",
			"isPrimary": false,
			"OnSuccessResults": [],
			"OnFailureResults": []
		},
		{
			"objective": {
				"EncounterObjectGuid": "4459f7d7-7916-4bbb-b9e7-9e0b9746faa9"
			},
			"title": "Artillery hits in ",
			"description": "",
			"isPrimary": false,
			"OnSuccessResults": [],
			"OnFailureResults": []
		},
		{
			"objective": {
				"EncounterObjectGuid": "256e8a03-712e-41d3-b503-802691c36135"
			},
			"title": "Destroy the Spotters",
			"description": "",
			"isPrimary": false,
			"OnSuccessResults": [],
			"OnFailureResults": []
		},
		{
			"objective": {
				"EncounterObjectGuid": "5abcd42f-ac97-40c9-88d3-e1982b51e635"
			},
			"title": "Hidden Spotter Timer Objective",
			"description": "",
			"isPrimary": false,
			"OnSuccessResults": [],
			"OnFailureResults": []
		},
		{
			"objective": {
				"EncounterObjectGuid": "d0c65bac-3f94-43cc-a69e-96a2de27670a"
			},
			"title": "Artillery hits in ",
			"description": "",
			"isPrimary": false,
			"OnSuccessResults": [],
			"OnFailureResults": []
		},
		{
			"objective": {
				"EncounterObjectGuid": "fad7e8c7-c96d-4fb0-b324-22c4fe08995e"
			},
			"title": "Artillery hits in ",
			"description": "",
			"isPrimary": false,
			"OnSuccessResults": [],
			"OnFailureResults": []
		},
		{
			"objective": {
				"EncounterObjectGuid": "36a1c69e-729c-4a47-8c18-b20f75ad2d8f"
			},
			"title": "Artillery hits in ",
			"description": "",
			"isPrimary": false,
			"OnSuccessResults": [],
			"OnFailureResults": []
		},
		{
			"objective": {
				"EncounterObjectGuid": "bf207448-5dbe-4781-b648-37bc60bd31aa"
			},
			"title": "Artillery hits in ",
			"description": "",
			"isPrimary": false,
			"OnSuccessResults": [],
			"OnFailureResults": []
		},
		{
			"objective": {
				"EncounterObjectGuid": "a111b910-6345-4d34-a5d1-423de0ad1c0f"
			},
			"title": "Artillery hits in ",
			"description": "",
			"isPrimary": false,
			"OnSuccessResults": [],
			"OnFailureResults": []
		},
		{
			"objective": {
				"EncounterObjectGuid": "ac31393c-ff85-4b8a-978b-284d9d82087b"
			},
			"title": "Artillery hits in ",
			"description": "",
			"isPrimary": false,
			"OnSuccessResults": [],
			"OnFailureResults": []
		},
		{
			"objective": {
				"EncounterObjectGuid": "5996daf8-16f9-4c1a-b3f7-df33fe2ef4ac"
			},
			"title": "Artillery hits in ",
			"description": "",
			"isPrimary": false,
			"OnSuccessResults": [],
			"OnFailureResults": []
		},
		{
			"objective": {
				"EncounterObjectGuid": "7c7fd9cc-dff8-43e2-be97-767c1ce235e1"
			},
			"title": "Artillery hits in ",
			"description": "",
			"isPrimary": false,
			"OnSuccessResults": [],
			"OnFailureResults": []
		},
		{
			"objective": {
				"EncounterObjectGuid": "e8850cb2-07e5-4e81-b9f3-03c45f36c88a"
			},
			"title": "Artillery hits in ",
			"description": "",
			"isPrimary": false,
			"OnSuccessResults": [],
			"OnFailureResults": []
		},
		{
			"objective": {
				"EncounterObjectGuid": "6fff8347-ae6d-40e2-860c-ab54cb0dfe7e"
			},
			"title": "Artillery hits in ",
			"description": "",
			"isPrimary": false,
			"OnSuccessResults": [],
			"OnFailureResults": []
		},
		{
			"objective": {
				"EncounterObjectGuid": "644dbd5b-9fcd-4e93-b086-f54c10f8fa73"
			},
			"title": "Artillery hits in ",
			"description": "",
			"isPrimary": false,
			"OnSuccessResults": [],
			"OnFailureResults": []
		},
		{
			"objective": {
				"EncounterObjectGuid": "cc6d9926-d558-4e72-bd36-ea05375eb245"
			},
			"title": "Artillery hits in ",
			"description": "",
			"isPrimary": false,
			"OnSuccessResults": [],
			"OnFailureResults": []
		},
		{
			"objective": {
				"EncounterObjectGuid": "6827f01a-8ac8-4dec-a5c3-ccb93b0e3cef"
			},
			"title": "Artillery hits in ",
			"description": "",
			"isPrimary": false,
			"OnSuccessResults": [],
			"OnFailureResults": []
		},
		{
			"objective": {
				"EncounterObjectGuid": "22ef2cda-7d04-46fe-a9e5-7e49481a4484"
			},
			"title": "Artillery hits in ",
			"description": "",
			"isPrimary": false,
			"OnSuccessResults": [],
			"OnFailureResults": []
		},
		{
			"objective": {
				"EncounterObjectGuid": "114684d6-2084-40e0-9da0-d3ad9e02cc44"
			},
			"title": "Artillery hits in ",
			"description": "",
			"isPrimary": false,
			"OnSuccessResults": [],
			"OnFailureResults": []
		},
		{
			"objective": {
				"EncounterObjectGuid": "fc63a3cd-3ea1-412a-8618-10801b68382c"
			},
			"title": "Artillery hits in ",
			"description": "",
			"isPrimary": false,
			"OnSuccessResults": [],
			"OnFailureResults": []
		},
		{
			"objective": {
				"EncounterObjectGuid": "35795d24-c9ce-4a8c-adb2-bc98f3f7b8df"
			},
			"title": "Artillery hits in",
			"description": "",
			"isPrimary": false,
			"OnSuccessResults": [],
			"OnFailureResults": []
		},
		{
			"objective": {
				"EncounterObjectGuid": "7cb10d37-eca1-4663-ab33-60e7da674693"
			},
			"title": "Artillery hits in",
			"description": "",
			"isPrimary": false,
			"OnSuccessResults": [],
			"OnFailureResults": []
		},
		{
			"objective": {
				"EncounterObjectGuid": "73086beb-9b48-43a1-a385-c529deddc323"
			},
			"title": "Set 1 Timer Objective",
			"description": "",
			"isPrimary": false,
			"OnSuccessResults": [],
			"OnFailureResults": []
		},
		{
			"objective": {
				"EncounterObjectGuid": "a8843250-98e6-4c97-889f-0cd3176d55f4"
			},
			"title": "Set 2 Timer Objective",
			"description": "",
			"isPrimary": false,
			"OnSuccessResults": [],
			"OnFailureResults": []
		},
		{
			"objective": {
				"EncounterObjectGuid": "a85c9d2c-64cf-4eb9-9e15-f3b6425617f2"
			},
			"title": "Destroy the Third Spotter",
			"description": "",
			"isPrimary": false,
			"OnSuccessResults": [],
			"OnFailureResults": []
		}
	],
	"buildingList": [],
	"chunkList": [],
	"cameraFocusHelperList": [
		{
			"name": "PlayerLanceSpawner",
			"encounterObject": {
				"EncounterObjectGuid": "76b654a6-4f2c-4a6f-86e6-d4cf868335fe"
			}
		},
		{
			"name": "Turrets Alpha",
			"encounterObject": {
				"EncounterObjectGuid": "66162852-d2de-4998-b31d-8844ad38ef10"
			}
		},
		{
			"name": "Turrets Bravo",
			"encounterObject": {
				"EncounterObjectGuid": "df87a08d-cb24-455f-8621-2ef0b7634138"
			}
		},
		{
			"name": "Turrets Charlie",
			"encounterObject": {
				"EncounterObjectGuid": "1407e2e0-224f-410c-ba5f-d08e32bd6521"
			}
		},
		{
			"name": "Guards 1",
			"encounterObject": {
				"EncounterObjectGuid": "787d29ac-c49d-473c-9c01-c97f796f7f66"
			}
		},
		{
			"name": "Turrets Delta",
			"encounterObject": {
				"EncounterObjectGuid": "fd732435-856d-46ac-a116-68586b9d7d2d"
			}
		},
		{
			"name": "FieldLance2a (1)",
			"encounterObject": {
				"EncounterObjectGuid": "b5cfe4ba-f674-46a7-a742-c6ab1067c22e"
			}
		},
		{
			"name": "Spotter Unit1",
			"encounterObject": {
				"EncounterObjectGuid": "8c6f4b61-f6b4-4a91-80d1-b5ecf48eaf44"
			}
		},
		{
			"name": "Spotter Unit2",
			"encounterObject": {
				"EncounterObjectGuid": "aadbc766-931b-4534-9737-cdedb6c19107"
			}
		},
		{
			"name": "Guards 2 Region",
			"encounterObject": {
				"EncounterObjectGuid": "aa303d19-32fe-421c-8c0f-bcbc16246f5c"
			}
		},
		{
			"name": "Region_HiddenTrigger_1",
			"encounterObject": {
				"EncounterObjectGuid": "e695853b-d338-434e-8ba7-98b28fc05d3f"
			}
		},
		{
			"name": "Region_Artillery1_1",
			"encounterObject": {
				"EncounterObjectGuid": "5861a405-bd5f-4786-bfd5-ef38fc917c74"
			}
		},
		{
			"name": "Region_Artillery1_2",
			"encounterObject": {
				"EncounterObjectGuid": "4e16a369-53ba-4d81-81c6-96c4bc3cb4e2"
			}
		},
		{
			"name": "Region_Artillery1_3",
			"encounterObject": {
				"EncounterObjectGuid": "7171edeb-aad0-44b3-b179-46acd0c873d9"
			}
		},
		{
			"name": "Region_HiddenTrigger",
			"encounterObject": {
				"EncounterObjectGuid": "14aea1cb-56f9-40b6-9b62-d8affccdc257"
			}
		},
		{
			"name": "Region_Artillery2_1",
			"encounterObject": {
				"EncounterObjectGuid": "bd0a9340-7933-42aa-9c5a-5eb7c76982f1"
			}
		},
		{
			"name": "Region_Artillery2_2",
			"encounterObject": {
				"EncounterObjectGuid": "032e9195-c317-43fc-9013-0714203f8ff1"
			}
		},
		{
			"name": "Region_Artillery2_3",
			"encounterObject": {
				"EncounterObjectGuid": "787d0db3-ece9-44ba-b467-ae818d6437e1"
			}
		},
		{
			"name": "Region_HiddenTrigger",
			"encounterObject": {
				"EncounterObjectGuid": "be7684ac-6dcb-46c6-ae46-41d3e9e374d5"
			}
		},
		{
			"name": "Region_Artillery3_1",
			"encounterObject": {
				"EncounterObjectGuid": "295b4e9c-fa5a-428f-81cf-8748956bcf89"
			}
		},
		{
			"name": "Region_Artillery3_2",
			"encounterObject": {
				"EncounterObjectGuid": "2e95249a-7fb6-4714-81c8-8603163874e9"
			}
		},
		{
			"name": "Region_Artillery3_3",
			"encounterObject": {
				"EncounterObjectGuid": "c21af46a-ee1b-4943-b013-f61d647d8313"
			}
		},
		{
			"name": "Region_HiddenTrigger",
			"encounterObject": {
				"EncounterObjectGuid": "5902bb88-5750-4b5d-83d8-47c4e27c502d"
			}
		},
		{
			"name": "Region_Artillery4_1",
			"encounterObject": {
				"EncounterObjectGuid": "5f13435d-0f3c-4e83-9366-e7101c23851a"
			}
		},
		{
			"name": "Region_Artillery4_2",
			"encounterObject": {
				"EncounterObjectGuid": "2e6d37c7-dd3f-4fc8-b13c-e45aeb28ab28"
			}
		},
		{
			"name": "Region_Artillery4_3",
			"encounterObject": {
				"EncounterObjectGuid": "7123a2d4-d56d-4f17-9875-1f65756e85ec"
			}
		},
		{
			"name": "Region_HiddenTrigger",
			"encounterObject": {
				"EncounterObjectGuid": "cdefaed7-9484-4edb-9a61-10daf16ae600"
			}
		},
		{
			"name": "Region_Artillery5_1",
			"encounterObject": {
				"EncounterObjectGuid": "e331cec0-22cc-4c8f-86e7-c5daae7dd45d"
			}
		},
		{
			"name": "Region_Artillery5_2",
			"encounterObject": {
				"EncounterObjectGuid": "4cedd261-51a2-438e-8bb3-37ec57ed8eca"
			}
		},
		{
			"name": "Region_Artillery5_3",
			"encounterObject": {
				"EncounterObjectGuid": "20ae9dbe-9d75-45a1-9968-4b85cda193e5"
			}
		},
		{
			"name": "Region_HiddenTrigger",
			"encounterObject": {
				"EncounterObjectGuid": "a58a7a2f-c743-41fc-b6ae-9a92596314e3"
			}
		},
		{
			"name": "Region_Artillery6_1",
			"encounterObject": {
				"EncounterObjectGuid": "6219ac89-00cf-4975-99ce-d1c0cdb6280a"
			}
		},
		{
			"name": "Region_Artillery6_2",
			"encounterObject": {
				"EncounterObjectGuid": "3151155a-b56d-43e5-8422-e9abbb0bc921"
			}
		},
		{
			"name": "Region_Artillery6_3",
			"encounterObject": {
				"EncounterObjectGuid": "4aaa93a7-3785-4f4b-bafc-7120421d77a9"
			}
		},
		{
			"name": "Region_HiddenTrigger_7",
			"encounterObject": {
				"EncounterObjectGuid": "2fb57844-0e74-4ffb-aa0f-3308bf2cfb19"
			}
		},
		{
			"name": "Region_Artillery7_1",
			"encounterObject": {
				"EncounterObjectGuid": "1bd3eeef-d295-4f11-b290-9433b3ea0fd0"
			}
		},
		{
			"name": "Region_Artillery7_2",
			"encounterObject": {
				"EncounterObjectGuid": "a68dcc0c-b6b6-4c12-a6a3-e07956acdec9"
			}
		},
		{
			"name": "Region_Artillery7_3",
			"encounterObject": {
				"EncounterObjectGuid": "7b9b40b5-ddb0-46e6-a4cb-605a0e121ce6"
			}
		},
		{
			"name": "Region_HiddenTrigger",
			"encounterObject": {
				"EncounterObjectGuid": "164c01a7-39aa-4196-9047-b8bc3b3b1de2"
			}
		},
		{
			"name": "Region_Artillery8_1",
			"encounterObject": {
				"EncounterObjectGuid": "c3298db6-970c-4867-b680-0e06a0e67793"
			}
		},
		{
			"name": "Region_Artillery8_2",
			"encounterObject": {
				"EncounterObjectGuid": "e1436a7e-6355-4356-a275-5289a797441a"
			}
		},
		{
			"name": "Region_Artillery8_3",
			"encounterObject": {
				"EncounterObjectGuid": "49a56ab1-fb77-4d63-a9b4-377dde9a0d37"
			}
		},
		{
			"name": "Region_HiddenTrigger",
			"encounterObject": {
				"EncounterObjectGuid": "cd559fff-7b1e-4b97-9c18-162393979828"
			}
		},
		{
			"name": "Region_Artillery9_1",
			"encounterObject": {
				"EncounterObjectGuid": "e3bcc902-a1c6-4cc2-b9a8-9d8724e0378f"
			}
		},
		{
			"name": "Region_Artillery9_2",
			"encounterObject": {
				"EncounterObjectGuid": "efae1dd6-030c-40cf-b16b-1ad2e5f5bd3d"
			}
		},
		{
			"name": "Region_Artillery9_3",
			"encounterObject": {
				"EncounterObjectGuid": "68aa32de-2372-4946-9cca-1774fd2707b3"
			}
		},
		{
			"name": "Region_HiddenTrigger",
			"encounterObject": {
				"EncounterObjectGuid": "b11784ee-85cf-4d1d-8d27-05744c540d51"
			}
		},
		{
			"name": "Region_Artillery10_1",
			"encounterObject": {
				"EncounterObjectGuid": "066eb396-c791-48ee-93a3-92ae4c07c764"
			}
		},
		{
			"name": "Region_Artillery10_2",
			"encounterObject": {
				"EncounterObjectGuid": "baf05cff-d346-47a0-95e5-4058ada187b0"
			}
		},
		{
			"name": "Region_Artillery10_3",
			"encounterObject": {
				"EncounterObjectGuid": "7bc45392-52cb-496d-8e38-88a4eaf8dee5"
			}
		},
		{
			"name": "Region_HiddenTrigger",
			"encounterObject": {
				"EncounterObjectGuid": "c72a4205-b54c-4fe4-bb4c-ff8b10098e7d"
			}
		},
		{
			"name": "Region_Artillery11_1",
			"encounterObject": {
				"EncounterObjectGuid": "07e10952-dd1a-447e-a05d-388d5554331e"
			}
		},
		{
			"name": "Region_Artillery11_2",
			"encounterObject": {
				"EncounterObjectGuid": "2aed1ac3-172f-4833-a057-89b94cc1126a"
			}
		},
		{
			"name": "Region_Artillery11_3",
			"encounterObject": {
				"EncounterObjectGuid": "39d5cff2-9ed1-4b99-b029-a0002d124c09"
			}
		},
		{
			"name": "Region_HiddenTrigger",
			"encounterObject": {
				"EncounterObjectGuid": "61c08342-4e66-4ec7-b5a4-43b38e28278a"
			}
		},
		{
			"name": "Region_Artillery12_1",
			"encounterObject": {
				"EncounterObjectGuid": "b381bb0c-6d32-4ec3-b512-5f850e93a15f"
			}
		},
		{
			"name": "Region_Artillery12_2",
			"encounterObject": {
				"EncounterObjectGuid": "af0c3ce3-63cd-4bd1-b870-a37a53f2c0b0"
			}
		},
		{
			"name": "Region_Artillery12_3",
			"encounterObject": {
				"EncounterObjectGuid": "513cf19d-4e7b-45f9-9157-6aeeb605058e"
			}
		},
		{
			"name": "Region_HiddenTrigger",
			"encounterObject": {
				"EncounterObjectGuid": "3e991953-a664-4f32-ad90-abc3e30354ce"
			}
		},
		{
			"name": "Region_Artillery13_1",
			"encounterObject": {
				"EncounterObjectGuid": "d6eef660-9c0a-47dc-a626-2ac585027eb4"
			}
		},
		{
			"name": "Region_Artillery13_2",
			"encounterObject": {
				"EncounterObjectGuid": "f7d89927-085b-481c-b1cf-4b563e09e01a"
			}
		},
		{
			"name": "Region_Artillery13_3",
			"encounterObject": {
				"EncounterObjectGuid": "b5a42c74-78d6-4558-96d6-739602cbe9e3"
			}
		},
		{
			"name": "Region_HiddenTrigger",
			"encounterObject": {
				"EncounterObjectGuid": "8397248a-8afa-4a27-8bcf-6adf33d7a01f"
			}
		},
		{
			"name": "Region_Artillery14_1",
			"encounterObject": {
				"EncounterObjectGuid": "ac2f6990-7dee-4a6d-b455-8a8ba75a6b2a"
			}
		},
		{
			"name": "Region_Artillery14_2",
			"encounterObject": {
				"EncounterObjectGuid": "46a6c5aa-e7a5-47c8-a2db-a217f9c71617"
			}
		},
		{
			"name": "Region_Artillery14_3",
			"encounterObject": {
				"EncounterObjectGuid": "5c4d3d93-24ff-42da-9902-c2d9eacffd24"
			}
		},
		{
			"name": "Region_HiddenTrigger",
			"encounterObject": {
				"EncounterObjectGuid": "3e0c5835-1eff-4f59-b359-a514938640d2"
			}
		},
		{
			"name": "Region_Artillery15_1",
			"encounterObject": {
				"EncounterObjectGuid": "6abb65fd-9cd6-43df-b8e0-fbf7099cc7cb"
			}
		},
		{
			"name": "Region_Artillery15_2",
			"encounterObject": {
				"EncounterObjectGuid": "0dedc00c-1ccb-42d1-949c-f9b22d17e284"
			}
		},
		{
			"name": "Region_Artillery15_3",
			"encounterObject": {
				"EncounterObjectGuid": "032de256-85d2-4191-bc2b-4c98a9e294a0"
			}
		},
		{
			"name": "Region_HiddenTrigger",
			"encounterObject": {
				"EncounterObjectGuid": "e65e2ecf-4825-4173-b516-f907dc7211e8"
			}
		},
		{
			"name": "Region_Artillery16_1",
			"encounterObject": {
				"EncounterObjectGuid": "10e7f44a-a51f-4e88-8b53-1dc30a087af1"
			}
		},
		{
			"name": "Region_Artillery16_2",
			"encounterObject": {
				"EncounterObjectGuid": "391c2e1b-f130-454e-889d-7f6bb8c0c07e"
			}
		},
		{
			"name": "Region_Artillery16_3",
			"encounterObject": {
				"EncounterObjectGuid": "4542cd5b-3d29-4a00-9036-ac629da3b8dc"
			}
		},
		{
			"name": "Region_HiddenTrigger",
			"encounterObject": {
				"EncounterObjectGuid": "e4f10216-e6ec-459f-9f29-2a4006649d16"
			}
		},
		{
			"name": "Region_Artillery14_1",
			"encounterObject": {
				"EncounterObjectGuid": "35e2964c-edff-479f-92d6-d476f0259449"
			}
		},
		{
			"name": "Region_Artillery14_2",
			"encounterObject": {
				"EncounterObjectGuid": "e737f2d6-9538-4a72-9c1a-99aac9f5fdc4"
			}
		},
		{
			"name": "Region_Artillery14_3",
			"encounterObject": {
				"EncounterObjectGuid": "5eedeb64-36fe-40a8-beaa-37576d6b3cbc"
			}
		},
		{
			"name": "Region_HiddenTrigger",
			"encounterObject": {
				"EncounterObjectGuid": "864bf0db-23ea-4149-8efb-3373637f2748"
			}
		},
		{
			"name": "Region_Artillery3_1",
			"encounterObject": {
				"EncounterObjectGuid": "fa72b1bc-6344-4e1e-88a8-d62ca0961af0"
			}
		},
		{
			"name": "Region_Artillery3_2",
			"encounterObject": {
				"EncounterObjectGuid": "489a0657-9bbb-49a5-8d39-86a8d60b3201"
			}
		},
		{
			"name": "Region_Artillery3_3",
			"encounterObject": {
				"EncounterObjectGuid": "a722ef05-6244-4caf-a944-b8569a5e281b"
			}
		},
		{
			"name": "Region_HiddenTrigger",
			"encounterObject": {
				"EncounterObjectGuid": "ad0c4597-f197-4e69-9d5c-661098b307b4"
			}
		},
		{
			"name": "Region_Artillery10_1",
			"encounterObject": {
				"EncounterObjectGuid": "ff12ab92-1fbd-43fb-9b5f-7ae9b1c99c08"
			}
		},
		{
			"name": "Region_Artillery10_2",
			"encounterObject": {
				"EncounterObjectGuid": "566f9874-390e-4d25-a822-d98d7fcc545c"
			}
		},
		{
			"name": "Region_Artillery10_3",
			"encounterObject": {
				"EncounterObjectGuid": "cca00b0a-e718-4565-b7d0-4b242bb937cd"
			}
		},
		{
			"name": "Region_HiddenTrigger",
			"encounterObject": {
				"EncounterObjectGuid": "63ef96c5-1b8e-4a0f-a1d1-34fbab838f45"
			}
		},
		{
			"name": "Region_Artillery2_1",
			"encounterObject": {
				"EncounterObjectGuid": "17e02630-36bd-49b6-8681-a792dad6eba0"
			}
		},
		{
			"name": "Region_Artillery2_2",
			"encounterObject": {
				"EncounterObjectGuid": "08bc0a0d-bfd9-4eee-901e-ea054b31fa25"
			}
		},
		{
			"name": "Region_Artillery2_3",
			"encounterObject": {
				"EncounterObjectGuid": "e649d0e8-7bb8-4306-8698-a98cb48e3cbf"
			}
		},
		{
			"name": "Region_HiddenTrigger_7",
			"encounterObject": {
				"EncounterObjectGuid": "75fc239f-bfb2-4bb3-88f0-86e111c275f5"
			}
		},
		{
			"name": "Region_Artillery7_1",
			"encounterObject": {
				"EncounterObjectGuid": "d28f954a-0ccf-4de3-ba64-b2ae85285c70"
			}
		},
		{
			"name": "Region_Artillery7_2",
			"encounterObject": {
				"EncounterObjectGuid": "ff4ecef5-0a5a-4fb8-86eb-013a32272ac9"
			}
		},
		{
			"name": "Region_Artillery7_3",
			"encounterObject": {
				"EncounterObjectGuid": "a0efb1f7-f36f-4056-91d3-c1c0e707676f"
			}
		},
		{
			"name": "Region_HiddenTrigger",
			"encounterObject": {
				"EncounterObjectGuid": "8057be1e-ba66-4c19-affe-3e782b652bd0"
			}
		},
		{
			"name": "Region_Artillery9_1",
			"encounterObject": {
				"EncounterObjectGuid": "53d87473-bf25-4132-b886-0c2ad413ec4f"
			}
		},
		{
			"name": "Region_Artillery9_2",
			"encounterObject": {
				"EncounterObjectGuid": "e78bacd4-1ebb-4f47-b9e5-31591a1a262f"
			}
		},
		{
			"name": "Region_Artillery9_3",
			"encounterObject": {
				"EncounterObjectGuid": "c111978f-8e59-4fdf-a5d8-84c28b363a6f"
			}
		},
		{
			"name": "Region_HiddenTrigger",
			"encounterObject": {
				"EncounterObjectGuid": "95641090-3787-4ba0-a328-298f605f8d2c"
			}
		},
		{
			"name": "Region_Artillery11_1",
			"encounterObject": {
				"EncounterObjectGuid": "ce425ced-9646-4408-88fa-69f66174cafd"
			}
		},
		{
			"name": "Region_Artillery11_2",
			"encounterObject": {
				"EncounterObjectGuid": "9040cba6-49c9-4f28-b7eb-e24f0bcd57d7"
			}
		},
		{
			"name": "Region_Artillery11_3",
			"encounterObject": {
				"EncounterObjectGuid": "7a9a9904-87f1-46b1-a864-f06c74e6f504"
			}
		},
		{
			"name": "Region_HiddenTrigger",
			"encounterObject": {
				"EncounterObjectGuid": "d3baa7a6-7de3-43fd-b6a2-03357ef27f2f"
			}
		},
		{
			"name": "Region_Artillery16_1",
			"encounterObject": {
				"EncounterObjectGuid": "7815c872-9cca-4d70-b483-5ea30177bb8d"
			}
		},
		{
			"name": "Region_Artillery16_2",
			"encounterObject": {
				"EncounterObjectGuid": "f3b66c1e-c7ef-4627-9c47-5b878632d4d9"
			}
		},
		{
			"name": "Region_Artillery16_3",
			"encounterObject": {
				"EncounterObjectGuid": "c9e1b4c5-31db-4adb-982f-7ad3f307e92c"
			}
		},
		{
			"name": "Region_HiddenTrigger",
			"encounterObject": {
				"EncounterObjectGuid": "773bc4db-b858-413a-803f-0f1f19c3a04d"
			}
		},
		{
			"name": "Region_Artillery5_1",
			"encounterObject": {
				"EncounterObjectGuid": "4b953fdc-8ac0-48a8-ba3a-d172ae7206b6"
			}
		},
		{
			"name": "Region_Artillery5_2",
			"encounterObject": {
				"EncounterObjectGuid": "1c7e7f9a-27d4-482f-89f1-c7416458567a"
			}
		},
		{
			"name": "Region_Artillery5_3",
			"encounterObject": {
				"EncounterObjectGuid": "79ea175c-62c5-4fe9-93bc-cd249159d058"
			}
		},
		{
			"name": "Region_HiddenTrigger_1",
			"encounterObject": {
				"EncounterObjectGuid": "60e9d704-540e-429f-a511-b74f130676ac"
			}
		},
		{
			"name": "Region_Artillery1_1",
			"encounterObject": {
				"EncounterObjectGuid": "c9549fcc-823c-47e1-9d8c-38563889f0d5"
			}
		},
		{
			"name": "Region_Artillery1_2",
			"encounterObject": {
				"EncounterObjectGuid": "ad191f0a-46c8-4eae-80c3-4de8d02e9af1"
			}
		},
		{
			"name": "Region_Artillery1_3",
			"encounterObject": {
				"EncounterObjectGuid": "30ea0649-2de6-4122-8126-9a7c23b7f892"
			}
		},
		{
			"name": "Region_HiddenTrigger",
			"encounterObject": {
				"EncounterObjectGuid": "e91c3df2-f3cb-4d08-989a-000c335404e4"
			}
		},
		{
			"name": "Region_Artillery13_1",
			"encounterObject": {
				"EncounterObjectGuid": "3af9a1b3-2fb7-464d-97a6-d49d40b03823"
			}
		},
		{
			"name": "Region_Artillery13_2",
			"encounterObject": {
				"EncounterObjectGuid": "260450eb-1dea-4a5a-b646-dda3229ff465"
			}
		},
		{
			"name": "Region_Artillery13_3",
			"encounterObject": {
				"EncounterObjectGuid": "5436a047-e6d7-4bbe-a1a7-812d99933684"
			}
		},
		{
			"name": "Region_HiddenTrigger",
			"encounterObject": {
				"EncounterObjectGuid": "7c032737-f834-4d20-bc47-d0986298a7e6"
			}
		},
		{
			"name": "Region_Artillery6_1",
			"encounterObject": {
				"EncounterObjectGuid": "25ef3328-4621-4b93-b2d2-5562bd1ce082"
			}
		},
		{
			"name": "Region_Artillery6_2",
			"encounterObject": {
				"EncounterObjectGuid": "57bcec01-e516-4888-b7a2-3aa5450685f6"
			}
		},
		{
			"name": "Region_Artillery6_3",
			"encounterObject": {
				"EncounterObjectGuid": "61749524-a4b2-4c71-ad9d-2f7dd4d56e9e"
			}
		},
		{
			"name": "Region_HiddenTrigger",
			"encounterObject": {
				"EncounterObjectGuid": "32075018-da5b-46d9-96e9-7c2c283649d6"
			}
		},
		{
			"name": "Region_Artillery4_1",
			"encounterObject": {
				"EncounterObjectGuid": "afcc0e83-8061-407b-a300-a2c78f86f859"
			}
		},
		{
			"name": "Region_Artillery4_2",
			"encounterObject": {
				"EncounterObjectGuid": "8a1f791b-540f-42a0-aa22-865946e9393c"
			}
		},
		{
			"name": "Region_Artillery4_3",
			"encounterObject": {
				"EncounterObjectGuid": "b0650137-6f05-4719-905c-6d3ff1489d2e"
			}
		},
		{
			"name": "Region_HiddenTrigger",
			"encounterObject": {
				"EncounterObjectGuid": "ffc401e7-dde6-45cb-a58c-de479020c475"
			}
		},
		{
			"name": "Region_Artillery8_1",
			"encounterObject": {
				"EncounterObjectGuid": "ae994ae3-eea2-4f9d-80de-9fa9ad9b12e1"
			}
		},
		{
			"name": "Region_Artillery8_2",
			"encounterObject": {
				"EncounterObjectGuid": "ac90618f-1528-427b-be91-3eaa38fdc8ca"
			}
		},
		{
			"name": "Region_Artillery8_3",
			"encounterObject": {
				"EncounterObjectGuid": "7361035d-f0f2-41c6-8162-0a5c969a056d"
			}
		},
		{
			"name": "Region_HiddenTrigger",
			"encounterObject": {
				"EncounterObjectGuid": "fba5211f-e7a6-463f-9639-a4ee3ecbf2d9"
			}
		},
		{
			"name": "Region_Artillery15_1",
			"encounterObject": {
				"EncounterObjectGuid": "f4444090-0902-4cbd-88c5-945056de61cd"
			}
		},
		{
			"name": "Region_Artillery15_2",
			"encounterObject": {
				"EncounterObjectGuid": "3edff170-80e1-459e-8158-a9605bc351e2"
			}
		},
		{
			"name": "Region_Artillery15_3",
			"encounterObject": {
				"EncounterObjectGuid": "b7928305-900d-4fa4-9afe-afb0efcd74c9"
			}
		},
		{
			"name": "Region_HiddenTrigger",
			"encounterObject": {
				"EncounterObjectGuid": "2e92f7d4-6470-4d20-a43a-29eb3ddfe2fa"
			}
		},
		{
			"name": "Region_Artillery12_1",
			"encounterObject": {
				"EncounterObjectGuid": "6389a13c-8fdb-41bf-ad91-b99f339146f8"
			}
		},
		{
			"name": "Region_Artillery12_2",
			"encounterObject": {
				"EncounterObjectGuid": "b4c3974f-c38c-48c8-8020-7a79ad047e61"
			}
		},
		{
			"name": "Region_Artillery12_3",
			"encounterObject": {
				"EncounterObjectGuid": "b024c1c1-697e-4a93-aadc-0529af9c6731"
			}
		},
		{
			"name": "HQ 2 CamTarget",
			"encounterObject": {
				"EncounterObjectGuid": "c72e4a03-6f2a-4e61-abad-a216d1e44d44"
			}
		},
		{
			"name": "HQ 3 CamTarget",
			"encounterObject": {
				"EncounterObjectGuid": "1e8e3295-27f1-4d17-b6fc-04e546739188"
			}
		},
		{
			"name": "HQ 1 CamTarget",
			"encounterObject": {
				"EncounterObjectGuid": "f8f9c722-491c-4988-a2d3-51458ef89678"
			}
		},
		{
			"name": "Base Target 3",
			"encounterObject": {
				"EncounterObjectGuid": "186b3584-49b5-4f98-9381-87fde306d7d9"
			}
		},
		{
			"name": "Base Target 1",
			"encounterObject": {
				"EncounterObjectGuid": "0f70a3c9-fd02-4cc0-adc5-dfea56ff9484"
			}
		},
		{
			"name": "Base Target 2",
			"encounterObject": {
				"EncounterObjectGuid": "a7301248-d6bf-492b-905a-30cc3366abc1"
			}
		},
		{
			"name": "Wave Cam Target 1",
			"encounterObject": {
				"EncounterObjectGuid": "e5b5b182-726e-4b6f-bfe8-aa983eab2bda"
			}
		}
	],
	"dialogueList": [
		{
			"dialogue": {
				"EncounterObjectGuid": "73df8d9c-a274-48fd-98c9-2bd0d7860e83"
			},
			"name": "MissionStartDialogue",
			"overrideDialogueBucketId": "",
			"dialogueContent": [
				{
					"words": "Commander, we're making a push on the Directorate's primary shipyard. If our attack is successful, what's left of my uncle's fleet will be rendered useless... but we're going to need your help.",
					"wordsColor": {
						"r": 1,
						"g": 1,
						"b": 1,
						"a": 1
					},
					"selectedCastDefId": "castDef_KameaDefault",
					"emote": "Default",
					"audioName": "NONE",
					"cameraFocusGuid": "",
					"cameraDistance": "Far",
					"cameraHeight": "Default",
					"revealRadius": -1
				},
				{
					"words": "The shipyard is protected by enormous gun batteries that draw their power from the generators in front of you. I need you to destroy those generators <i>before</i> our DropShips enter their weapons range.\r",
					"wordsColor": {
						"r": 1,
						"g": 1,
						"b": 1,
						"a": 1
					},
					"selectedCastDefId": "castDef_KameaDefault",
					"emote": "Default",
					"audioName": "NONE",
					"cameraFocusGuid": "",
					"cameraDistance": "Far",
					"cameraHeight": "Default",
					"revealRadius": -1
				},
				{
					"words": "There are three generators, designated Alpha...\r\n",
					"wordsColor": {
						"r": 1,
						"g": 1,
						"b": 1,
						"a": 1
					},
					"selectedCastDefId": "castDef_KameaDefault",
					"emote": "Default",
					"audioName": "NONE",
					"cameraFocusGuid": "0f70a3c9-fd02-4cc0-adc5-dfea56ff9484",
					"cameraDistance": "Medium",
					"cameraHeight": "High",
					"revealRadius": 100
				},
				{
					"words": "...Bravo...",
					"wordsColor": {
						"r": 1,
						"g": 1,
						"b": 1,
						"a": 1
					},
					"selectedCastDefId": "castDef_KameaDefault",
					"emote": "Default",
					"audioName": "NONE",
					"cameraFocusGuid": "a7301248-d6bf-492b-905a-30cc3366abc1",
					"cameraDistance": "Medium",
					"cameraHeight": "High",
					"revealRadius": 100
				},
				{
					"words": "...And Charlie. Take out all three structures, mop up any surviving Directorate units, and our DropShip fleet will be clear to handle the rest.",
					"wordsColor": {
						"r": 1,
						"g": 1,
						"b": 1,
						"a": 1
					},
					"selectedCastDefId": "castDef_KameaDefault",
					"emote": "Default",
					"audioName": "NONE",
					"cameraFocusGuid": "186b3584-49b5-4f98-9381-87fde306d7d9",
					"cameraDistance": "Medium",
					"cameraHeight": "Default",
					"revealRadius": -1
				}
			]
		},
		{
			"dialogue": {
				"EncounterObjectGuid": "4011a4c3-cba2-4d22-b2b3-3b19a3297ab9"
			},
			"name": "MissionSuccessDialogue",
			"overrideDialogueBucketId": "",
			"dialogueContent": [
				{
					"words": "Nicely done, Commander-the enemy has been vanquished, and Tyrlon is ours. Now there's nothing left between us and Coromodir.",
					"wordsColor": {
						"r": 1,
						"g": 1,
						"b": 1,
						"a": 1
					},
					"selectedCastDefId": "castDef_KameaDefault",
					"emote": "Default",
					"audioName": "NONE",
					"cameraFocusGuid": "",
					"cameraDistance": "Far",
					"cameraHeight": "Default",
					"revealRadius": -1
				},
				{
					"words": "I'll drink to that-hell, we all will. I've got a keg of Timbiqui Dark waiting in the <i>Argo's</i> galley, and this feels like as good a time as any to crack it open. When we get back home, we're celebrating, and drinks are on me!",
					"wordsColor": {
						"r": 1,
						"g": 1,
						"b": 1,
						"a": 1
					},
					"selectedCastDefId": "castDef_SumireDefault",
					"emote": "Default",
					"audioName": "NONE",
					"cameraFocusGuid": "",
					"cameraDistance": "Far",
					"cameraHeight": "Default",
					"revealRadius": -1
				}
			]
		},
		{
			"dialogue": {
				"EncounterObjectGuid": "d3d33d95-9ed7-4686-b9eb-954ebe51cc02"
			},
			"name": "MissionFailureDialogue",
			"overrideDialogueBucketId": "",
			"dialogueContent": []
		},
		{
			"dialogue": {
				"EncounterObjectGuid": "f86ce9d9-bf79-4494-b5d0-263423e51a35"
			},
			"name": "Async_PostIntro",
			"overrideDialogueBucketId": "",
			"dialogueContent": [
				{
					"words": "Go take out those generators, Commander-and do it quickly. Our entire plan falls apart if those guns stay online.",
					"wordsColor": {
						"r": 1,
						"g": 1,
						"b": 1,
						"a": 1
					},
					"selectedCastDefId": "castDef_KameaDefault",
					"emote": "Default",
					"audioName": "rm070_110_kamea",
					"cameraFocusGuid": "",
					"cameraDistance": "Far",
					"cameraHeight": "Default",
					"revealRadius": -1
				}
			]
		},
		{
			"dialogue": {
				"EncounterObjectGuid": "51927af3-3792-4afa-9fbb-6d85d0d68033"
			},
			"name": "Inter_SpottersOnContact",
			"overrideDialogueBucketId": "",
			"dialogueContent": [
				{
					"words": "That Spider is a Directorate prototype, specially modified to serve as a forward observer. I've heard stories about these-they can fight, but their primary function is marking targets for artillery bombardment.",
					"wordsColor": {
						"r": 1,
						"g": 1,
						"b": 1,
						"a": 1
					},
					"selectedCastDefId": "castDef_KameaDefault",
					"emote": "Default",
					"audioName": "NONE",
					"cameraFocusGuid": "f8f9c722-491c-4988-a2d3-51458ef89678",
					"cameraDistance": "Close",
					"cameraHeight": "Low",
					"revealRadius": -1
				},
				{
					"words": "That's... not good. Keep your eyes open, boss.",
					"wordsColor": {
						"r": 1,
						"g": 1,
						"b": 1,
						"a": 1
					},
					"selectedCastDefId": "castDef_YangDefault",
					"emote": "Default",
					"audioName": "NONE",
					"cameraFocusGuid": "",
					"cameraDistance": "Far",
					"cameraHeight": "Default",
					"revealRadius": -1
				},
				{
					"words": "The Directorate has too much valuable hardware out here to risk firing their artillery blind. If you can destroy all of the forward observers, it should stop them from calling out any future artillery strikes, but be careful-any targets they've <i>already</i> marked will still be in danger of bombardment.",
					"wordsColor": {
						"r": 1,
						"g": 1,
						"b": 1,
						"a": 1
					},
					"selectedCastDefId": "castDef_KameaDefault",
					"emote": "Default",
					"audioName": "NONE",
					"cameraFocusGuid": "",
					"cameraDistance": "Far",
					"cameraHeight": "Default",
					"revealRadius": -1
				}
			]
		},
		{
			"dialogue": {
				"EncounterObjectGuid": "9cfab67f-b8af-4334-8715-c7eb9082c97e"
			},
			"name": "Async_Incoming",
			"overrideDialogueBucketId": "",
			"dialogueContent": [
				{
					"words": "Incoming artillery fire!",
					"wordsColor": {
						"r": 1,
						"g": 1,
						"b": 1,
						"a": 1
					},
					"selectedCastDefId": "castDef_KameaArano01",
					"emote": "Default",
					"audioName": "rm070_120_kamea",
					"cameraFocusGuid": "",
					"cameraDistance": "Far",
					"cameraHeight": "Default",
					"revealRadius": -1
				}
			]
		},
		{
			"dialogue": {
				"EncounterObjectGuid": "a45d2c53-f1c2-43f7-97a7-fe6bfbdb3d3d"
			},
			"name": "Async_FirstSpotterDeathReminder",
			"overrideDialogueBucketId": "",
			"dialogueContent": [
				{
					"words": "[static] MechWarrior down, repeat, we have a MechWarrior down. Our lance integrity is compromised-requesting support! [static]",
					"wordsColor": {
						"r": 1,
						"g": 1,
						"b": 1,
						"a": 1
					},
					"selectedCastDefId": "castDef_RE_Tyrlon_DirectorateObserverDefault",
					"emote": "Default",
					"audioName": "rm070_130_enemy_forward_observer01",
					"cameraFocusGuid": "",
					"cameraDistance": "Far",
					"cameraHeight": "Default",
					"revealRadius": -1
				}
			]
		},
		{
			"dialogue": {
				"EncounterObjectGuid": "a9687c21-72a5-419e-b979-3a01b2267491"
			},
			"name": "Async_SpotterDestroyed",
			"overrideDialogueBucketId": "",
			"dialogueContent": [
				{
					"words": "[static] We've got another observer down! They're tearing us apart out here-where's our damned backup?! [static]",
					"wordsColor": {
						"r": 1,
						"g": 1,
						"b": 1,
						"a": 1
					},
					"selectedCastDefId": "castDef_RE_Tyrlon_DirectorateObserverDefault",
					"emote": "Default",
					"audioName": "rm070_140_enemy_forward_observer01",
					"cameraFocusGuid": "",
					"cameraDistance": "Far",
					"cameraHeight": "Default",
					"revealRadius": -1
				}
			]
		},
		{
			"dialogue": {
				"EncounterObjectGuid": "fdcec99e-2c92-462d-804b-c92e17e6dd19"
			},
			"name": "Async_AllSpottersDestroyed",
			"overrideDialogueBucketId": "",
			"dialogueContent": [
				{
					"words": "That's the last of their forward observers! Nice work-I'm not seeing any more activity from their artillery emplacements.",
					"wordsColor": {
						"r": 1,
						"g": 1,
						"b": 1,
						"a": 1
					},
					"selectedCastDefId": "castDef_KameaDefault",
					"emote": "Default",
					"audioName": "NONE",
					"cameraFocusGuid": "",
					"cameraDistance": "Far",
					"cameraHeight": "Default",
					"revealRadius": -1
				}
			]
		},
		{
			"dialogue": {
				"EncounterObjectGuid": "fa9c13bc-3068-4fce-a291-37cdb2bd0c90"
			},
			"name": "Async_TimeisShort",
			"overrideDialogueBucketId": "",
			"dialogueContent": [
				{
					"words": "Lady Arano, be advised that we're about to enter the shipyard's weapon range. I hope to hell your mercenary is almost finished with those generators. This is getting way too close for comfort.",
					"wordsColor": {
						"r": 1,
						"g": 1,
						"b": 1,
						"a": 1
					},
					"selectedCastDefId": "castDef_RE_Tyrlon_RestorationPilotDefault",
					"emote": "Default",
					"audioName": "rm070_160_dropship_pilot01",
					"cameraFocusGuid": "",
					"cameraDistance": "Far",
					"cameraHeight": "Default",
					"revealRadius": -1
				},
				{
					"words": "You heard her, and you know what you have to do. Please, Commander-we're almost out of time.",
					"wordsColor": {
						"r": 1,
						"g": 1,
						"b": 1,
						"a": 1
					},
					"selectedCastDefId": "castDef_KameaDefault",
					"emote": "Default",
					"audioName": "rm070_170_kamea",
					"cameraFocusGuid": "",
					"cameraDistance": "Far",
					"cameraHeight": "Default",
					"revealRadius": -1
				}
			]
		},
		{
			"dialogue": {
				"EncounterObjectGuid": "39c363b3-a6f3-43b4-add1-6301bf80bad9"
			},
			"name": "Async_Wave1RefCallout_Depricated",
			"overrideDialogueBucketId": "",
			"dialogueContent": [
				{
					"words": "You've got enemy reinforcements heading your way!",
					"wordsColor": {
						"r": 1,
						"g": 1,
						"b": 1,
						"a": 1
					},
					"selectedCastDefId": "castDef_KameaDefault",
					"emote": "Default",
					"audioName": "rm070_180_kamea",
					"cameraFocusGuid": "e5b5b182-726e-4b6f-bfe8-aa983eab2bda",
					"cameraDistance": "Medium",
					"cameraHeight": "High",
					"revealRadius": 100
				}
			]
		},
		{
			"dialogue": {
				"EncounterObjectGuid": "663fd3ef-710c-48ff-b69c-2002799fef15"
			},
			"name": "Async_TimerHalfwayDone",
			"overrideDialogueBucketId": "",
			"dialogueContent": [
				{
					"words": "Keep working on those generators, Commander-those ground batteries <i>need</i> to be down before our DropShips draw within range.",
					"wordsColor": {
						"r": 1,
						"g": 1,
						"b": 1,
						"a": 1
					},
					"selectedCastDefId": "castDef_KameaDefault",
					"emote": "Default",
					"audioName": "rm070_190_kamea",
					"cameraFocusGuid": "",
					"cameraDistance": "Far",
					"cameraHeight": "Default",
					"revealRadius": -1
				}
			]
		},
		{
			"dialogue": {
				"EncounterObjectGuid": "42667115-38e8-459a-8fc0-fee0a2095420"
			},
			"name": "Async_OneGeneratorDown",
			"overrideDialogueBucketId": "",
			"dialogueContent": [
				{
					"words": "That's one generator down. You've got two more to go! Keep fighting!\r",
					"wordsColor": {
						"r": 1,
						"g": 1,
						"b": 1,
						"a": 1
					},
					"selectedCastDefId": "castDef_KameaDefault",
					"emote": "Default",
					"audioName": "rm070_200_kamea",
					"cameraFocusGuid": "",
					"cameraDistance": "Far",
					"cameraHeight": "Default",
					"revealRadius": -1
				}
			]
		},
		{
			"dialogue": {
				"EncounterObjectGuid": "ee2341a5-7987-4f1d-915a-2fb30380b27b"
			},
			"name": "Async_TwoGeneratorsDown",
			"overrideDialogueBucketId": "",
			"dialogueContent": [
				{
					"words": "Second generator down. You've got one left!",
					"wordsColor": {
						"r": 1,
						"g": 1,
						"b": 1,
						"a": 1
					},
					"selectedCastDefId": "castDef_KameaDefault",
					"emote": "Default",
					"audioName": "rm070_210_kamea",
					"cameraFocusGuid": "",
					"cameraDistance": "Far",
					"cameraHeight": "Default",
					"revealRadius": -1
				}
			]
		},
		{
			"dialogue": {
				"EncounterObjectGuid": "ab9c4331-ff8f-4214-8c86-3ce22b8a6be1"
			},
			"name": "Inter_AllGeneratorsDown_MopUp",
			"overrideDialogueBucketId": "",
			"dialogueContent": [
				{
					"words": "That's the last of the generators! Good job, Commander-the ground batteries are down, and our DropShips are clear to attack the shipyard. Mop up any remaining hostiles, and I'll send Sumire to extract you.",
					"wordsColor": {
						"r": 1,
						"g": 1,
						"b": 1,
						"a": 1
					},
					"selectedCastDefId": "castDef_KameaDefault",
					"emote": "Default",
					"audioName": "NONE",
					"cameraFocusGuid": "",
					"cameraDistance": "Far",
					"cameraHeight": "Default",
					"revealRadius": -1
				}
			]
		},
		{
			"dialogue": {
				"EncounterObjectGuid": "8d57043a-8bde-4469-bd25-8644de413331"
			},
			"name": "Inter_RefsAndSpotterLands",
			"overrideDialogueBucketId": "",
			"dialogueContent": [
				{
					"words": "I've got a new group of hostiles on screen! Watch yourself, they've got an artillery spotter!",
					"wordsColor": {
						"r": 1,
						"g": 1,
						"b": 1,
						"a": 1
					},
					"selectedCastDefId": "castDef_KameaDefault",
					"emote": "Default",
					"audioName": "NONE",
					"cameraFocusGuid": "dbe3b11a-fa34-4786-9dc0-24540a3f3d6b",
					"cameraDistance": "Medium",
					"cameraHeight": "Low",
					"revealRadius": -1
				}
			]
		},
		{
			"dialogue": {
				"EncounterObjectGuid": "b73025f5-55d1-4c0d-898e-3904194b7810"
			},
			"name": "Inter_FirstSpottersDown",
			"overrideDialogueBucketId": "",
			"dialogueContent": [
				{
					"words": "That looks like all of the spotters for now, but stay sharp.  We don't know what else might be out there.",
					"wordsColor": {
						"r": 1,
						"g": 1,
						"b": 1,
						"a": 1
					},
					"selectedCastDefId": "castDef_KameaDefault",
					"emote": "Default",
					"audioName": "NONE",
					"cameraFocusGuid": "",
					"cameraDistance": "Far",
					"cameraHeight": "Default",
					"revealRadius": -1
				}
			]
		}
	],
	"overrideAutoCompleteDialogueId": null,
	"disableNegotations": true,
	"disableLanceConfiguration": false,
	"disableCancelButton": false,
	"disableAfterAction": false,
	"contractRewardOverride": 2880000,
	"travelOnly": false,
	"useTravelCostPenalty": false,
	"usesExpiration": false,
	"expirationTimeOverride": -1,
	"negotiatedSalary": 0.5,
	"negotiatedSalvage": 0.5,
	"player1Team": {
		"encounterLayerData": {
			"EncounterObjectGuid": "b9eead08-100f-47bb-a2a8-e756526052a3"
		},
		"teamGuid": "bf40fd39-ccf9-47c4-94a6-061809681140",
		"teamName": "Player 1",
		"faction": "Player1sMercUnit",
		"teamLeaderCastDefId": "castDef_TeamLeader_Current",
		"lanceOverrideList": [
			{
				"lanceSpawner": {
					"EncounterObjectGuid": "76b654a6-4f2c-4a6f-86e6-d4cf868335fe"
				},
				"name": "PlayerLanceSpawner",
				"lanceDefId": "Manual",
				"lanceTagSet": {
					"items": [],
					"tagSetSourceFile": ""
				},
				"lanceExcludedTagSet": {
					"items": [],
					"tagSetSourceFile": "Tags/LanceTags"
				},
				"spawnEffectTags": {
					"items": [],
					"tagSetSourceFile": "Tags/SpawnEffectTags"
				},
				"lanceDifficultyAdjustment": 0,
				"selectedLanceDefId": null,
				"selectedLanceDifficulty": 0,
				"unitSpawnPointOverrideList": [
					{
						"unitSpawnPoint": {
							"EncounterObjectGuid": "ec9d2280-ca9a-4d90-8a20-963d8a4c0a39"
						},
						"customUnitName": "",
						"customHeraldryDefId": "",
						"unitType": "UNDEFINED",
						"unitDefId": "",
						"unitTagSet": {
							"items": [],
							"tagSetSourceFile": ""
						},
						"unitExcludedTagSet": {
							"items": [],
							"tagSetSourceFile": "Tags/UnitTags"
						},
						"spawnEffectTags": {
							"items": [],
							"tagSetSourceFile": "Tags/SpawnEffectTags"
						},
						"pilotDefId": "pilot_default",
						"pilotTagSet": {
							"items": [],
							"tagSetSourceFile": ""
						},
						"pilotExcludedTagSet": {
							"items": [],
							"tagSetSourceFile": "Tags/PilotTags"
						},
						"selectedUnitType": "UNDEFINED",
						"selectedUnitDefId": null,
						"selectedPilotDefId": null
					},
					{
						"unitSpawnPoint": {
							"EncounterObjectGuid": "ebc06b6a-c5a8-4165-95ce-480bcf335570"
						},
						"customUnitName": "",
						"customHeraldryDefId": "",
						"unitType": "UNDEFINED",
						"unitDefId": "",
						"unitTagSet": {
							"items": [],
							"tagSetSourceFile": ""
						},
						"unitExcludedTagSet": {
							"items": [],
							"tagSetSourceFile": "Tags/UnitTags"
						},
						"spawnEffectTags": {
							"items": [],
							"tagSetSourceFile": "Tags/SpawnEffectTags"
						},
						"pilotDefId": "pilot_default",
						"pilotTagSet": {
							"items": [],
							"tagSetSourceFile": ""
						},
						"pilotExcludedTagSet": {
							"items": [],
							"tagSetSourceFile": "Tags/PilotTags"
						},
						"selectedUnitType": "UNDEFINED",
						"selectedUnitDefId": null,
						"selectedPilotDefId": null
					},
					{
						"unitSpawnPoint": {
							"EncounterObjectGuid": "d50f1e9d-0a0b-4dc8-9a06-a33233aaa8a1"
						},
						"customUnitName": "",
						"customHeraldryDefId": "",
						"unitType": "UNDEFINED",
						"unitDefId": "",
						"unitTagSet": {
							"items": [],
							"tagSetSourceFile": ""
						},
						"unitExcludedTagSet": {
							"items": [],
							"tagSetSourceFile": "Tags/UnitTags"
						},
						"spawnEffectTags": {
							"items": [],
							"tagSetSourceFile": "Tags/SpawnEffectTags"
						},
						"pilotDefId": "pilot_default",
						"pilotTagSet": {
							"items": [],
							"tagSetSourceFile": ""
						},
						"pilotExcludedTagSet": {
							"items": [],
							"tagSetSourceFile": "Tags/PilotTags"
						},
						"selectedUnitType": "UNDEFINED",
						"selectedUnitDefId": null,
						"selectedPilotDefId": null
					},
					{
						"unitSpawnPoint": {
							"EncounterObjectGuid": "461141c2-f956-49a5-b2c6-6f951b957a94"
						},
						"customUnitName": "",
						"customHeraldryDefId": "",
						"unitType": "UNDEFINED",
						"unitDefId": "",
						"unitTagSet": {
							"items": [],
							"tagSetSourceFile": ""
						},
						"unitExcludedTagSet": {
							"items": [],
							"tagSetSourceFile": "Tags/UnitTags"
						},
						"spawnEffectTags": {
							"items": [],
							"tagSetSourceFile": "Tags/SpawnEffectTags"
						},
						"pilotDefId": "pilot_default",
						"pilotTagSet": {
							"items": [],
							"tagSetSourceFile": ""
						},
						"pilotExcludedTagSet": {
							"items": [],
							"tagSetSourceFile": "Tags/PilotTags"
						},
						"selectedUnitType": "UNDEFINED",
						"selectedUnitDefId": null,
						"selectedPilotDefId": null
					}
				]
			}
		]
	},
	"player2Team": {
		"encounterLayerData": {
			"EncounterObjectGuid": "b9eead08-100f-47bb-a2a8-e756526052a3"
		},
		"teamGuid": "757173dd-b4e1-4bb5-9bee-d78e623cc867",
		"teamName": "Player 2",
		"faction": "Player2sMercUnit",
		"teamLeaderCastDefId": "castDef_TeamLeader_Current",
		"lanceOverrideList": []
	},
	"employerTeam": {
		"encounterLayerData": {
			"EncounterObjectGuid": "b9eead08-100f-47bb-a2a8-e756526052a3"
		},
		"teamGuid": "ecc8d4f2-74b4-465d-adf6-84445e5dfc230",
		"teamName": "Employer",
		"faction": "INVALID_UNSET",
		"teamLeaderCastDefId": "castDef_TeamLeader_Current",
		"lanceOverrideList": []
	},
	"targetTeam": {
		"encounterLayerData": {
			"EncounterObjectGuid": "b9eead08-100f-47bb-a2a8-e756526052a3"
		},
		"teamGuid": "be77cadd-e245-4240-a93e-b99cc98902a5",
		"teamName": "Target",
		"faction": "AuriganDirectorate",
		"teamLeaderCastDefId": "castDef_TeamLeader_Current",
		"lanceOverrideList": [
			{
				"lanceSpawner": {
					"EncounterObjectGuid": "66162852-d2de-4998-b31d-8844ad38ef10"
				},
				"name": "Turrets Alpha",
				"lanceDefId": "Manual",
				"lanceTagSet": {
					"items": [],
					"tagSetSourceFile": "Tags/LanceTags"
				},
				"lanceExcludedTagSet": {
					"items": [],
					"tagSetSourceFile": "Tags/LanceTags"
				},
				"spawnEffectTags": {
					"items": [],
					"tagSetSourceFile": "Tags/SpawnEffectTags"
				},
				"lanceDifficultyAdjustment": 0,
				"selectedLanceDefId": null,
				"selectedLanceDifficulty": 0,
				"unitSpawnPointOverrideList": [
					{
						"unitSpawnPoint": {
							"EncounterObjectGuid": "ab199891-ee89-4803-80af-00c7a8d2e519"
						},
						"customUnitName": "",
						"customHeraldryDefId": "",
						"unitType": "Turret",
						"unitDefId": "turretdef_Standard_Laser",
						"unitTagSet": {
							"items": [],
							"tagSetSourceFile": ""
						},
						"unitExcludedTagSet": {
							"items": [],
							"tagSetSourceFile": "Tags/UnitTags"
						},
						"spawnEffectTags": {
							"items": [],
							"tagSetSourceFile": "Tags/SpawnEffectTags"
						},
						"pilotDefId": "pilot_d7_turret",
						"pilotTagSet": {
							"items": [],
							"tagSetSourceFile": ""
						},
						"pilotExcludedTagSet": {
							"items": [],
							"tagSetSourceFile": "Tags/PilotTags"
						},
						"selectedUnitType": "UNDEFINED",
						"selectedUnitDefId": null,
						"selectedPilotDefId": null
					},
					{
						"unitSpawnPoint": {
							"EncounterObjectGuid": "518a1eb7-c611-4c03-97cf-5a7d0182a162"
						},
						"customUnitName": "",
						"customHeraldryDefId": "",
						"unitType": "Turret",
						"unitDefId": "turretdef_Standard_Laser",
						"unitTagSet": {
							"items": [],
							"tagSetSourceFile": ""
						},
						"unitExcludedTagSet": {
							"items": [],
							"tagSetSourceFile": "Tags/UnitTags"
						},
						"spawnEffectTags": {
							"items": [],
							"tagSetSourceFile": "Tags/SpawnEffectTags"
						},
						"pilotDefId": "pilot_d7_turret",
						"pilotTagSet": {
							"items": [],
							"tagSetSourceFile": ""
						},
						"pilotExcludedTagSet": {
							"items": [],
							"tagSetSourceFile": "Tags/PilotTags"
						},
						"selectedUnitType": "UNDEFINED",
						"selectedUnitDefId": null,
						"selectedPilotDefId": null
					}
				]
			},
			{
				"lanceSpawner": {
					"EncounterObjectGuid": "df87a08d-cb24-455f-8621-2ef0b7634138"
				},
				"name": "Turrets Bravo",
				"lanceDefId": "Manual",
				"lanceTagSet": {
					"items": [],
					"tagSetSourceFile": "Tags/LanceTags"
				},
				"lanceExcludedTagSet": {
					"items": [],
					"tagSetSourceFile": "Tags/LanceTags"
				},
				"spawnEffectTags": {
					"items": [],
					"tagSetSourceFile": "Tags/SpawnEffectTags"
				},
				"lanceDifficultyAdjustment": 0,
				"selectedLanceDefId": null,
				"selectedLanceDifficulty": 0,
				"unitSpawnPointOverrideList": [
					{
						"unitSpawnPoint": {
							"EncounterObjectGuid": "8d1447b8-8b7d-4ec8-ac3a-df3256c69ebe"
						},
						"customUnitName": "",
						"customHeraldryDefId": "",
						"unitType": "Turret",
						"unitDefId": "turretdef_Standard_Laser",
						"unitTagSet": {
							"items": [],
							"tagSetSourceFile": ""
						},
						"unitExcludedTagSet": {
							"items": [],
							"tagSetSourceFile": "Tags/UnitTags"
						},
						"spawnEffectTags": {
							"items": [],
							"tagSetSourceFile": "Tags/SpawnEffectTags"
						},
						"pilotDefId": "pilot_d7_turret",
						"pilotTagSet": {
							"items": [],
							"tagSetSourceFile": ""
						},
						"pilotExcludedTagSet": {
							"items": [],
							"tagSetSourceFile": "Tags/PilotTags"
						},
						"selectedUnitType": "UNDEFINED",
						"selectedUnitDefId": null,
						"selectedPilotDefId": null
					},
					{
						"unitSpawnPoint": {
							"EncounterObjectGuid": "6ed95092-7b6b-44df-95b6-459df6e299fc"
						},
						"customUnitName": "",
						"customHeraldryDefId": "",
						"unitType": "Turret",
						"unitDefId": "turretdef_Standard_Laser",
						"unitTagSet": {
							"items": [],
							"tagSetSourceFile": ""
						},
						"unitExcludedTagSet": {
							"items": [],
							"tagSetSourceFile": "Tags/UnitTags"
						},
						"spawnEffectTags": {
							"items": [],
							"tagSetSourceFile": "Tags/SpawnEffectTags"
						},
						"pilotDefId": "pilot_d7_turret",
						"pilotTagSet": {
							"items": [],
							"tagSetSourceFile": ""
						},
						"pilotExcludedTagSet": {
							"items": [],
							"tagSetSourceFile": "Tags/PilotTags"
						},
						"selectedUnitType": "UNDEFINED",
						"selectedUnitDefId": null,
						"selectedPilotDefId": null
					}
				]
			},
			{
				"lanceSpawner": {
					"EncounterObjectGuid": "1407e2e0-224f-410c-ba5f-d08e32bd6521"
				},
				"name": "Turrets Charlie",
				"lanceDefId": "Manual",
				"lanceTagSet": {
					"items": [],
					"tagSetSourceFile": "Tags/LanceTags"
				},
				"lanceExcludedTagSet": {
					"items": [],
					"tagSetSourceFile": "Tags/LanceTags"
				},
				"spawnEffectTags": {
					"items": [],
					"tagSetSourceFile": "Tags/SpawnEffectTags"
				},
				"lanceDifficultyAdjustment": 0,
				"selectedLanceDefId": null,
				"selectedLanceDifficulty": 0,
				"unitSpawnPointOverrideList": [
					{
						"unitSpawnPoint": {
							"EncounterObjectGuid": "09bd9de9-5770-4a4b-8f2f-bea2580a8b24"
						},
						"customUnitName": "",
						"customHeraldryDefId": "",
						"unitType": "Turret",
						"unitDefId": "turretdef_Standard_Laser",
						"unitTagSet": {
							"items": [],
							"tagSetSourceFile": ""
						},
						"unitExcludedTagSet": {
							"items": [],
							"tagSetSourceFile": "Tags/UnitTags"
						},
						"spawnEffectTags": {
							"items": [],
							"tagSetSourceFile": "Tags/SpawnEffectTags"
						},
						"pilotDefId": "pilot_d7_turret",
						"pilotTagSet": {
							"items": [],
							"tagSetSourceFile": ""
						},
						"pilotExcludedTagSet": {
							"items": [],
							"tagSetSourceFile": "Tags/PilotTags"
						},
						"selectedUnitType": "UNDEFINED",
						"selectedUnitDefId": null,
						"selectedPilotDefId": null
					},
					{
						"unitSpawnPoint": {
							"EncounterObjectGuid": "123c4c48-ef05-402c-b93e-92e71ad72771"
						},
						"customUnitName": "",
						"customHeraldryDefId": "",
						"unitType": "Turret",
						"unitDefId": "turretdef_Standard_Laser",
						"unitTagSet": {
							"items": [],
							"tagSetSourceFile": ""
						},
						"unitExcludedTagSet": {
							"items": [],
							"tagSetSourceFile": "Tags/UnitTags"
						},
						"spawnEffectTags": {
							"items": [],
							"tagSetSourceFile": "Tags/SpawnEffectTags"
						},
						"pilotDefId": "pilot_d7_turret",
						"pilotTagSet": {
							"items": [],
							"tagSetSourceFile": ""
						},
						"pilotExcludedTagSet": {
							"items": [],
							"tagSetSourceFile": "Tags/PilotTags"
						},
						"selectedUnitType": "UNDEFINED",
						"selectedUnitDefId": null,
						"selectedPilotDefId": null
					}
				]
			},
			{
				"lanceSpawner": {
					"EncounterObjectGuid": "787d29ac-c49d-473c-9c01-c97f796f7f66"
				},
				"name": "Guards 1",
				"lanceDefId": "Manual",
				"lanceTagSet": {
					"items": [],
					"tagSetSourceFile": "Tags/LanceTags"
				},
				"lanceExcludedTagSet": {
					"items": [],
					"tagSetSourceFile": "Tags/LanceTags"
				},
				"spawnEffectTags": {
					"items": [],
					"tagSetSourceFile": "Tags/SpawnEffectTags"
				},
				"lanceDifficultyAdjustment": 0,
				"selectedLanceDefId": null,
				"selectedLanceDifficulty": 0,
				"unitSpawnPointOverrideList": [
					{
						"unitSpawnPoint": {
							"EncounterObjectGuid": "fca2dccb-56dc-4462-bdf2-e9fed38f4940"
						},
						"customUnitName": "",
						"customHeraldryDefId": "",
						"unitType": "Mech",
						"unitDefId": "mechdef_quickdraw_QKD-5A",
						"unitTagSet": {
							"items": [
								"unit_mech",
								"unit_light"
							],
							"tagSetSourceFile": "Tags/UnitTags"
						},
						"unitExcludedTagSet": {
							"items": [
								"unit_urbie"
							],
							"tagSetSourceFile": "Tags/UnitTags"
						},
						"spawnEffectTags": {
							"items": [],
							"tagSetSourceFile": "Tags/SpawnEffectTags"
						},
						"pilotDefId": "pilot_d7_gunner",
						"pilotTagSet": {
							"items": [],
							"tagSetSourceFile": ""
						},
						"pilotExcludedTagSet": {
							"items": [],
							"tagSetSourceFile": "Tags/PilotTags"
						},
						"selectedUnitType": "UNDEFINED",
						"selectedUnitDefId": null,
						"selectedPilotDefId": null
					},
					{
						"unitSpawnPoint": {
							"EncounterObjectGuid": "d9629c69-d451-4baa-a7b7-ae1a9872b7b0"
						},
						"customUnitName": "",
						"customHeraldryDefId": "",
						"unitType": "Mech",
						"unitDefId": "mechdef_jenner_JR7-D",
						"unitTagSet": {
							"items": [
								"unit_mech",
								"unit_heavy"
							],
							"tagSetSourceFile": "Tags/UnitTags"
						},
						"unitExcludedTagSet": {
							"items": [],
							"tagSetSourceFile": "Tags/UnitTags"
						},
						"spawnEffectTags": {
							"items": [],
							"tagSetSourceFile": "Tags/SpawnEffectTags"
						},
						"pilotDefId": "pilot_d7_flanker",
						"pilotTagSet": {
							"items": [],
							"tagSetSourceFile": ""
						},
						"pilotExcludedTagSet": {
							"items": [],
							"tagSetSourceFile": "Tags/PilotTags"
						},
						"selectedUnitType": "UNDEFINED",
						"selectedUnitDefId": null,
						"selectedPilotDefId": null
					},
					{
						"unitSpawnPoint": {
							"EncounterObjectGuid": "bb9c4755-3179-47eb-8585-40e56535e8da"
						},
						"customUnitName": "",
						"customHeraldryDefId": "",
						"unitType": "Vehicle",
						"unitDefId": "vehicledef_STRIKER",
						"unitTagSet": {
							"items": [],
							"tagSetSourceFile": "Tags/UnitTags"
						},
						"unitExcludedTagSet": {
							"items": [],
							"tagSetSourceFile": "Tags/UnitTags"
						},
						"spawnEffectTags": {
							"items": [],
							"tagSetSourceFile": "Tags/SpawnEffectTags"
						},
						"pilotDefId": "pilot_d7_defender",
						"pilotTagSet": {
							"items": [],
							"tagSetSourceFile": "Tags/PilotTags"
						},
						"pilotExcludedTagSet": {
							"items": [],
							"tagSetSourceFile": "Tags/PilotTags"
						},
						"selectedUnitType": "UNDEFINED",
						"selectedUnitDefId": null,
						"selectedPilotDefId": null
					},
					{
						"unitSpawnPoint": {
							"EncounterObjectGuid": "2156a470-b865-43ee-bdc6-49c15d188fa3"
						},
						"customUnitName": "",
						"customHeraldryDefId": "",
						"unitType": "Vehicle",
						"unitDefId": "vehicledef_STRIKER",
						"unitTagSet": {
							"items": [],
							"tagSetSourceFile": "Tags/UnitTags"
						},
						"unitExcludedTagSet": {
							"items": [],
							"tagSetSourceFile": "Tags/UnitTags"
						},
						"spawnEffectTags": {
							"items": [],
							"tagSetSourceFile": "Tags/SpawnEffectTags"
						},
						"pilotDefId": "pilot_d7_gunner",
						"pilotTagSet": {
							"items": [],
							"tagSetSourceFile": "Tags/PilotTags"
						},
						"pilotExcludedTagSet": {
							"items": [],
							"tagSetSourceFile": "Tags/PilotTags"
						},
						"selectedUnitType": "UNDEFINED",
						"selectedUnitDefId": null,
						"selectedPilotDefId": null
					}
				]
			},
			{
				"lanceSpawner": {
					"EncounterObjectGuid": "fd732435-856d-46ac-a116-68586b9d7d2d"
				},
				"name": "Turrets Delta",
				"lanceDefId": "Manual",
				"lanceTagSet": {
					"items": [],
					"tagSetSourceFile": "Tags/LanceTags"
				},
				"lanceExcludedTagSet": {
					"items": [],
					"tagSetSourceFile": "Tags/LanceTags"
				},
				"spawnEffectTags": {
					"items": [],
					"tagSetSourceFile": "Tags/SpawnEffectTags"
				},
				"lanceDifficultyAdjustment": 0,
				"selectedLanceDefId": null,
				"selectedLanceDifficulty": 0,
				"unitSpawnPointOverrideList": [
					{
						"unitSpawnPoint": {
							"EncounterObjectGuid": "c1510953-ee30-4be8-b15f-d5f8b6b6ede7"
						},
						"customUnitName": "",
						"customHeraldryDefId": "",
						"unitType": "Turret",
						"unitDefId": "turretdef_Light_Laser",
						"unitTagSet": {
							"items": [],
							"tagSetSourceFile": ""
						},
						"unitExcludedTagSet": {
							"items": [],
							"tagSetSourceFile": "Tags/UnitTags"
						},
						"spawnEffectTags": {
							"items": [],
							"tagSetSourceFile": "Tags/SpawnEffectTags"
						},
						"pilotDefId": "pilot_d7_turret",
						"pilotTagSet": {
							"items": [],
							"tagSetSourceFile": ""
						},
						"pilotExcludedTagSet": {
							"items": [],
							"tagSetSourceFile": "Tags/PilotTags"
						},
						"selectedUnitType": "UNDEFINED",
						"selectedUnitDefId": null,
						"selectedPilotDefId": null
					},
					{
						"unitSpawnPoint": {
							"EncounterObjectGuid": "3f390d62-98d3-4728-b981-4fc37d91925c"
						},
						"customUnitName": "",
						"customHeraldryDefId": "",
						"unitType": "Turret",
						"unitDefId": "turretdef_Standard_Laser",
						"unitTagSet": {
							"items": [],
							"tagSetSourceFile": ""
						},
						"unitExcludedTagSet": {
							"items": [],
							"tagSetSourceFile": "Tags/UnitTags"
						},
						"spawnEffectTags": {
							"items": [],
							"tagSetSourceFile": "Tags/SpawnEffectTags"
						},
						"pilotDefId": "pilot_d7_turret",
						"pilotTagSet": {
							"items": [],
							"tagSetSourceFile": ""
						},
						"pilotExcludedTagSet": {
							"items": [],
							"tagSetSourceFile": "Tags/PilotTags"
						},
						"selectedUnitType": "UNDEFINED",
						"selectedUnitDefId": null,
						"selectedPilotDefId": null
					},
					{
						"unitSpawnPoint": {
							"EncounterObjectGuid": "0cddf850-3bbd-40f8-8ccb-1c0a3e7b8d92"
						},
						"customUnitName": "",
						"customHeraldryDefId": "",
						"unitType": "Turret",
						"unitDefId": "turretdef_Standard_Laser",
						"unitTagSet": {
							"items": [],
							"tagSetSourceFile": ""
						},
						"unitExcludedTagSet": {
							"items": [],
							"tagSetSourceFile": "Tags/UnitTags"
						},
						"spawnEffectTags": {
							"items": [],
							"tagSetSourceFile": "Tags/SpawnEffectTags"
						},
						"pilotDefId": "pilot_d7_turret",
						"pilotTagSet": {
							"items": [],
							"tagSetSourceFile": ""
						},
						"pilotExcludedTagSet": {
							"items": [],
							"tagSetSourceFile": "Tags/PilotTags"
						},
						"selectedUnitType": "UNDEFINED",
						"selectedUnitDefId": null,
						"selectedPilotDefId": null
					}
				]
			},
			{
				"lanceSpawner": {
					"EncounterObjectGuid": "b5cfe4ba-f674-46a7-a742-c6ab1067c22e"
				},
				"name": "FieldLance2a (1)",
				"lanceDefId": "Manual",
				"lanceTagSet": {
					"items": [],
					"tagSetSourceFile": "Tags/LanceTags"
				},
				"lanceExcludedTagSet": {
					"items": [],
					"tagSetSourceFile": "Tags/LanceTags"
				},
				"spawnEffectTags": {
					"items": [],
					"tagSetSourceFile": "Tags/SpawnEffectTags"
				},
				"lanceDifficultyAdjustment": 0,
				"selectedLanceDefId": null,
				"selectedLanceDifficulty": 0,
				"unitSpawnPointOverrideList": [
					{
						"unitSpawnPoint": {
							"EncounterObjectGuid": "5f3de1cc-e6a7-4d13-810e-13917cf3c9d7"
						},
						"customUnitName": "",
						"customHeraldryDefId": "",
						"unitType": "Mech",
						"unitDefId": "mechdef_jagermech_JM6-A",
						"unitTagSet": {
							"items": [
								"unit_mech",
								"unit_light"
							],
							"tagSetSourceFile": "Tags/UnitTags"
						},
						"unitExcludedTagSet": {
							"items": [],
							"tagSetSourceFile": "Tags/UnitTags"
						},
						"spawnEffectTags": {
							"items": [],
							"tagSetSourceFile": "Tags/SpawnEffectTags"
						},
						"pilotDefId": "pilot_d7_pilot",
						"pilotTagSet": {
							"items": [],
							"tagSetSourceFile": ""
						},
						"pilotExcludedTagSet": {
							"items": [],
							"tagSetSourceFile": "Tags/PilotTags"
						},
						"selectedUnitType": "UNDEFINED",
						"selectedUnitDefId": null,
						"selectedPilotDefId": null
					},
					{
						"unitSpawnPoint": {
							"EncounterObjectGuid": "dbe3b11a-fa34-4786-9dc0-24540a3f3d6b"
						},
						"customUnitName": "",
						"customHeraldryDefId": "",
						"unitType": "Mech",
						"unitDefId": "mechdef_vindicator_VND-1R",
						"unitTagSet": {
							"items": [
								"unit_mech",
								"unit_light"
							],
							"tagSetSourceFile": "Tags/UnitTags"
						},
						"unitExcludedTagSet": {
							"items": [],
							"tagSetSourceFile": "Tags/UnitTags"
						},
						"spawnEffectTags": {
							"items": [],
							"tagSetSourceFile": "Tags/SpawnEffectTags"
						},
						"pilotDefId": "pilot_d7_gunner",
						"pilotTagSet": {
							"items": [],
							"tagSetSourceFile": ""
						},
						"pilotExcludedTagSet": {
							"items": [],
							"tagSetSourceFile": "Tags/PilotTags"
						},
						"selectedUnitType": "UNDEFINED",
						"selectedUnitDefId": null,
						"selectedPilotDefId": null
					},
					{
						"unitSpawnPoint": {
							"EncounterObjectGuid": "dd32ed2e-c46e-444a-86c5-725269d0b5d6"
						},
						"customUnitName": "Spotter",
						"customHeraldryDefId": "",
						"unitType": "Mech",
						"unitDefId": "mechdef_spider_SDR-5V",
						"unitTagSet": {
							"items": [
								"unit_mech",
								"unit_heavy"
							],
							"tagSetSourceFile": "Tags/UnitTags"
						},
						"unitExcludedTagSet": {
							"items": [],
							"tagSetSourceFile": "Tags/UnitTags"
						},
						"spawnEffectTags": {
							"items": [],
							"tagSetSourceFile": "Tags/SpawnEffectTags"
						},
						"pilotDefId": "pilot_default",
						"pilotTagSet": {
							"items": [],
							"tagSetSourceFile": "Tags/PilotTags"
						},
						"pilotExcludedTagSet": {
							"items": [],
							"tagSetSourceFile": "Tags/PilotTags"
						},
						"selectedUnitType": "UNDEFINED",
						"selectedUnitDefId": null,
						"selectedPilotDefId": null
					},
					{
						"unitSpawnPoint": {
							"EncounterObjectGuid": "b36d22e8-c080-47dd-bb1a-a256fdaf3397"
						},
						"customUnitName": "",
						"customHeraldryDefId": "",
						"unitType": "Mech",
						"unitDefId": "mechdef_trebuchet_TBT-5N",
						"unitTagSet": {
							"items": [
								"unit_medium",
								"unit_mech"
							],
							"tagSetSourceFile": "Tags/UnitTags"
						},
						"unitExcludedTagSet": {
							"items": [],
							"tagSetSourceFile": "Tags/UnitTags"
						},
						"spawnEffectTags": {
							"items": [],
							"tagSetSourceFile": "Tags/SpawnEffectTags"
						},
						"pilotDefId": "pilot_d7_tactician",
						"pilotTagSet": {
							"items": [],
							"tagSetSourceFile": "Tags/PilotTags"
						},
						"pilotExcludedTagSet": {
							"items": [],
							"tagSetSourceFile": "Tags/PilotTags"
						},
						"selectedUnitType": "UNDEFINED",
						"selectedUnitDefId": null,
						"selectedPilotDefId": null
					}
				]
			},
			{
				"lanceSpawner": {
					"EncounterObjectGuid": "8c6f4b61-f6b4-4a91-80d1-b5ecf48eaf44"
				},
				"name": "Spotter Unit1",
				"lanceDefId": "Manual",
				"lanceTagSet": {
					"items": [],
					"tagSetSourceFile": "Tags/LanceTags"
				},
				"lanceExcludedTagSet": {
					"items": [],
					"tagSetSourceFile": "Tags/LanceTags"
				},
				"spawnEffectTags": {
					"items": [],
					"tagSetSourceFile": "Tags/SpawnEffectTags"
				},
				"lanceDifficultyAdjustment": 0,
				"selectedLanceDefId": null,
				"selectedLanceDifficulty": 0,
				"unitSpawnPointOverrideList": [
					{
						"unitSpawnPoint": {
							"EncounterObjectGuid": "c23ee713-cdf9-4628-9771-0adf8af97b61"
						},
						"customUnitName": "Spotter",
						"customHeraldryDefId": "",
						"unitType": "Mech",
						"unitDefId": "mechdef_spider_SDR-5V",
						"unitTagSet": {
							"items": [],
							"tagSetSourceFile": ""
						},
						"unitExcludedTagSet": {
							"items": [],
							"tagSetSourceFile": "Tags/UnitTags"
						},
						"spawnEffectTags": {
							"items": [],
							"tagSetSourceFile": "Tags/SpawnEffectTags"
						},
						"pilotDefId": "pilot_d7_sharpshooter",
						"pilotTagSet": {
							"items": [],
							"tagSetSourceFile": ""
						},
						"pilotExcludedTagSet": {
							"items": [],
							"tagSetSourceFile": "Tags/PilotTags"
						},
						"selectedUnitType": "UNDEFINED",
						"selectedUnitDefId": null,
						"selectedPilotDefId": null
					}
				]
			},
			{
				"lanceSpawner": {
					"EncounterObjectGuid": "aadbc766-931b-4534-9737-cdedb6c19107"
				},
				"name": "Spotter Unit2",
				"lanceDefId": "Manual",
				"lanceTagSet": {
					"items": [],
					"tagSetSourceFile": "Tags/LanceTags"
				},
				"lanceExcludedTagSet": {
					"items": [],
					"tagSetSourceFile": "Tags/LanceTags"
				},
				"spawnEffectTags": {
					"items": [],
					"tagSetSourceFile": "Tags/SpawnEffectTags"
				},
				"lanceDifficultyAdjustment": 0,
				"selectedLanceDefId": null,
				"selectedLanceDifficulty": 0,
				"unitSpawnPointOverrideList": [
					{
						"unitSpawnPoint": {
							"EncounterObjectGuid": "ca66ecdc-a723-44bf-8264-e19fd8ac3323"
						},
						"customUnitName": "Spotter",
						"customHeraldryDefId": "",
						"unitType": "Mech",
						"unitDefId": "mechdef_spider_SDR-5V",
						"unitTagSet": {
							"items": [],
							"tagSetSourceFile": ""
						},
						"unitExcludedTagSet": {
							"items": [],
							"tagSetSourceFile": "Tags/UnitTags"
						},
						"spawnEffectTags": {
							"items": [],
							"tagSetSourceFile": "Tags/SpawnEffectTags"
						},
						"pilotDefId": "pilot_d7_sharpshooter",
						"pilotTagSet": {
							"items": [],
							"tagSetSourceFile": ""
						},
						"pilotExcludedTagSet": {
							"items": [],
							"tagSetSourceFile": "Tags/PilotTags"
						},
						"selectedUnitType": "UNDEFINED",
						"selectedUnitDefId": null,
						"selectedPilotDefId": null
					}
				]
			}
		]
	},
	"targetsAllyTeam": {
		"encounterLayerData": {
			"EncounterObjectGuid": "b9eead08-100f-47bb-a2a8-e756526052a3"
		},
		"teamGuid": "31151ed6-cfc2-467e-98c4-9ae5bea784cf",
		"teamName": "Target's Ally",
		"faction": "INVALID_UNSET",
		"teamLeaderCastDefId": "castDef_TeamLeader_Current",
		"lanceOverrideList": []
	},
	"neutralToAllTeam": {
		"encounterLayerData": {
			"EncounterObjectGuid": "b9eead08-100f-47bb-a2a8-e756526052a3"
		},
		"teamGuid": "61612bb3-abf9-4586-952a-0559fa9dcd75",
		"teamName": "Neutral to All",
		"faction": "INVALID_UNSET",
		"teamLeaderCastDefId": "castDef_TeamLeader_Current",
		"lanceOverrideList": []
	},
	"hostileToAllTeam": {
		"encounterLayerData": {
			"EncounterObjectGuid": "b9eead08-100f-47bb-a2a8-e756526052a3"
		},
		"teamGuid": "3c9f3a20-ab03-4bcb-8ab6-b1ef0442bbf0",
		"teamName": "Hostile to All",
		"faction": "INVALID_UNSET",
		"teamLeaderCastDefId": "castDef_TeamLeader_Current",
		"lanceOverrideList": []
	}
}