{
	"ID": "Sword_4_AttackPanzyr",
	"contractName": "Liberate: Panzyr",
	"contractDisplayStyle": "HeavyMetalFlashpointCampaign",
	"difficulty": 4,
	"difficultyUIModifier": 0,
	"weight": 1,
	"scope": "STANDARD",
	"finalDifficulty": 0,
	"shortDescription": "The Restoration Army is already entrenched on Panzyr's surface. We're gaining ground against the Directorate, but we can't allow them to call in reinforcements. With the support of the 2nd Decimis Fusiliers, you will destroy a Directorate-held DropShip control center, cutting off their ability to navigate Panzyr's orbital debris field.",
	"longDescription": "This planet's debris field is a real oddity, and a holdover from the Amaris Civil War. It's a nightmare to navigate without ground support, but don't worry-Sumire will get you to the surface in one piece.",
	"salvagePotential": 30,
	"requirementList": [],
	"OnContractSuccessResults": [],
	"OnContractFailureResults": [],
	"contractType": "Panzyr_Attack",
	"encounterPlayStyle": "SinglePlayer",
	"maxNumberOfPlayerUnits": 4,
	"mapMood": "RestorationPanzyrAttack",
	"startingFogOfWarVisibility": "Surveyed",
	"contractObjectiveList": [
		{
			"contractObjective": {
				"EncounterObjectGuid": "8d7e4513-f6c4-4914-a08f-d7baa89672be"
			},
			"title": "Take control of the Directorate's turrets",
			"description": "",
			"isPrimary": true,
			"forPlayer": "Player1",
			"objectiveGuids": [
				"9e59042d-693b-448d-95c1-a97583a2615f",
				"23623273-0490-4c5f-aed1-51421ab13094",
				"3a4192be-2a53-4383-94ac-19c08883ea5f",
				"f9f54db9-8111-45a8-b304-d603a4b3cc6f",
				"4fa06e18-d736-4cc8-9931-e05728ac8b9a"
			]
		},
		{
			"contractObjective": {
				"EncounterObjectGuid": "efb0485a-ead4-4a66-9927-866639b66bd1"
			},
			"title": "Don't allow any Directorate reinforcements to land",
			"description": "",
			"isPrimary": true,
			"forPlayer": "Player1",
			"objectiveGuids": []
		},
		{
			"contractObjective": {
				"EncounterObjectGuid": "1d3b1206-dc6d-4a4a-b113-b4e74abc42b8"
			},
			"title": "Destroy the spaceport's DropShip control center",
			"description": "",
			"isPrimary": true,
			"forPlayer": "Player1",
			"objectiveGuids": []
		}
	],
	"objectiveList": [
		{
			"objective": {
				"EncounterObjectGuid": "f9f54db9-8111-45a8-b304-d603a4b3cc6f"
			},
			"title": "Destroy the Dropship Control Center before the <i>ADV Coronach</i> arrives",
			"description": "",
			"isPrimary": true,
			"OnSuccessResults": [],
			"OnFailureResults": []
		},
		{
			"objective": {
				"EncounterObjectGuid": "4fa06e18-d736-4cc8-9931-e05728ac8b9a"
			},
			"title": "Destroy the Garrison Units",
			"description": "",
			"isPrimary": true,
			"OnSuccessResults": [
				{
					"Scope": "Company",
					"Requirements": {
						"Scope": "Company",
						"RequirementTags": {
							"items": [],
							"tagSetSourceFile": ""
						},
						"ExclusionTags": {
							"items": [],
							"tagSetSourceFile": ""
						},
						"RequirementComparisons": []
					},
					"AddedTags": {
						"items": [],
						"tagSetSourceFile": ""
					},
					"RemovedTags": {
						"items": [],
						"tagSetSourceFile": ""
					},
					"Stats": [
						{
							"typeString": "System.Single",
							"name": "ContractBonusRewardPct",
							"value": "0.5",
							"set": false,
							"valueConstant": ""
						}
					],
					"Actions": [],
					"ForceEvents": [],
					"TemporaryResult": false,
					"ResultDuration": 0
				}
			],
			"OnFailureResults": []
		},
		{
			"objective": {
				"EncounterObjectGuid": "23623273-0490-4c5f-aed1-51421ab13094"
			},
			"title": "The DropShip Control Center Must be Down before the <i>ADV Coronach</i> Arrives",
			"description": "",
			"isPrimary": true,
			"OnSuccessResults": [],
			"OnFailureResults": []
		},
		{
			"objective": {
				"EncounterObjectGuid": "9e59042d-693b-448d-95c1-a97583a2615f"
			},
			"title": "Destroy the Garrison Units Before the Engineers Arrive",
			"description": "",
			"isPrimary": true,
			"OnSuccessResults": [],
			"OnFailureResults": []
		},
		{
			"objective": {
				"EncounterObjectGuid": "88d4108f-dcd4-4c97-bbab-05f72c223a0d"
			},
			"title": "Hidden Main Force Alerted Flag",
			"description": "",
			"isPrimary": false,
			"OnSuccessResults": [],
			"OnFailureResults": []
		},
		{
			"objective": {
				"EncounterObjectGuid": "d405b178-705e-4cb5-9885-b2c090d52625"
			},
			"title": "Hidden Garrison Alerted Flag",
			"description": "",
			"isPrimary": false,
			"OnSuccessResults": [],
			"OnFailureResults": []
		},
		{
			"objective": {
				"EncounterObjectGuid": "6c54d779-df2a-490b-b72e-1a239a658ede"
			},
			"title": "Hidden SRM Flag",
			"description": "",
			"isPrimary": false,
			"OnSuccessResults": [],
			"OnFailureResults": []
		},
		{
			"objective": {
				"EncounterObjectGuid": "bb18fc95-5e7f-4e80-ace3-e36d9bb3533b"
			},
			"title": "DestroyXUnitsObjective_Hidden_Attack",
			"description": "",
			"isPrimary": false,
			"OnSuccessResults": [],
			"OnFailureResults": []
		},
		{
			"objective": {
				"EncounterObjectGuid": "3a4192be-2a53-4383-94ac-19c08883ea5f"
			},
			"title": "Get to the evac zone",
			"description": "",
			"isPrimary": true,
			"OnSuccessResults": [],
			"OnFailureResults": []
		}
	],
	"buildingList": [],
	"chunkList": [],
	"cameraFocusHelperList": [
		{
			"name": "PlayerLanceSpawner_Attack",
			"encounterObject": {
				"EncounterObjectGuid": "76b654a6-4f2c-4a6f-86e6-d4cf868335fe"
			}
		},
		{
			"name": "Turrets Alpha",
			"encounterObject": {
				"EncounterObjectGuid": "13ece036-e357-44b9-8929-693604e5d2a1"
			}
		},
		{
			"name": "Turrets Bravo",
			"encounterObject": {
				"EncounterObjectGuid": "3c82f046-3d75-44d0-b901-4968cd6db2ec"
			}
		},
		{
			"name": "Turrets Charlie",
			"encounterObject": {
				"EncounterObjectGuid": "7948d0ee-9dd2-4bc6-91b3-b1ff921fa3b6"
			}
		},
		{
			"name": "Main Battle Group",
			"encounterObject": {
				"EncounterObjectGuid": "628ea7b0-b414-4b91-b796-cb8f2e03e0a6"
			}
		},
		{
			"name": "Garrison Lance",
			"encounterObject": {
				"EncounterObjectGuid": "ae64e713-5a30-4038-b94c-256eb1df5506"
			}
		},
		{
			"name": "Friendly Turret Lance Holder Alpha",
			"encounterObject": {
				"EncounterObjectGuid": "4721ed61-8f49-408a-a3a7-71a3438c7b5e"
			}
		},
		{
			"name": "Friendly Turret Lance Holder Bravo",
			"encounterObject": {
				"EncounterObjectGuid": "20ad4c13-5296-47c1-81f1-fa6e151ad380"
			}
		},
		{
			"name": "Friendly Turret Lance Holder Charlie",
			"encounterObject": {
				"EncounterObjectGuid": "05a0bb33-51e3-4723-af1e-03641b4b520a"
			}
		},
		{
			"name": "Friendly Turret Lance Holder Delta",
			"encounterObject": {
				"EncounterObjectGuid": "685cd37f-f6db-49c3-b751-e7e46db67de0"
			}
		},
		{
			"name": "Neutral Turret Lance Holder Alpha",
			"encounterObject": {
				"EncounterObjectGuid": "c0031632-6a53-4a3d-84d9-16436a98d24e"
			}
		},
		{
			"name": "Neutral Turret Lance Holder Bravo",
			"encounterObject": {
				"EncounterObjectGuid": "eba50045-abe2-4246-9dca-1f8bf194b473"
			}
		},
		{
			"name": "Neutral Turret Lance Holder Charlie",
			"encounterObject": {
				"EncounterObjectGuid": "82677307-af56-4bcf-b9cd-5af9f58b4796"
			}
		},
		{
			"name": "Neutral Turret Lance Holder Delta",
			"encounterObject": {
				"EncounterObjectGuid": "92af31c8-50f3-42b2-984c-9c337c26e124"
			}
		},
		{
			"name": "MainForceFenceRegion",
			"encounterObject": {
				"EncounterObjectGuid": "75bbe4a9-5357-4699-97d5-c50feb1eaa88"
			}
		},
		{
			"name": "Garrison Region",
			"encounterObject": {
				"EncounterObjectGuid": "d97124b8-c02e-4c83-b143-c4aeb7d9a40f"
			}
		},
		{
			"name": "AI Priority region",
			"encounterObject": {
				"EncounterObjectGuid": "69e20d56-7b62-4465-8053-915f34987337"
			}
		},
		{
			"name": "Region_Escape",
			"encounterObject": {
				"EncounterObjectGuid": "a85da736-7a2e-4cc6-aff3-feb9d73fc7e1"
			}
		},
		{
			"name": "Dropship centre cam",
			"encounterObject": {
				"EncounterObjectGuid": "22a4b998-21d6-4288-a120-bf6bc678a111"
			}
		},
		{
			"name": "Security HQ Cam Target",
			"encounterObject": {
				"EncounterObjectGuid": "61c09bd9-ecf7-4508-9904-671f13bbe063"
			}
		},
		{
			"name": "chrPrfVhcl_leopard-MANAGED",
			"encounterObject": {
				"EncounterObjectGuid": "b4158262-8129-47fd-a065-353342c7d92b"
			}
		},
		{
			"name": "chrPrfVhcl_union-MANAGED",
			"encounterObject": {
				"EncounterObjectGuid": "0dfdde4f-0c23-4f4c-9758-c9edd73f70fc"
			}
		},
		{
			"name": "chrPrfVhcl_leopard-MANAGED",
			"encounterObject": {
				"EncounterObjectGuid": "8c382d2f-619b-4e97-b675-7f5088461421"
			}
		},
		{
			"name": "chrPrfVhcl_union-MANAGED",
			"encounterObject": {
				"EncounterObjectGuid": "59442b56-558a-4f3d-b445-17673c4afed9"
			}
		},
		{
			"name": "chrPrfVhcl_leopard-MANAGED",
			"encounterObject": {
				"EncounterObjectGuid": "25275689-c4b2-44c5-9227-2021d6410fa6"
			}
		},
		{
			"name": "chrPrfVhcl_union-MANAGED",
			"encounterObject": {
				"EncounterObjectGuid": "48cb8678-3770-41af-b68c-1a3f9ec0c3f5"
			}
		}
	],
	"dialogueList": [
		{
			"dialogue": {
				"EncounterObjectGuid": "d9a1b85e-5e34-4b48-9467-cb1e19b8a9c1"
			},
			"name": "Async_PostIntro_Attack",
			"overrideDialogueBucketId": "",
			"dialogueContent": [
				{
					"words": "Good hunting, Commander. You bring down the control center and we'll handle the rest. Good luck.",
					"wordsColor": {
						"r": 1,
						"g": 1,
						"b": 1,
						"a": 1
					},
					"selectedCastDefId": "castDef_KameaDefault",
					"emote": "Default",
					"audioName": "Rm010_110_kamea",
					"cameraFocusGuid": "",
					"cameraDistance": "Far",
					"cameraHeight": "Default",
					"revealRadius": -1
				}
			]
		},
		{
			"dialogue": {
				"EncounterObjectGuid": "c75100cf-4159-4086-8303-2ed1200d73b7"
			},
			"name": "Inter_SRMCarriers",
			"overrideDialogueBucketId": "",
			"dialogueContent": [
				{
					"words": "Commander, I'm seeing Directorate SRM carriers on radar. Recommend engaging them at long range-they'll take you apart if you let them get close.",
					"wordsColor": {
						"r": 1,
						"g": 1,
						"b": 1,
						"a": 1
					},
					"selectedCastDefId": "castDef_KameaDefault",
					"emote": "Default",
					"audioName": "NONE",
					"cameraFocusGuid": "",
					"cameraDistance": "Far",
					"cameraHeight": "Default",
					"revealRadius": -1
				}
			]
		},
		{
			"dialogue": {
				"EncounterObjectGuid": "f3543ae7-669b-4bcb-a709-75cc3dbc91b0"
			},
			"name": "Async_TimeAlmostUp",
			"overrideDialogueBucketId": "",
			"dialogueContent": [
				{
					"words": "Commander, we're almost out of time! We can't afford to let enemy reinforcements land. You need to bring down that control center!",
					"wordsColor": {
						"r": 1,
						"g": 1,
						"b": 1,
						"a": 1
					},
					"selectedCastDefId": "castDef_KameaDefault",
					"emote": "Default",
					"audioName": "rm010_140_kamea",
					"cameraFocusGuid": "",
					"cameraDistance": "Far",
					"cameraHeight": "Default",
					"revealRadius": -1
				}
			]
		},
		{
			"dialogue": {
				"EncounterObjectGuid": "2c23822d-7c27-4124-bc11-ea1a61dfe9b3"
			},
			"name": "Inter_TurretsTaken",
			"overrideDialogueBucketId": "",
			"dialogueContent": [
				{
					"words": "Nicely done, Commander. Lieutenant Andris, your approach to the security HQ is clear.\n",
					"wordsColor": {
						"r": 1,
						"g": 1,
						"b": 1,
						"a": 1
					},
					"selectedCastDefId": "castDef_KameaDefault",
					"emote": "Default",
					"audioName": "NONE",
					"cameraFocusGuid": "c3051f23-47d5-44d1-852e-b26881ef6380",
					"cameraDistance": "Far",
					"cameraHeight": "Default",
					"revealRadius": -1
				},
				{
					"words": "Roger that, Lady Arano. We'll have their turrets under friendly control in just a moment.",
					"wordsColor": {
						"r": 1,
						"g": 1,
						"b": 1,
						"a": 1
					},
					"selectedCastDefId": "castDef_RE_Panzyr_LtAndrisDefault",
					"emote": "Default",
					"audioName": "NONE",
					"cameraFocusGuid": "",
					"cameraDistance": "Far",
					"cameraHeight": "Default",
					"revealRadius": -1
				},
				{
					"words": "Engage the forces guarding that control center, {COMMANDER.Callsign}. Let's make these turrets count.",
					"wordsColor": {
						"r": 1,
						"g": 1,
						"b": 1,
						"a": 1
					},
					"selectedCastDefId": "castDef_KameaDefault",
					"emote": "Default",
					"audioName": "NONE",
					"cameraFocusGuid": "",
					"cameraDistance": "Far",
					"cameraHeight": "Default",
					"revealRadius": -1
				}
			]
		},
		{
			"dialogue": {
				"EncounterObjectGuid": "fd4a1e4f-d1b7-4238-aab8-effd938a1ba0"
			},
			"name": "Async_TimeGettingShort",
			"overrideDialogueBucketId": "",
			"dialogueContent": [
				{
					"words": "The clock is ticking, and the DropShip is getting close. I'd recommend that you prioritize targeting the control center, Commander.",
					"wordsColor": {
						"r": 1,
						"g": 1,
						"b": 1,
						"a": 1
					},
					"selectedCastDefId": "castDef_KameaDefault",
					"emote": "Default",
					"audioName": "rm010_130_kamea",
					"cameraFocusGuid": "22a4b998-21d6-4288-a120-bf6bc678a111",
					"cameraDistance": "Medium",
					"cameraHeight": "Default",
					"revealRadius": -1
				}
			]
		},
		{
			"dialogue": {
				"EncounterObjectGuid": "914116d9-aecf-43dc-b74c-94893a76db2d"
			},
			"name": "Async_TimeAlmostUp",
			"overrideDialogueBucketId": "",
			"dialogueContent": [
				{
					"words": "Commander, we're almost out of time! We can't afford to let enemy reinforcements land. You need to bring that control center down!",
					"wordsColor": {
						"r": 1,
						"g": 1,
						"b": 1,
						"a": 1
					},
					"selectedCastDefId": "castDef_KameaDefault",
					"emote": "Default",
					"audioName": "rm010_140_kamea",
					"cameraFocusGuid": "22a4b998-21d6-4288-a120-bf6bc678a111",
					"cameraDistance": "Medium",
					"cameraHeight": "Default",
					"revealRadius": -1
				}
			]
		},
		{
			"dialogue": {
				"EncounterObjectGuid": "f19e0d05-37f6-42f7-974d-e7f5f77a1e8e"
			},
			"name": "Async_ControlCenterDamaged",
			"overrideDialogueBucketId": "",
			"dialogueContent": [
				{
					"words": "It's weakening! Get more firepower on that control center and bring it down!",
					"wordsColor": {
						"r": 1,
						"g": 1,
						"b": 1,
						"a": 1
					},
					"selectedCastDefId": "castDef_KameaDefault",
					"emote": "Default",
					"audioName": "rm010_120_kamea",
					"cameraFocusGuid": "",
					"cameraDistance": "Far",
					"cameraHeight": "Default",
					"revealRadius": -1
				}
			]
		},
		{
			"dialogue": {
				"EncounterObjectGuid": "d62282f9-ba20-4b02-a0be-a412e47eb70f"
			},
			"name": "Inter_MainForceAlerted",
			"overrideDialogueBucketId": "",
			"dialogueContent": [
				{
					"words": "Ignore the turrets and concentrate your fire on those BattleMechs! We <i>must</i> protect the control center-if our reinforcements can't land, we're all dead! Now <i>fight-FOR THE DIRECTORATE!</i>",
					"wordsColor": {
						"r": 1,
						"g": 1,
						"b": 1,
						"a": 1
					},
					"selectedCastDefId": "castDef_RE_Itrom_DirMWDefault",
					"emote": "Default",
					"audioName": "NONE",
					"cameraFocusGuid": "",
					"cameraDistance": "Far",
					"cameraHeight": "Default",
					"revealRadius": -1
				}
			]
		},
		{
			"dialogue": {
				"EncounterObjectGuid": "dac8d174-4416-4a59-a61f-f1caab7ae603"
			},
			"name": "Inter_EnemyAlertedToTurrets",
			"overrideDialogueBucketId": "",
			"dialogueContent": [
				{
					"words": "They've taken control of our damned turrets! All units-target the turrets and destroy them before the enemy's BattleMechs enter weapons range. Do it-<i>NOW</i>!",
					"wordsColor": {
						"r": 1,
						"g": 1,
						"b": 1,
						"a": 1
					},
					"selectedCastDefId": "castDef_RE_Itrom_DirMWDefault",
					"emote": "Default",
					"audioName": "NONE",
					"cameraFocusGuid": "",
					"cameraDistance": "Far",
					"cameraHeight": "Default",
					"revealRadius": -1
				}
			]
		},
		{
			"dialogue": {
				"EncounterObjectGuid": "086aff08-a90c-4bdd-b7dc-d4d39f553640"
			},
			"name": "Inter_EvacAvailable",
			"overrideDialogueBucketId": "",
			"dialogueContent": [
				{
					"words": "Well done, Commander. Ms. Meyer, are you inbound?",
					"wordsColor": {
						"r": 1,
						"g": 1,
						"b": 1,
						"a": 1
					},
					"selectedCastDefId": "castDef_KameaDefault",
					"emote": "Default",
					"audioName": "NONE",
					"cameraFocusGuid": "",
					"cameraDistance": "Far",
					"cameraHeight": "Default",
					"revealRadius": -1
				},
				{
					"words": "Roger that, Lady Arano. I'm marking an LZ on your screen, Commander-proceed to the designated coordinates for evac.",
					"wordsColor": {
						"r": 1,
						"g": 1,
						"b": 1,
						"a": 1
					},
					"selectedCastDefId": "castDef_SumireDefault",
					"emote": "Default",
					"audioName": "NONE",
					"cameraFocusGuid": "",
					"cameraDistance": "Far",
					"cameraHeight": "Default",
					"revealRadius": -1
				}
			]
		},
		{
			"dialogue": {
				"EncounterObjectGuid": "b3a4cb15-1f25-47ae-a463-0f5f16ed8067"
			},
			"name": "MissionSuccessDialogue_AllDeadAlternate",
			"overrideDialogueBucketId": "",
			"dialogueContent": [
				{
					"words": "That's done it! All communication between the spaceport and the Directorate's reinforcement fleet just went down!\r",
					"wordsColor": {
						"r": 1,
						"g": 1,
						"b": 1,
						"a": 1
					},
					"selectedCastDefId": "castDef_KameaArano01",
					"emote": "Default",
					"audioName": "NONE",
					"cameraFocusGuid": "",
					"cameraDistance": "Far",
					"cameraHeight": "Default",
					"revealRadius": -1
				},
				{
					"words": "Ground control, this is the <i>Coronach</i>-we've lost you! [loud clanging] Nav support is off-line-where are the damned tugs?! [louder clanging] [alarm klaxon begins to blare]",
					"wordsColor": {
						"r": 1,
						"g": 1,
						"b": 1,
						"a": 1
					},
					"selectedCastDefId": "castDef_RE_Panzyr_DirDropShipDefault",
					"emote": "Default",
					"audioName": "NONE",
					"cameraFocusGuid": "",
					"cameraDistance": "Far",
					"cameraHeight": "Default",
					"revealRadius": -1
				},
				{
					"words": "Without ground support, their DropShips won't be able to make planetfall-they'll be torn to pieces if they try. Congratulations, {COMMANDER.Callsign}. Panzyr is as good as ours.",
					"wordsColor": {
						"r": 1,
						"g": 1,
						"b": 1,
						"a": 1
					},
					"selectedCastDefId": "castDef_KameaArano01",
					"emote": "Default",
					"audioName": "NONE",
					"cameraFocusGuid": "",
					"cameraDistance": "Far",
					"cameraHeight": "Default",
					"revealRadius": -1
				},
				{
					"words": "And we have you to thank for it! Long live House Decimis, and long live the Arano Restoration!",
					"wordsColor": {
						"r": 1,
						"g": 1,
						"b": 1,
						"a": 1
					},
					"selectedCastDefId": "castDef_RE_Panzyr_LtAndrisDefault",
					"emote": "Default",
					"audioName": "NONE",
					"cameraFocusGuid": "",
					"cameraDistance": "Medium",
					"cameraHeight": "Default",
					"revealRadius": -1
				},
				{
					"words": "All targets eliminated. Sit tight, and I can collect you from where you are at right now.",
					"wordsColor": {
						"r": 1,
						"g": 1,
						"b": 1,
						"a": 1
					},
					"selectedCastDefId": "castDef_SumireDefault",
					"emote": "Default",
					"audioName": "NONE",
					"cameraFocusGuid": "",
					"cameraDistance": "Medium",
					"cameraHeight": "Default",
					"revealRadius": -1
				}
			]
		},
		{
			"dialogue": {
				"EncounterObjectGuid": "73df8d9c-a274-48fd-98c9-2bd0d7860e83"
			},
			"name": "MissionStartDialogue_Attack",
			"overrideDialogueBucketId": "",
			"dialogueContent": [
				{
					"words": "Commander. I'm glad you made it-navigating Panzyr's debris field unassisted is no small feat, even for a ship as small as a Leopard. Ms. Meyer is to be commended for her skill.",
					"wordsColor": {
						"r": 1,
						"g": 1,
						"b": 1,
						"a": 1
					},
					"selectedCastDefId": "castDef_KameaDefault",
					"emote": "Default",
					"audioName": "NONE",
					"cameraFocusGuid": "",
					"cameraDistance": "Far",
					"cameraHeight": "Default",
					"revealRadius": -1
				},
				{
					"words": "No sweat, Lady Arano. Just don't ask me to do it again.",
					"wordsColor": {
						"r": 1,
						"g": 1,
						"b": 1,
						"a": 1
					},
					"selectedCastDefId": "castDef_SumireDefault",
					"emote": "Default",
					"audioName": "NONE",
					"cameraFocusGuid": "",
					"cameraDistance": "Medium",
					"cameraHeight": "High",
					"revealRadius": 100
				},
				{
					"words": "You won't have to. Restoration strike teams have already joined forces with the 2nd Decimis Fusiliers to engage the enemy on multiple fronts. We have them at a disadvantage, but if they manage to bring in reinforcements, we're in trouble.",
					"wordsColor": {
						"r": 1,
						"g": 1,
						"b": 1,
						"a": 1
					},
					"selectedCastDefId": "castDef_KameaDefault",
					"emote": "Default",
					"audioName": "NONE",
					"cameraFocusGuid": "",
					"cameraDistance": "Close",
					"cameraHeight": "High",
					"revealRadius": 100
				},
				{
					"words": "{COMMANDER.Callsign}, I need you to engage the enemy, locate their DropShip control center, and destroy it. Without ground support, their ships won't be able to navigate the debris field. The Directorate's troops on the surface will be cut off, and our combined forces will sweep them away.",
					"wordsColor": {
						"r": 1,
						"g": 1,
						"b": 1,
						"a": 1
					},
					"selectedCastDefId": "castDef_KameaDefault",
					"emote": "Default",
					"audioName": "NONE",
					"cameraFocusGuid": "22a4b998-21d6-4288-a120-bf6bc678a111",
					"cameraDistance": "Medium",
					"cameraHeight": "High",
					"revealRadius": -1
				},
				{
					"words": "I'm sorry to interrupt, Lady Arano, but we've just intercepted a transmission from the <i>ADV Coronach.</i> They're requesting navigational aid-it sounds like they're on their way down.",
					"wordsColor": {
						"r": 1,
						"g": 1,
						"b": 1,
						"a": 1
					},
					"selectedCastDefId": "castDef_RE_Panzyr_LtAndrisDefault",
					"emote": "Default",
					"audioName": "NONE",
					"cameraFocusGuid": "22a4b998-21d6-4288-a120-bf6bc678a111",
					"cameraDistance": "Far",
					"cameraHeight": "Default",
					"revealRadius": -1
				},
				{
					"words": "If that ship lands, our bid for this system fails. {COMMANDER.Callsign}, I need you to take the control center out <i>before</i> the <i>Coronach</i> touches down.",
					"wordsColor": {
						"r": 1,
						"g": 1,
						"b": 1,
						"a": 1
					},
					"selectedCastDefId": "castDef_KameaDefault",
					"emote": "Default",
					"audioName": "NONE",
					"cameraFocusGuid": "",
					"cameraDistance": "Far",
					"cameraHeight": "Default",
					"revealRadius": -1
				},
				{
					"words": "The 2nd can help with that-we have a Leopard full of engineers heading your way. Commander, I'll need you to clear us a path to the spaceport's security headquarters. Take out their vehicles and make us some breathing room, and we'll turn their turret defenses against them.",
					"wordsColor": {
						"r": 1,
						"g": 1,
						"b": 1,
						"a": 1
					},
					"selectedCastDefId": "castDef_RE_Panzyr_LtAndrisDefault",
					"emote": "Default",
					"audioName": "NONE",
					"cameraFocusGuid": "61c09bd9-ecf7-4508-9904-671f13bbe063",
					"cameraDistance": "Medium",
					"cameraHeight": "Default",
					"revealRadius": -1
				},
				{
					"words": "That's the plan, then-we'll use the turrets to cover your approach. As soon as we have the turrets under control, the Directorate will begin firing on them-use that as a distraction, or engage the enemy to protect them. It's your call either way.",
					"wordsColor": {
						"r": 1,
						"g": 1,
						"b": 1,
						"a": 1
					},
					"selectedCastDefId": "castDef_KameaDefault",
					"emote": "Default",
					"audioName": "NONE",
					"cameraFocusGuid": "",
					"cameraDistance": "Medium",
					"cameraHeight": "Default",
					"revealRadius": -1
				}
			]
		},
		{
			"dialogue": {
				"EncounterObjectGuid": "4011a4c3-cba2-4d22-b2b3-3b19a3297ab9"
			},
			"name": "MissionSuccessDialogue",
			"overrideDialogueBucketId": "",
			"dialogueContent": [
				{
					"words": "That's done it! All communication between the spaceport and the Directorate's reinforcement fleet just went down!\r",
					"wordsColor": {
						"r": 1,
						"g": 1,
						"b": 1,
						"a": 1
					},
					"selectedCastDefId": "castDef_KameaArano01",
					"emote": "Default",
					"audioName": "NONE",
					"cameraFocusGuid": "",
					"cameraDistance": "Far",
					"cameraHeight": "Default",
					"revealRadius": -1
				},
				{
					"words": "Ground control, this is the <i>Coronach</i>-we've lost you! [loud clanging] Nav support is off-line-where are the damned tugs?! [louder clanging] [alarm klaxon begins to blare]",
					"wordsColor": {
						"r": 1,
						"g": 1,
						"b": 1,
						"a": 1
					},
					"selectedCastDefId": "castDef_RE_Panzyr_DirDropShipDefault",
					"emote": "Default",
					"audioName": "NONE",
					"cameraFocusGuid": "",
					"cameraDistance": "Far",
					"cameraHeight": "Default",
					"revealRadius": -1
				},
				{
					"words": "Without ground support, their DropShips won't be able to make planetfall-they'll be torn to pieces if they try. Congratulations, {COMMANDER.Callsign}. Panzyr is as good as ours.",
					"wordsColor": {
						"r": 1,
						"g": 1,
						"b": 1,
						"a": 1
					},
					"selectedCastDefId": "castDef_KameaArano01",
					"emote": "Default",
					"audioName": "NONE",
					"cameraFocusGuid": "",
					"cameraDistance": "Far",
					"cameraHeight": "Default",
					"revealRadius": -1
				},
				{
					"words": "And we have you to thank for it! Long live House Decimis, and long live the Arano Restoration!",
					"wordsColor": {
						"r": 1,
						"g": 1,
						"b": 1,
						"a": 1
					},
					"selectedCastDefId": "castDef_RE_Panzyr_LtAndrisDefault",
					"emote": "Default",
					"audioName": "NONE",
					"cameraFocusGuid": "",
					"cameraDistance": "Medium",
					"cameraHeight": "Default",
					"revealRadius": -1
				}
			]
		},
		{
			"dialogue": {
				"EncounterObjectGuid": "d3d33d95-9ed7-4686-b9eb-954ebe51cc02"
			},
			"name": "MissionFailureDialogue",
			"overrideDialogueBucketId": "",
			"dialogueContent": []
		}
	],
	"overrideAutoCompleteDialogueId": "b3a4cb15-1f25-47ae-a463-0f5f16ed8067",
	"disableNegotations": true,
	"disableLanceConfiguration": false,
	"disableCancelButton": false,
	"disableAfterAction": false,
	"contractRewardOverride": 1920000,
	"travelOnly": false,
	"useTravelCostPenalty": false,
	"usesExpiration": false,
	"expirationTimeOverride": -1,
	"negotiatedSalary": 0.5,
	"negotiatedSalvage": 0.5,
	"excludedFromProceduralGeneration": true,
	"player1Team": {
		"encounterLayerData": {
			"EncounterObjectGuid": "2f19cf3f-e3f2-432a-b87c-e315b546999d"
		},
		"teamGuid": "bf40fd39-ccf9-47c4-94a6-061809681140",
		"teamName": "Player 1",
		"faction": "Player1sMercUnit",
		"teamLeaderCastDefId": "castDef_TeamLeader_Current",
		"lanceOverrideList": [
			{
				"lanceSpawner": {
					"EncounterObjectGuid": "76b654a6-4f2c-4a6f-86e6-d4cf868335fe"
				},
				"name": "PlayerLanceSpawner_Attack",
				"lanceDefId": "Manual",
				"lanceTagSet": {
					"items": [],
					"tagSetSourceFile": ""
				},
				"lanceExcludedTagSet": {
					"items": [],
					"tagSetSourceFile": "Tags/LanceTags"
				},
				"spawnEffectTags": {
					"items": [],
					"tagSetSourceFile": "Tags/SpawnEffectTags"
				},
				"lanceDifficultyAdjustment": 0,
				"selectedLanceDefId": null,
				"selectedLanceDifficulty": 0,
				"unitSpawnPointOverrideList": [
					{
						"unitSpawnPoint": {
							"EncounterObjectGuid": "ec9d2280-ca9a-4d90-8a20-963d8a4c0a39"
						},
						"customUnitName": "",
						"customHeraldryDefId": "",
						"unitType": "UNDEFINED",
						"unitDefId": "",
						"unitTagSet": {
							"items": [],
							"tagSetSourceFile": ""
						},
						"unitExcludedTagSet": {
							"items": [],
							"tagSetSourceFile": "Tags/UnitTags"
						},
						"spawnEffectTags": {
							"items": [],
							"tagSetSourceFile": "Tags/SpawnEffectTags"
						},
						"pilotDefId": "pilotDef_InheritLance",
						"pilotTagSet": {
							"items": [],
							"tagSetSourceFile": ""
						},
						"pilotExcludedTagSet": {
							"items": [],
							"tagSetSourceFile": "Tags/PilotTags"
						},
						"selectedUnitType": "UNDEFINED",
						"selectedUnitDefId": null,
						"selectedPilotDefId": null
					},
					{
						"unitSpawnPoint": {
							"EncounterObjectGuid": "ebc06b6a-c5a8-4165-95ce-480bcf335570"
						},
						"customUnitName": "",
						"customHeraldryDefId": "",
						"unitType": "UNDEFINED",
						"unitDefId": "",
						"unitTagSet": {
							"items": [],
							"tagSetSourceFile": ""
						},
						"unitExcludedTagSet": {
							"items": [],
							"tagSetSourceFile": "Tags/UnitTags"
						},
						"spawnEffectTags": {
							"items": [],
							"tagSetSourceFile": "Tags/SpawnEffectTags"
						},
						"pilotDefId": "pilotDef_InheritLance",
						"pilotTagSet": {
							"items": [],
							"tagSetSourceFile": ""
						},
						"pilotExcludedTagSet": {
							"items": [],
							"tagSetSourceFile": "Tags/PilotTags"
						},
						"selectedUnitType": "UNDEFINED",
						"selectedUnitDefId": null,
						"selectedPilotDefId": null
					},
					{
						"unitSpawnPoint": {
							"EncounterObjectGuid": "d50f1e9d-0a0b-4dc8-9a06-a33233aaa8a1"
						},
						"customUnitName": "",
						"customHeraldryDefId": "",
						"unitType": "UNDEFINED",
						"unitDefId": "",
						"unitTagSet": {
							"items": [],
							"tagSetSourceFile": ""
						},
						"unitExcludedTagSet": {
							"items": [],
							"tagSetSourceFile": "Tags/UnitTags"
						},
						"spawnEffectTags": {
							"items": [],
							"tagSetSourceFile": "Tags/SpawnEffectTags"
						},
						"pilotDefId": "pilotDef_InheritLance",
						"pilotTagSet": {
							"items": [],
							"tagSetSourceFile": ""
						},
						"pilotExcludedTagSet": {
							"items": [],
							"tagSetSourceFile": "Tags/PilotTags"
						},
						"selectedUnitType": "UNDEFINED",
						"selectedUnitDefId": null,
						"selectedPilotDefId": null
					},
					{
						"unitSpawnPoint": {
							"EncounterObjectGuid": "461141c2-f956-49a5-b2c6-6f951b957a94"
						},
						"customUnitName": "",
						"customHeraldryDefId": "",
						"unitType": "UNDEFINED",
						"unitDefId": "",
						"unitTagSet": {
							"items": [],
							"tagSetSourceFile": ""
						},
						"unitExcludedTagSet": {
							"items": [],
							"tagSetSourceFile": "Tags/UnitTags"
						},
						"spawnEffectTags": {
							"items": [],
							"tagSetSourceFile": "Tags/SpawnEffectTags"
						},
						"pilotDefId": "pilotDef_InheritLance",
						"pilotTagSet": {
							"items": [],
							"tagSetSourceFile": ""
						},
						"pilotExcludedTagSet": {
							"items": [],
							"tagSetSourceFile": "Tags/PilotTags"
						},
						"selectedUnitType": "UNDEFINED",
						"selectedUnitDefId": null,
						"selectedPilotDefId": null
					}
				]
			}
		]
	},
	"player2Team": {
		"encounterLayerData": {
			"EncounterObjectGuid": "2f19cf3f-e3f2-432a-b87c-e315b546999d"
		},
		"teamGuid": "757173dd-b4e1-4bb5-9bee-d78e623cc867",
		"teamName": "Player 2",
		"faction": "Player2sMercUnit",
		"teamLeaderCastDefId": "castDef_TeamLeader_Current",
		"lanceOverrideList": []
	},
	"employerTeam": {
		"encounterLayerData": {
			"EncounterObjectGuid": "2f19cf3f-e3f2-432a-b87c-e315b546999d"
		},
		"teamGuid": "ecc8d4f2-74b4-465d-adf6-84445e5dfc230",
		"teamName": "Employer",
		"faction": "AuriganRestoration",
		"teamLeaderCastDefId": "castDef_TeamLeader_Current",
		"lanceOverrideList": [
			{
				"lanceSpawner": {
					"EncounterObjectGuid": "4721ed61-8f49-408a-a3a7-71a3438c7b5e"
				},
				"name": "Friendly Turret Lance Holder Alpha",
				"lanceDefId": "Manual",
				"lanceTagSet": {
					"items": [],
					"tagSetSourceFile": "Tags/LanceTags"
				},
				"lanceExcludedTagSet": {
					"items": [],
					"tagSetSourceFile": "Tags/LanceTags"
				},
				"spawnEffectTags": {
					"items": [],
					"tagSetSourceFile": "Tags/SpawnEffectTags"
				},
				"lanceDifficultyAdjustment": 0,
				"selectedLanceDefId": null,
				"selectedLanceDifficulty": 0,
				"unitSpawnPointOverrideList": []
			},
			{
				"lanceSpawner": {
					"EncounterObjectGuid": "20ad4c13-5296-47c1-81f1-fa6e151ad380"
				},
				"name": "Friendly Turret Lance Holder Bravo",
				"lanceDefId": "Manual",
				"lanceTagSet": {
					"items": [],
					"tagSetSourceFile": "Tags/LanceTags"
				},
				"lanceExcludedTagSet": {
					"items": [],
					"tagSetSourceFile": "Tags/LanceTags"
				},
				"spawnEffectTags": {
					"items": [],
					"tagSetSourceFile": "Tags/SpawnEffectTags"
				},
				"lanceDifficultyAdjustment": 0,
				"selectedLanceDefId": null,
				"selectedLanceDifficulty": 0,
				"unitSpawnPointOverrideList": []
			},
			{
				"lanceSpawner": {
					"EncounterObjectGuid": "05a0bb33-51e3-4723-af1e-03641b4b520a"
				},
				"name": "Friendly Turret Lance Holder Charlie",
				"lanceDefId": "Manual",
				"lanceTagSet": {
					"items": [],
					"tagSetSourceFile": "Tags/LanceTags"
				},
				"lanceExcludedTagSet": {
					"items": [],
					"tagSetSourceFile": "Tags/LanceTags"
				},
				"spawnEffectTags": {
					"items": [],
					"tagSetSourceFile": "Tags/SpawnEffectTags"
				},
				"lanceDifficultyAdjustment": 0,
				"selectedLanceDefId": null,
				"selectedLanceDifficulty": 0,
				"unitSpawnPointOverrideList": []
			},
			{
				"lanceSpawner": {
					"EncounterObjectGuid": "685cd37f-f6db-49c3-b751-e7e46db67de0"
				},
				"name": "Friendly Turret Lance Holder Delta",
				"lanceDefId": "Manual",
				"lanceTagSet": {
					"items": [],
					"tagSetSourceFile": "Tags/LanceTags"
				},
				"lanceExcludedTagSet": {
					"items": [],
					"tagSetSourceFile": "Tags/LanceTags"
				},
				"spawnEffectTags": {
					"items": [],
					"tagSetSourceFile": "Tags/SpawnEffectTags"
				},
				"lanceDifficultyAdjustment": 0,
				"selectedLanceDefId": null,
				"selectedLanceDifficulty": 0,
				"unitSpawnPointOverrideList": []
			}
		]
	},
	"targetTeam": {
		"encounterLayerData": {
			"EncounterObjectGuid": "2f19cf3f-e3f2-432a-b87c-e315b546999d"
		},
		"teamGuid": "be77cadd-e245-4240-a93e-b99cc98902a5",
		"teamName": "Target",
		"faction": "AuriganDirectorate",
		"teamLeaderCastDefId": "castDef_TeamLeader_Current",
		"lanceOverrideList": [
			{
				"lanceSpawner": {
					"EncounterObjectGuid": "13ece036-e357-44b9-8929-693604e5d2a1"
				},
				"name": "Turrets Alpha",
				"lanceDefId": "Manual",
				"lanceTagSet": {
					"items": [],
					"tagSetSourceFile": "Tags/LanceTags"
				},
				"lanceExcludedTagSet": {
					"items": [],
					"tagSetSourceFile": "Tags/LanceTags"
				},
				"spawnEffectTags": {
					"items": [],
					"tagSetSourceFile": "Tags/SpawnEffectTags"
				},
				"lanceDifficultyAdjustment": 0,
				"selectedLanceDefId": null,
				"selectedLanceDifficulty": 0,
				"unitSpawnPointOverrideList": [
					{
						"unitSpawnPoint": {
							"EncounterObjectGuid": "f2f157c2-f2ef-4971-925d-ef2611298e50"
						},
						"customUnitName": "",
						"customHeraldryDefId": "",
						"unitType": "Turret",
						"unitDefId": "turretdef_Light_Sniper",
						"unitTagSet": {
							"items": [],
							"tagSetSourceFile": ""
						},
						"unitExcludedTagSet": {
							"items": [],
							"tagSetSourceFile": "Tags/UnitTags"
						},
						"spawnEffectTags": {
							"items": [],
							"tagSetSourceFile": "Tags/SpawnEffectTags"
						},
						"pilotDefId": "pilot_d5_turret",
						"pilotTagSet": {
							"items": [],
							"tagSetSourceFile": ""
						},
						"pilotExcludedTagSet": {
							"items": [],
							"tagSetSourceFile": "Tags/PilotTags"
						},
						"selectedUnitType": "UNDEFINED",
						"selectedUnitDefId": null,
						"selectedPilotDefId": null
					},
					{
						"unitSpawnPoint": {
							"EncounterObjectGuid": "c7701a2c-dd97-41d1-9aba-09717d6ea330"
						},
						"customUnitName": "",
						"customHeraldryDefId": "",
						"unitType": "Turret",
						"unitDefId": "turretdef_Standard_Sniper",
						"unitTagSet": {
							"items": [],
							"tagSetSourceFile": ""
						},
						"unitExcludedTagSet": {
							"items": [],
							"tagSetSourceFile": "Tags/UnitTags"
						},
						"spawnEffectTags": {
							"items": [],
							"tagSetSourceFile": "Tags/SpawnEffectTags"
						},
						"pilotDefId": "pilot_d5_turret",
						"pilotTagSet": {
							"items": [],
							"tagSetSourceFile": ""
						},
						"pilotExcludedTagSet": {
							"items": [],
							"tagSetSourceFile": "Tags/PilotTags"
						},
						"selectedUnitType": "UNDEFINED",
						"selectedUnitDefId": null,
						"selectedPilotDefId": null
					}
				]
			},
			{
				"lanceSpawner": {
					"EncounterObjectGuid": "3c82f046-3d75-44d0-b901-4968cd6db2ec"
				},
				"name": "Turrets Bravo",
				"lanceDefId": "Manual",
				"lanceTagSet": {
					"items": [],
					"tagSetSourceFile": "Tags/LanceTags"
				},
				"lanceExcludedTagSet": {
					"items": [],
					"tagSetSourceFile": "Tags/LanceTags"
				},
				"spawnEffectTags": {
					"items": [],
					"tagSetSourceFile": "Tags/SpawnEffectTags"
				},
				"lanceDifficultyAdjustment": 0,
				"selectedLanceDefId": null,
				"selectedLanceDifficulty": 0,
				"unitSpawnPointOverrideList": [
					{
						"unitSpawnPoint": {
							"EncounterObjectGuid": "afeb3346-5695-4ba1-ba91-02580eade4b4"
						},
						"customUnitName": "",
						"customHeraldryDefId": "",
						"unitType": "Turret",
						"unitDefId": "turretdef_Standard_Sniper",
						"unitTagSet": {
							"items": [],
							"tagSetSourceFile": "Tags/UnitTags"
						},
						"unitExcludedTagSet": {
							"items": [],
							"tagSetSourceFile": "Tags/UnitTags"
						},
						"spawnEffectTags": {
							"items": [],
							"tagSetSourceFile": "Tags/SpawnEffectTags"
						},
						"pilotDefId": "pilot_d5_turret",
						"pilotTagSet": {
							"items": [],
							"tagSetSourceFile": "Tags/PilotTags"
						},
						"pilotExcludedTagSet": {
							"items": [],
							"tagSetSourceFile": "Tags/PilotTags"
						},
						"selectedUnitType": "UNDEFINED",
						"selectedUnitDefId": null,
						"selectedPilotDefId": null
					},
					{
						"unitSpawnPoint": {
							"EncounterObjectGuid": "f68c8cad-65ab-45b7-b75e-2ed5a42bc4b1"
						},
						"customUnitName": "",
						"customHeraldryDefId": "",
						"unitType": "Turret",
						"unitDefId": "turretdef_Standard_Laser",
						"unitTagSet": {
							"items": [],
							"tagSetSourceFile": "Tags/UnitTags"
						},
						"unitExcludedTagSet": {
							"items": [],
							"tagSetSourceFile": "Tags/UnitTags"
						},
						"spawnEffectTags": {
							"items": [],
							"tagSetSourceFile": "Tags/SpawnEffectTags"
						},
						"pilotDefId": "pilot_d5_turret",
						"pilotTagSet": {
							"items": [],
							"tagSetSourceFile": "Tags/PilotTags"
						},
						"pilotExcludedTagSet": {
							"items": [],
							"tagSetSourceFile": "Tags/PilotTags"
						},
						"selectedUnitType": "UNDEFINED",
						"selectedUnitDefId": null,
						"selectedPilotDefId": null
					}
				]
			},
			{
				"lanceSpawner": {
					"EncounterObjectGuid": "7948d0ee-9dd2-4bc6-91b3-b1ff921fa3b6"
				},
				"name": "Turrets Charlie",
				"lanceDefId": "Manual",
				"lanceTagSet": {
					"items": [],
					"tagSetSourceFile": "Tags/LanceTags"
				},
				"lanceExcludedTagSet": {
					"items": [],
					"tagSetSourceFile": "Tags/LanceTags"
				},
				"spawnEffectTags": {
					"items": [],
					"tagSetSourceFile": "Tags/SpawnEffectTags"
				},
				"lanceDifficultyAdjustment": 0,
				"selectedLanceDefId": null,
				"selectedLanceDifficulty": 0,
				"unitSpawnPointOverrideList": [
					{
						"unitSpawnPoint": {
							"EncounterObjectGuid": "966adfd3-f6eb-4280-96d8-966f9d61de3d"
						},
						"customUnitName": "",
						"customHeraldryDefId": "",
						"unitType": "Turret",
						"unitDefId": "turretdef_Standard_Laser",
						"unitTagSet": {
							"items": [],
							"tagSetSourceFile": "Tags/UnitTags"
						},
						"unitExcludedTagSet": {
							"items": [],
							"tagSetSourceFile": "Tags/UnitTags"
						},
						"spawnEffectTags": {
							"items": [],
							"tagSetSourceFile": "Tags/SpawnEffectTags"
						},
						"pilotDefId": "pilot_d5_turret",
						"pilotTagSet": {
							"items": [],
							"tagSetSourceFile": "Tags/PilotTags"
						},
						"pilotExcludedTagSet": {
							"items": [],
							"tagSetSourceFile": "Tags/PilotTags"
						},
						"selectedUnitType": "UNDEFINED",
						"selectedUnitDefId": null,
						"selectedPilotDefId": null
					},
					{
						"unitSpawnPoint": {
							"EncounterObjectGuid": "f665411b-d38d-4125-ab31-f8e5d765c343"
						},
						"customUnitName": "",
						"customHeraldryDefId": "",
						"unitType": "Turret",
						"unitDefId": "turretdef_Light_Sniper",
						"unitTagSet": {
							"items": [],
							"tagSetSourceFile": "Tags/UnitTags"
						},
						"unitExcludedTagSet": {
							"items": [],
							"tagSetSourceFile": "Tags/UnitTags"
						},
						"spawnEffectTags": {
							"items": [],
							"tagSetSourceFile": "Tags/SpawnEffectTags"
						},
						"pilotDefId": "pilot_d5_turret",
						"pilotTagSet": {
							"items": [],
							"tagSetSourceFile": "Tags/PilotTags"
						},
						"pilotExcludedTagSet": {
							"items": [],
							"tagSetSourceFile": "Tags/PilotTags"
						},
						"selectedUnitType": "UNDEFINED",
						"selectedUnitDefId": null,
						"selectedPilotDefId": null
					},
					{
						"unitSpawnPoint": {
							"EncounterObjectGuid": "4146fda5-3c60-4bdc-9e84-865667d3d508"
						},
						"customUnitName": "",
						"customHeraldryDefId": "",
						"unitType": "Turret",
						"unitDefId": "turretdef_Standard_Sniper",
						"unitTagSet": {
							"items": [],
							"tagSetSourceFile": "Tags/UnitTags"
						},
						"unitExcludedTagSet": {
							"items": [],
							"tagSetSourceFile": "Tags/UnitTags"
						},
						"spawnEffectTags": {
							"items": [],
							"tagSetSourceFile": "Tags/SpawnEffectTags"
						},
						"pilotDefId": "pilot_d5_turret",
						"pilotTagSet": {
							"items": [],
							"tagSetSourceFile": "Tags/PilotTags"
						},
						"pilotExcludedTagSet": {
							"items": [],
							"tagSetSourceFile": "Tags/PilotTags"
						},
						"selectedUnitType": "UNDEFINED",
						"selectedUnitDefId": null,
						"selectedPilotDefId": null
					}
				]
			},
			{
				"lanceSpawner": {
					"EncounterObjectGuid": "628ea7b0-b414-4b91-b796-cb8f2e03e0a6"
				},
				"name": "Main Battle Group",
				"lanceDefId": "Manual",
				"lanceTagSet": {
					"items": [],
					"tagSetSourceFile": "Tags/LanceTags"
				},
				"lanceExcludedTagSet": {
					"items": [],
					"tagSetSourceFile": "Tags/LanceTags"
				},
				"spawnEffectTags": {
					"items": [],
					"tagSetSourceFile": "Tags/SpawnEffectTags"
				},
				"lanceDifficultyAdjustment": 0,
				"selectedLanceDefId": null,
				"selectedLanceDifficulty": 0,
				"unitSpawnPointOverrideList": [
					{
						"unitSpawnPoint": {
							"EncounterObjectGuid": "417837ed-d329-4288-8503-68ffe0344d43"
						},
						"customUnitName": "",
						"customHeraldryDefId": "",
						"unitType": "Mech",
						"unitDefId": "mechdef_centurion_CN9-AL",
						"unitTagSet": {
							"items": [
								"unit_mech",
								"unit_light"
							],
							"tagSetSourceFile": "Tags/UnitTags"
						},
						"unitExcludedTagSet": {
							"items": [],
							"tagSetSourceFile": "Tags/UnitTags"
						},
						"spawnEffectTags": {
							"items": [],
							"tagSetSourceFile": "Tags/SpawnEffectTags"
						},
						"pilotDefId": "pilot_d5_tactician",
						"pilotTagSet": {
							"items": [],
							"tagSetSourceFile": ""
						},
						"pilotExcludedTagSet": {
							"items": [],
							"tagSetSourceFile": "Tags/PilotTags"
						},
						"selectedUnitType": "UNDEFINED",
						"selectedUnitDefId": null,
						"selectedPilotDefId": null
					},
					{
						"unitSpawnPoint": {
							"EncounterObjectGuid": "2894cce5-5505-4c44-97f3-bf97a8ae94ac"
						},
						"customUnitName": "",
						"customHeraldryDefId": "",
						"unitType": "Mech",
						"unitDefId": "mechdef_panther_PNT-9R",
						"unitTagSet": {
							"items": [
								"unit_medium",
								"unit_mech"
							],
							"tagSetSourceFile": "Tags/UnitTags"
						},
						"unitExcludedTagSet": {
							"items": [],
							"tagSetSourceFile": "Tags/UnitTags"
						},
						"spawnEffectTags": {
							"items": [],
							"tagSetSourceFile": "Tags/SpawnEffectTags"
						},
						"pilotDefId": "pilot_d5_tactician",
						"pilotTagSet": {
							"items": [],
							"tagSetSourceFile": ""
						},
						"pilotExcludedTagSet": {
							"items": [],
							"tagSetSourceFile": "Tags/PilotTags"
						},
						"selectedUnitType": "UNDEFINED",
						"selectedUnitDefId": null,
						"selectedPilotDefId": null
					},
					{
						"unitSpawnPoint": {
							"EncounterObjectGuid": "9ec57509-74e5-47de-8165-4a281c2a1e4f"
						},
						"customUnitName": "",
						"customHeraldryDefId": "",
						"unitType": "Mech",
						"unitDefId": "mechdef_dragon_DRG-1N",
						"unitTagSet": {
							"items": [
								"unit_lance_tank",
								"unit_mech"
							],
							"tagSetSourceFile": "Tags/UnitTags"
						},
						"unitExcludedTagSet": {
							"items": [],
							"tagSetSourceFile": "Tags/UnitTags"
						},
						"spawnEffectTags": {
							"items": [],
							"tagSetSourceFile": "Tags/SpawnEffectTags"
						},
						"pilotDefId": "pilot_d5_gunner",
						"pilotTagSet": {
							"items": [],
							"tagSetSourceFile": ""
						},
						"pilotExcludedTagSet": {
							"items": [],
							"tagSetSourceFile": "Tags/PilotTags"
						},
						"selectedUnitType": "UNDEFINED",
						"selectedUnitDefId": null,
						"selectedPilotDefId": null
					},
					{
						"unitSpawnPoint": {
							"EncounterObjectGuid": "8ab61db5-342c-41ed-b70f-bbceb1f2e586"
						},
						"customUnitName": "",
						"customHeraldryDefId": "",
						"unitType": "Mech",
						"unitDefId": "mechdef_trebuchet_TBT-5N",
						"unitTagSet": {
							"items": [
								"unit_lance_support",
								"unit_medium",
								"unit_mech"
							],
							"tagSetSourceFile": "Tags/UnitTags"
						},
						"unitExcludedTagSet": {
							"items": [],
							"tagSetSourceFile": "Tags/UnitTags"
						},
						"spawnEffectTags": {
							"items": [],
							"tagSetSourceFile": "Tags/SpawnEffectTags"
						},
						"pilotDefId": "pilot_d5_gunner",
						"pilotTagSet": {
							"items": [],
							"tagSetSourceFile": ""
						},
						"pilotExcludedTagSet": {
							"items": [],
							"tagSetSourceFile": "Tags/PilotTags"
						},
						"selectedUnitType": "UNDEFINED",
						"selectedUnitDefId": null,
						"selectedPilotDefId": null
					},
					{
						"unitSpawnPoint": {
							"EncounterObjectGuid": "9ca0666f-4c16-4e1a-9e10-9beaafa7ac63"
						},
						"customUnitName": "",
						"customHeraldryDefId": "",
						"unitType": "Mech",
						"unitDefId": "mechdef_jenner_JR7-D",
						"unitTagSet": {
							"items": [],
							"tagSetSourceFile": ""
						},
						"unitExcludedTagSet": {
							"items": [],
							"tagSetSourceFile": "Tags/UnitTags"
						},
						"spawnEffectTags": {
							"items": [],
							"tagSetSourceFile": "Tags/SpawnEffectTags"
						},
						"pilotDefId": "pilot_d5_pilot",
						"pilotTagSet": {
							"items": [],
							"tagSetSourceFile": "Tags/PilotTags"
						},
						"pilotExcludedTagSet": {
							"items": [],
							"tagSetSourceFile": "Tags/PilotTags"
						},
						"selectedUnitType": "UNDEFINED",
						"selectedUnitDefId": null,
						"selectedPilotDefId": null
					},
					{
						"unitSpawnPoint": {
							"EncounterObjectGuid": "aea92824-be45-4173-a59d-8f409a5496ac"
						},
						"customUnitName": "",
						"customHeraldryDefId": "",
						"unitType": "Mech",
						"unitDefId": "mechdef_hunchback_HBK-4G",
						"unitTagSet": {
							"items": [],
							"tagSetSourceFile": ""
						},
						"unitExcludedTagSet": {
							"items": [],
							"tagSetSourceFile": "Tags/UnitTags"
						},
						"spawnEffectTags": {
							"items": [],
							"tagSetSourceFile": "Tags/SpawnEffectTags"
						},
						"pilotDefId": "pilot_default",
						"pilotTagSet": {
							"items": [],
							"tagSetSourceFile": "Tags/PilotTags"
						},
						"pilotExcludedTagSet": {
							"items": [],
							"tagSetSourceFile": "Tags/PilotTags"
						},
						"selectedUnitType": "UNDEFINED",
						"selectedUnitDefId": null,
						"selectedPilotDefId": null
					}
				]
			},
			{
				"lanceSpawner": {
					"EncounterObjectGuid": "ae64e713-5a30-4038-b94c-256eb1df5506"
				},
				"name": "Garrison Lance",
				"lanceDefId": "Manual",
				"lanceTagSet": {
					"items": [],
					"tagSetSourceFile": "Tags/LanceTags"
				},
				"lanceExcludedTagSet": {
					"items": [],
					"tagSetSourceFile": "Tags/LanceTags"
				},
				"spawnEffectTags": {
					"items": [],
					"tagSetSourceFile": "Tags/SpawnEffectTags"
				},
				"lanceDifficultyAdjustment": 0,
				"selectedLanceDefId": null,
				"selectedLanceDifficulty": 0,
				"unitSpawnPointOverrideList": [
					{
						"unitSpawnPoint": {
							"EncounterObjectGuid": "0d6b37b0-9017-4b89-844e-60f9ca5e2654"
						},
						"customUnitName": "",
						"customHeraldryDefId": "",
						"unitType": "Vehicle",
						"unitDefId": "vehicledef_STRIKER",
						"unitTagSet": {
							"items": [
								"unit_light",
								"unit_lance_vanguard",
								"unit_lance_tank"
							],
							"tagSetSourceFile": "Tags/UnitTags"
						},
						"unitExcludedTagSet": {
							"items": [
								"unit_mech"
							],
							"tagSetSourceFile": "Tags/UnitTags"
						},
						"spawnEffectTags": {
							"items": [],
							"tagSetSourceFile": "Tags/SpawnEffectTags"
						},
						"pilotDefId": "pilot_d5_gunner",
						"pilotTagSet": {
							"items": [],
							"tagSetSourceFile": ""
						},
						"pilotExcludedTagSet": {
							"items": [],
							"tagSetSourceFile": "Tags/PilotTags"
						},
						"selectedUnitType": "UNDEFINED",
						"selectedUnitDefId": null,
						"selectedPilotDefId": null
					},
					{
						"unitSpawnPoint": {
							"EncounterObjectGuid": "207a5644-90dc-488e-acfc-aee0f4be2e69"
						},
						"customUnitName": "",
						"customHeraldryDefId": "",
						"unitType": "Vehicle",
						"unitDefId": "vehicledef_CARRIER_SRM",
						"unitTagSet": {
							"items": [
								"unit_vehicle",
								"unit_light",
								"unit_lance_support"
							],
							"tagSetSourceFile": "Tags/UnitTags"
						},
						"unitExcludedTagSet": {
							"items": [
								"unit_vehicle_mobileHQ",
								"unit_mech"
							],
							"tagSetSourceFile": "Tags/UnitTags"
						},
						"spawnEffectTags": {
							"items": [],
							"tagSetSourceFile": "Tags/SpawnEffectTags"
						},
						"pilotDefId": "Tagged",
						"pilotTagSet": {
							"items": [],
							"tagSetSourceFile": ""
						},
						"pilotExcludedTagSet": {
							"items": [],
							"tagSetSourceFile": "Tags/PilotTags"
						},
						"selectedUnitType": "UNDEFINED",
						"selectedUnitDefId": null,
						"selectedPilotDefId": null
					},
					{
						"unitSpawnPoint": {
							"EncounterObjectGuid": "ac15fd3e-386a-4850-acfe-c7073550cb94"
						},
						"customUnitName": "",
						"customHeraldryDefId": "",
						"unitType": "Vehicle",
						"unitDefId": "vehicledef_BULLDOG",
						"unitTagSet": {
							"items": [
								"unit_mech"
							],
							"tagSetSourceFile": "Tags/UnitTags"
						},
						"unitExcludedTagSet": {
							"items": [],
							"tagSetSourceFile": "Tags/UnitTags"
						},
						"spawnEffectTags": {
							"items": [],
							"tagSetSourceFile": "Tags/SpawnEffectTags"
						},
						"pilotDefId": "pilot_d5_gunner",
						"pilotTagSet": {
							"items": [],
							"tagSetSourceFile": ""
						},
						"pilotExcludedTagSet": {
							"items": [],
							"tagSetSourceFile": "Tags/PilotTags"
						},
						"selectedUnitType": "UNDEFINED",
						"selectedUnitDefId": null,
						"selectedPilotDefId": null
					},
					{
						"unitSpawnPoint": {
							"EncounterObjectGuid": "5a804832-56c9-4f83-a36c-4a22764911dc"
						},
						"customUnitName": "",
						"customHeraldryDefId": "",
						"unitType": "Vehicle",
						"unitDefId": "vehicledef_CARRIER_SRM",
						"unitTagSet": {
							"items": [
								"unit_medium",
								"unit_mech"
							],
							"tagSetSourceFile": "Tags/UnitTags"
						},
						"unitExcludedTagSet": {
							"items": [],
							"tagSetSourceFile": "Tags/UnitTags"
						},
						"spawnEffectTags": {
							"items": [],
							"tagSetSourceFile": "Tags/SpawnEffectTags"
						},
						"pilotDefId": "pilot_d5_gunner",
						"pilotTagSet": {
							"items": [],
							"tagSetSourceFile": ""
						},
						"pilotExcludedTagSet": {
							"items": [],
							"tagSetSourceFile": "Tags/PilotTags"
						},
						"selectedUnitType": "UNDEFINED",
						"selectedUnitDefId": null,
						"selectedPilotDefId": null
					},
					{
						"unitSpawnPoint": {
							"EncounterObjectGuid": "79432bb9-8133-4958-a73f-4a7a19f6a25b"
						},
						"customUnitName": "",
						"customHeraldryDefId": "",
						"unitType": "Vehicle",
						"unitDefId": "vehicledef_BULLDOG",
						"unitTagSet": {
							"items": [],
							"tagSetSourceFile": "Tags/UnitTags"
						},
						"unitExcludedTagSet": {
							"items": [],
							"tagSetSourceFile": "Tags/UnitTags"
						},
						"spawnEffectTags": {
							"items": [],
							"tagSetSourceFile": "Tags/SpawnEffectTags"
						},
						"pilotDefId": "pilot_d5_gunner",
						"pilotTagSet": {
							"items": [],
							"tagSetSourceFile": "Tags/PilotTags"
						},
						"pilotExcludedTagSet": {
							"items": [],
							"tagSetSourceFile": "Tags/PilotTags"
						},
						"selectedUnitType": "UNDEFINED",
						"selectedUnitDefId": null,
						"selectedPilotDefId": null
					}
				]
			}
		]
	},
	"targetsAllyTeam": {
		"encounterLayerData": {
			"EncounterObjectGuid": "2f19cf3f-e3f2-432a-b87c-e315b546999d"
		},
		"teamGuid": "31151ed6-cfc2-467e-98c4-9ae5bea784cf",
		"teamName": "Target's Ally",
		"faction": "Locals",
		"teamLeaderCastDefId": "castDef_TeamLeader_Current",
		"lanceOverrideList": []
	},
	"neutralToAllTeam": {
		"encounterLayerData": {
			"EncounterObjectGuid": "2f19cf3f-e3f2-432a-b87c-e315b546999d"
		},
		"teamGuid": "61612bb3-abf9-4586-952a-0559fa9dcd75",
		"teamName": "Neutral to All",
		"faction": "Locals",
		"teamLeaderCastDefId": "castDef_TeamLeader_Current",
		"lanceOverrideList": [
			{
				"lanceSpawner": {
					"EncounterObjectGuid": "c0031632-6a53-4a3d-84d9-16436a98d24e"
				},
				"name": "Neutral Turret Lance Holder Alpha",
				"lanceDefId": "Manual",
				"lanceTagSet": {
					"items": [],
					"tagSetSourceFile": "Tags/LanceTags"
				},
				"lanceExcludedTagSet": {
					"items": [],
					"tagSetSourceFile": "Tags/LanceTags"
				},
				"spawnEffectTags": {
					"items": [],
					"tagSetSourceFile": "Tags/SpawnEffectTags"
				},
				"lanceDifficultyAdjustment": 0,
				"selectedLanceDefId": null,
				"selectedLanceDifficulty": 0,
				"unitSpawnPointOverrideList": []
			},
			{
				"lanceSpawner": {
					"EncounterObjectGuid": "eba50045-abe2-4246-9dca-1f8bf194b473"
				},
				"name": "Neutral Turret Lance Holder Bravo",
				"lanceDefId": "Manual",
				"lanceTagSet": {
					"items": [],
					"tagSetSourceFile": "Tags/LanceTags"
				},
				"lanceExcludedTagSet": {
					"items": [],
					"tagSetSourceFile": "Tags/LanceTags"
				},
				"spawnEffectTags": {
					"items": [],
					"tagSetSourceFile": "Tags/SpawnEffectTags"
				},
				"lanceDifficultyAdjustment": 0,
				"selectedLanceDefId": null,
				"selectedLanceDifficulty": 0,
				"unitSpawnPointOverrideList": []
			},
			{
				"lanceSpawner": {
					"EncounterObjectGuid": "82677307-af56-4bcf-b9cd-5af9f58b4796"
				},
				"name": "Neutral Turret Lance Holder Charlie",
				"lanceDefId": "Manual",
				"lanceTagSet": {
					"items": [],
					"tagSetSourceFile": "Tags/LanceTags"
				},
				"lanceExcludedTagSet": {
					"items": [],
					"tagSetSourceFile": "Tags/LanceTags"
				},
				"spawnEffectTags": {
					"items": [],
					"tagSetSourceFile": "Tags/SpawnEffectTags"
				},
				"lanceDifficultyAdjustment": 0,
				"selectedLanceDefId": null,
				"selectedLanceDifficulty": 0,
				"unitSpawnPointOverrideList": []
			},
			{
				"lanceSpawner": {
					"EncounterObjectGuid": "92af31c8-50f3-42b2-984c-9c337c26e124"
				},
				"name": "Neutral Turret Lance Holder Delta",
				"lanceDefId": "Manual",
				"lanceTagSet": {
					"items": [],
					"tagSetSourceFile": "Tags/LanceTags"
				},
				"lanceExcludedTagSet": {
					"items": [],
					"tagSetSourceFile": "Tags/LanceTags"
				},
				"spawnEffectTags": {
					"items": [],
					"tagSetSourceFile": "Tags/SpawnEffectTags"
				},
				"lanceDifficultyAdjustment": 0,
				"selectedLanceDefId": null,
				"selectedLanceDifficulty": 0,
				"unitSpawnPointOverrideList": []
			}
		]
	},
	"hostileToAllTeam": {
		"encounterLayerData": {
			"EncounterObjectGuid": "2f19cf3f-e3f2-432a-b87c-e315b546999d"
		},
		"teamGuid": "3c9f3a20-ab03-4bcb-8ab6-b1ef0442bbf0",
		"teamName": "Hostile to All",
		"faction": "INVALID_UNSET",
		"teamLeaderCastDefId": "castDef_TeamLeader_Current",
		"lanceOverrideList": []
	}
}
