{
	"ID": "StoryTime_5_a_SmithonAttack_Default",
	"contractName": "Liberate: Smithon",
	"contractDisplayStyle": "HeavyMetalFlashpointCampaign",
	"difficulty": 4,
	"difficultyUIModifier": 0,
	"weight": 1,
	"scope": "STANDARD",
	"finalDifficulty": 0,
	"shortDescription": "The Restoration Army is engaged in a battle of attrition against Directorate forces, and our ground forces need resupply if they're going to prevail. To that end, I'm sending you to capture a Directorate munitions dump. Eliminate their defenses and prevent them from getting away with the munitions; our support staff will handle the rest.",
	"longDescription": "The Restoration Army's been locked in a stalemate with the Directorate for a few days now. In the end, it's gonna come down to whichever side has the most ammo, so let's make sure it's ours.",
	"salvagePotential": 24,
	"requirementList": [],
	"OnContractSuccessResults": [],
	"OnContractFailureResults": [],
	"contractType": "Smithon_Attack",
	"encounterPlayStyle": "SinglePlayer",
	"maxNumberOfPlayerUnits": 4,
	"mapMood": "RestorationSmithonAttack",
	"startingFogOfWarVisibility": "Surveyed",
	"contractObjectiveList": [
		{
			"contractObjective": {
				"EncounterObjectGuid": "8d7e4513-f6c4-4914-a08f-d7baa89672be"
			},
			"title": "Engage and destroy all Directorate units",
			"description": "",
			"isPrimary": true,
			"forPlayer": "Player1",
			"objectiveGuids": [
				"d0ac19f2-3637-483b-b60d-c182fd4b2604",
				"509119f6-ce5b-4e0b-919f-30a29ebd041a",
				"972c123f-f943-4223-9863-4fcb0881ac64",
				"b369b47d-3888-4bab-b722-f55ed45b0818",
				"9565df58-5db4-483c-a282-3ebd279e62a6"
			]
		}
	],
	"objectiveList": [
		{
			"objective": {
				"EncounterObjectGuid": "a1cec9e4-4300-4383-ab7f-964bcf0484d2"
			},
			"title": "Hidden Transport Convoy 1 Timer",
			"description": "",
			"isPrimary": false,
			"OnSuccessResults": [],
			"OnFailureResults": []
		},
		{
			"objective": {
				"EncounterObjectGuid": "817f4d9f-99ba-4aa9-abf8-f248a529ddd4"
			},
			"title": "Hidden Transport Convoy 2 Timer",
			"description": "",
			"isPrimary": false,
			"OnSuccessResults": [],
			"OnFailureResults": []
		},
		{
			"objective": {
				"EncounterObjectGuid": "d0ac19f2-3637-483b-b60d-c182fd4b2604"
			},
			"title": "Destroy the Garrison Units",
			"description": "Destroy Garrison Units",
			"isPrimary": true,
			"OnSuccessResults": [],
			"OnFailureResults": []
		},
		{
			"objective": {
				"EncounterObjectGuid": "b369b47d-3888-4bab-b722-f55ed45b0818"
			},
			"title": "Save Six Ammo Crates",
			"description": "",
			"isPrimary": false,
			"OnSuccessResults": [
				{
					"Scope": "Company",
					"Requirements": {
						"Scope": "Company",
						"RequirementTags": {
							"items": [],
							"tagSetSourceFile": ""
						},
						"ExclusionTags": {
							"items": [],
							"tagSetSourceFile": ""
						},
						"RequirementComparisons": []
					},
					"AddedTags": {
						"items": [],
						"tagSetSourceFile": ""
					},
					"RemovedTags": {
						"items": [],
						"tagSetSourceFile": ""
					},
					"Stats": [
						{
							"typeString": "System.Single",
							"name": "ContractBonusRewardPct",
							"value": "0.15",
							"set": false,
							"valueConstant": "valueConstant"
						}
					],
					"Actions": [],
					"ForceEvents": [],
					"TemporaryResult": false,
					"ResultDuration": 0
				}
			],
			"OnFailureResults": []
		},
		{
			"objective": {
				"EncounterObjectGuid": "9565df58-5db4-483c-a282-3ebd279e62a6"
			},
			"title": "Save Three Ammo Crates",
			"description": "",
			"isPrimary": false,
			"OnSuccessResults": [
				{
					"Scope": "Company",
					"Requirements": {
						"Scope": "Company",
						"RequirementTags": {
							"items": [],
							"tagSetSourceFile": ""
						},
						"ExclusionTags": {
							"items": [],
							"tagSetSourceFile": ""
						},
						"RequirementComparisons": []
					},
					"AddedTags": {
						"items": [],
						"tagSetSourceFile": ""
					},
					"RemovedTags": {
						"items": [],
						"tagSetSourceFile": ""
					},
					"Stats": [
						{
							"typeString": "System.Single",
							"name": "ContractBonusRewardPct",
							"value": "0.15",
							"set": false,
							"valueConstant": "valueConstant"
						}
					],
					"Actions": [],
					"ForceEvents": [],
					"TemporaryResult": false,
					"ResultDuration": 0
				}
			],
			"OnFailureResults": []
		},
		{
			"objective": {
				"EncounterObjectGuid": "4c0f1f9d-5216-43db-bd49-623ada62644d"
			},
			"title": "Artillery hits in ",
			"description": "",
			"isPrimary": false,
			"OnSuccessResults": [],
			"OnFailureResults": []
		},
		{
			"objective": {
				"EncounterObjectGuid": "2b260b42-3f26-4ab8-9e87-f29fa29e46a7"
			},
			"title": "Artillery hits in ",
			"description": "",
			"isPrimary": false,
			"OnSuccessResults": [],
			"OnFailureResults": []
		},
		{
			"objective": {
				"EncounterObjectGuid": "fa523c29-32e5-4bb5-847b-d3cc61422090"
			},
			"title": "Artillery hits in ",
			"description": "",
			"isPrimary": false,
			"OnSuccessResults": [],
			"OnFailureResults": []
		},
		{
			"objective": {
				"EncounterObjectGuid": "9b76e094-5e22-4514-b3e6-a84a36bc02e0"
			},
			"title": "Artillery hits in ",
			"description": "",
			"isPrimary": false,
			"OnSuccessResults": [],
			"OnFailureResults": []
		},
		{
			"objective": {
				"EncounterObjectGuid": "84e56b36-f5ec-4235-a406-e11cda84c199"
			},
			"title": "Artillery hits in ",
			"description": "",
			"isPrimary": false,
			"OnSuccessResults": [],
			"OnFailureResults": []
		},
		{
			"objective": {
				"EncounterObjectGuid": "4a334c9d-3b95-486d-803d-191392130a1f"
			},
			"title": "Artillery hits in ",
			"description": "",
			"isPrimary": false,
			"OnSuccessResults": [],
			"OnFailureResults": []
		},
		{
			"objective": {
				"EncounterObjectGuid": "eec31cc1-54b4-4860-b5c6-ce867b91a608"
			},
			"title": "Artillery hits in ",
			"description": "",
			"isPrimary": false,
			"OnSuccessResults": [],
			"OnFailureResults": []
		},
		{
			"objective": {
				"EncounterObjectGuid": "0d931ad3-0893-4eff-8871-fd1ee5388f43"
			},
			"title": "Artillery hits in ",
			"description": "",
			"isPrimary": false,
			"OnSuccessResults": [],
			"OnFailureResults": []
		},
		{
			"objective": {
				"EncounterObjectGuid": "49127ee6-0db0-412c-b75c-29684da24103"
			},
			"title": "Artillery hits in ",
			"description": "",
			"isPrimary": false,
			"OnSuccessResults": [],
			"OnFailureResults": []
		},
		{
			"objective": {
				"EncounterObjectGuid": "509119f6-ce5b-4e0b-919f-30a29ebd041a"
			},
			"title": "Prevent the First Transport From Escaping",
			"description": "",
			"isPrimary": false,
			"OnSuccessResults": [
				{
					"Scope": "Company",
					"Requirements": {
						"Scope": "Company",
						"RequirementTags": {
							"items": [],
							"tagSetSourceFile": ""
						},
						"ExclusionTags": {
							"items": [],
							"tagSetSourceFile": ""
						},
						"RequirementComparisons": []
					},
					"AddedTags": {
						"items": [],
						"tagSetSourceFile": ""
					},
					"RemovedTags": {
						"items": [],
						"tagSetSourceFile": ""
					},
					"Stats": [
						{
							"typeString": "System.Single",
							"name": "ContractBonusRewardPct",
							"value": "0.15",
							"set": false,
							"valueConstant": "valueConstant"
						}
					],
					"Actions": [],
					"ForceEvents": [],
					"TemporaryResult": false,
					"ResultDuration": 0
				}
			],
			"OnFailureResults": []
		},
		{
			"objective": {
				"EncounterObjectGuid": "3457a3da-1998-49f2-b4ce-7585c2ba4938"
			},
			"title": "Hidden Transport 1 Pick Up",
			"description": "",
			"isPrimary": false,
			"OnSuccessResults": [],
			"OnFailureResults": []
		},
		{
			"objective": {
				"EncounterObjectGuid": "972c123f-f943-4223-9863-4fcb0881ac64"
			},
			"title": "Prevent the Second Transport From Escaping",
			"description": "",
			"isPrimary": false,
			"OnSuccessResults": [
				{
					"Scope": "Company",
					"Requirements": {
						"Scope": "Company",
						"RequirementTags": {
							"items": [],
							"tagSetSourceFile": ""
						},
						"ExclusionTags": {
							"items": [],
							"tagSetSourceFile": ""
						},
						"RequirementComparisons": []
					},
					"AddedTags": {
						"items": [],
						"tagSetSourceFile": ""
					},
					"RemovedTags": {
						"items": [],
						"tagSetSourceFile": ""
					},
					"Stats": [
						{
							"typeString": "System.Single",
							"name": "ContractBonusRewardPct",
							"value": "0.15",
							"set": false,
							"valueConstant": "valueConstant"
						}
					],
					"Actions": [],
					"ForceEvents": [],
					"TemporaryResult": false,
					"ResultDuration": 0
				}
			],
			"OnFailureResults": []
		},
		{
			"objective": {
				"EncounterObjectGuid": "1b65ad9a-a4a0-49c3-8884-4784d9f57d0b"
			},
			"title": "Hidden Transport Pick Up Objective 2",
			"description": "",
			"isPrimary": false,
			"OnSuccessResults": [],
			"OnFailureResults": []
		}
	],
	"buildingList": [],
	"chunkList": [],
	"cameraFocusHelperList": [
		{
			"name": "PlayerLanceSpawner",
			"encounterObject": {
				"EncounterObjectGuid": "76b654a6-4f2c-4a6f-86e6-d4cf868335fe"
			}
		},
		{
			"name": "Light Lance",
			"encounterObject": {
				"EncounterObjectGuid": "4977f0a2-49df-470f-b2c0-74c1a75c98c7"
			}
		},
		{
			"name": "Turrets",
			"encounterObject": {
				"EncounterObjectGuid": "a8c8c318-5f5c-403c-9e07-39ae1bf971fd"
			}
		},
		{
			"name": "Heavy Lance",
			"encounterObject": {
				"EncounterObjectGuid": "c152e72c-bf3d-4926-98a1-a9854d816d06"
			}
		},
		{
			"name": "Truck 1 Lance",
			"encounterObject": {
				"EncounterObjectGuid": "e77c007d-b142-41f8-93e3-592d02269008"
			}
		},
		{
			"name": "Truck 2 Lance",
			"encounterObject": {
				"EncounterObjectGuid": "a57df9e5-6b85-4a00-b73a-6b71185c5b01"
			}
		},
		{
			"name": "Explosion Region 1",
			"encounterObject": {
				"EncounterObjectGuid": "298568e0-01b6-4e62-b6d5-4cc36cb06efa"
			}
		},
		{
			"name": "Explosion Region 2",
			"encounterObject": {
				"EncounterObjectGuid": "4255972d-b1b5-49a1-b37d-cf676ecf9ffa"
			}
		},
		{
			"name": "Explosion Region 3",
			"encounterObject": {
				"EncounterObjectGuid": "f5823780-de5a-4aaf-bce7-a65750a47710"
			}
		},
		{
			"name": "Explosion Region 4",
			"encounterObject": {
				"EncounterObjectGuid": "9460f4f2-9938-49f8-9a2e-8eb3cbcf711c"
			}
		},
		{
			"name": "Explosion Region 6",
			"encounterObject": {
				"EncounterObjectGuid": "930f08f5-5eda-4316-bef1-40fd341c3558"
			}
		},
		{
			"name": "Explosion Region 7",
			"encounterObject": {
				"EncounterObjectGuid": "cba8e477-97cb-443b-9de7-162f61f9ca93"
			}
		},
		{
			"name": "Explosion Region 8",
			"encounterObject": {
				"EncounterObjectGuid": "63359f06-0585-49ac-94f5-ab82db863345"
			}
		},
		{
			"name": "Explosion Region 11",
			"encounterObject": {
				"EncounterObjectGuid": "45f0327b-00e0-450b-a4db-c215842cd14e"
			}
		},
		{
			"name": "Region_GoTo_NOTUSED",
			"encounterObject": {
				"EncounterObjectGuid": "011e4c7a-a2d6-4d34-bb23-f62ca3a10e8d"
			}
		},
		{
			"name": "Region_Transport Escape Region",
			"encounterObject": {
				"EncounterObjectGuid": "68e9b09b-3d75-45f9-9e32-5ce736b27668"
			}
		},
		{
			"name": "Region_GoTo_NOTUSED",
			"encounterObject": {
				"EncounterObjectGuid": "9dc456dc-7d10-46ce-9963-bea77538e9a0"
			}
		},
		{
			"name": "Truck Escape Focus",
			"encounterObject": {
				"EncounterObjectGuid": "ebb40c29-9f14-4e05-ae0d-4847a65da576"
			}
		},
		{
			"name": "Facility Focus",
			"encounterObject": {
				"EncounterObjectGuid": "4dd1de9e-6d13-4f53-a0cc-0c21085fbc6d"
			}
		},
		{
			"name": "Ammo Focus",
			"encounterObject": {
				"EncounterObjectGuid": "2c9b445c-fdeb-4d3b-a80a-dee51ced1ffb"
			}
		}
	],
	"dialogueList": [
		{
			"dialogue": {
				"EncounterObjectGuid": "73df8d9c-a274-48fd-98c9-2bd0d7860e83"
			},
			"name": "MissionStartDialogue_Attack",
			"overrideDialogueBucketId": "",
			"dialogueContent": [
				{
					"words": "Welcome to Smithon, Commander. The bulk of our army is entrenched in the capital, exchanging fire with what's left of the Directorate's defense force. The battle is leaning in our favor, but we're running low on ammunition. This is where you come in.",
					"wordsColor": {
						"r": 1,
						"g": 1,
						"b": 1,
						"a": 1
					},
					"selectedCastDefId": "castDef_KameaDefault",
					"emote": "Default",
					"audioName": "NONE",
					"cameraFocusGuid": "",
					"cameraDistance": "Far",
					"cameraHeight": "Default",
					"revealRadius": -1
				},
				{
					"words": "The structure before you is a munitions dump that the Directorate stole from House Karosas. I need you to take it back. Find all hostile units and eliminate them; our combat support staff will handle the rest.",
					"wordsColor": {
						"r": 1,
						"g": 1,
						"b": 1,
						"a": 1
					},
					"selectedCastDefId": "castDef_KameaDefault",
					"emote": "Default",
					"audioName": "NONE",
					"cameraFocusGuid": "4dd1de9e-6d13-4f53-a0cc-0c21085fbc6d",
					"cameraDistance": "Far",
					"cameraHeight": "Default",
					"revealRadius": -1
				},
				{
					"words": "I've highlighted several optional objectives for you on this mission, that all pay equally well. Saving some of the ammunition that's already packaged for transport will earn you a bonus payment. If you manage to preserve the bulk of the ammunition, you will receive a second, cumulative payment. Finally, I will pay you a bounty for any Directorate transports you manage to destroy during the engagement. ",
					"wordsColor": {
						"r": 1,
						"g": 1,
						"b": 1,
						"a": 1
					},
					"selectedCastDefId": "castDef_KameaDefault",
					"emote": "Default",
					"audioName": "NONE",
					"cameraFocusGuid": "2c9b445c-fdeb-4d3b-a80a-dee51ced1ffb",
					"cameraDistance": "Close",
					"cameraHeight": "Default",
					"revealRadius": -1
				},
				{
					"words": "This assignment comes with risks. The facility is heavily guarded, and if any of those munitions crates come under fire, the resulting explosion will deal heavy damage to anything caught in the blast. This includes Directorate units, so feel free to target the crates yourself... but know that you may be sacrificing a bonus in so doing.",
					"wordsColor": {
						"r": 1,
						"g": 1,
						"b": 1,
						"a": 1
					},
					"selectedCastDefId": "castDef_KameaDefault",
					"emote": "Default",
					"audioName": "NONE",
					"cameraFocusGuid": "",
					"cameraDistance": "Far",
					"cameraHeight": "Default",
					"revealRadius": -1
				}
			]
		},
		{
			"dialogue": {
				"EncounterObjectGuid": "4011a4c3-cba2-4d22-b2b3-3b19a3297ab9"
			},
			"name": "MissionSuccessDialogue",
			"overrideDialogueBucketId": "",
			"dialogueContent": [
				{
					"words": "Good job, Commander. With the supplies you've just secured for us, our BattleMechs will shatter the Directorate's battle lines. Smithon will be liberated, now and forever.",
					"wordsColor": {
						"r": 1,
						"g": 1,
						"b": 1,
						"a": 1
					},
					"selectedCastDefId": "castDef_KameaDefault",
					"emote": "Default",
					"audioName": "NONE",
					"cameraFocusGuid": "",
					"cameraDistance": "Far",
					"cameraHeight": "Default",
					"revealRadius": -1
				},
				{
					"words": "And Lord Karosas will be grateful. Not to put too fine a point on it, but we <i>do</i> need his help.",
					"wordsColor": {
						"r": 1,
						"g": 1,
						"b": 1,
						"a": 1
					},
					"selectedCastDefId": "castDef_FarahDefault",
					"emote": "Default",
					"audioName": "NONE",
					"cameraFocusGuid": "",
					"cameraDistance": "Far",
					"cameraHeight": "Default",
					"revealRadius": -1
				},
				{
					"words": "And we shall have it. I'll arrange an audience with him directly. Enjoy your victory, Commander-you've earned it.",
					"wordsColor": {
						"r": 1,
						"g": 1,
						"b": 1,
						"a": 1
					},
					"selectedCastDefId": "castDef_KameaDefault",
					"emote": "Default",
					"audioName": "NONE",
					"cameraFocusGuid": "",
					"cameraDistance": "Far",
					"cameraHeight": "Default",
					"revealRadius": -1
				}
			]
		},
		{
			"dialogue": {
				"EncounterObjectGuid": "d3d33d95-9ed7-4686-b9eb-954ebe51cc02"
			},
			"name": "MissionFailureDialogue",
			"overrideDialogueBucketId": "",
			"dialogueContent": []
		},
		{
			"dialogue": {
				"EncounterObjectGuid": "a223d902-cc11-4ce9-b103-9b4ceaa9762e"
			},
			"name": "Async_PostIntro_Attack",
			"overrideDialogueBucketId": "",
			"dialogueContent": [
				{
					"words": "Good hunting, Commander. Take out those BattleMechs, and mind the crates.",
					"wordsColor": {
						"r": 1,
						"g": 1,
						"b": 1,
						"a": 1
					},
					"selectedCastDefId": "castDef_KameaDefault",
					"emote": "Default",
					"audioName": "rm050_110_kamea",
					"cameraFocusGuid": "",
					"cameraDistance": "Far",
					"cameraHeight": "Default",
					"revealRadius": -1
				}
			]
		},
		{
			"dialogue": {
				"EncounterObjectGuid": "f22dc04c-a65b-418c-ab59-21b037d9b311"
			},
			"name": "Async_DirectorateBaseCommander",
			"overrideDialogueBucketId": "",
			"dialogueContent": [
				{
					"words": "All hands on deck! We are under attack! This is not a drill!",
					"wordsColor": {
						"r": 1,
						"g": 1,
						"b": 1,
						"a": 1
					},
					"selectedCastDefId": "castDef_RE_Smithon_DirBaseCommanderDefault",
					"emote": "Default",
					"audioName": "rm050_120_enemy_base_commander01",
					"cameraFocusGuid": "",
					"cameraDistance": "Far",
					"cameraHeight": "Default",
					"revealRadius": -1
				}
			]
		},
		{
			"dialogue": {
				"EncounterObjectGuid": "43e41abc-adfe-4484-bd8c-171ef415a73d"
			},
			"name": "Async_HalfDefendersDown",
			"overrideDialogueBucketId": "",
			"dialogueContent": [
				{
					"words": "That's half of their fighting units down! Keep this up and the facility is ours!",
					"wordsColor": {
						"r": 1,
						"g": 1,
						"b": 1,
						"a": 1
					},
					"selectedCastDefId": "castDef_KameaDefault",
					"emote": "Default",
					"audioName": "rm050_130_kamea",
					"cameraFocusGuid": "",
					"cameraDistance": "Far",
					"cameraHeight": "Default",
					"revealRadius": -1
				}
			]
		},
		{
			"dialogue": {
				"EncounterObjectGuid": "4557bf44-6154-4cba-ab5e-4510e8981f89"
			},
			"name": "Async_AmmoCrateDestroyed",
			"overrideDialogueBucketId": "",
			"dialogueContent": [
				{
					"words": "Munitions crate down!",
					"wordsColor": {
						"r": 1,
						"g": 1,
						"b": 1,
						"a": 1
					},
					"selectedCastDefId": "castDef_KameaDefault",
					"emote": "Default",
					"audioName": "rm050_140_kamea",
					"cameraFocusGuid": "",
					"cameraDistance": "Far",
					"cameraHeight": "Default",
					"revealRadius": -1
				}
			]
		},
		{
			"dialogue": {
				"EncounterObjectGuid": "a5b0435e-7bf9-4c53-a7ee-09ebc18cca9e"
			},
			"name": "Async_OneDefenderLeft",
			"overrideDialogueBucketId": "",
			"dialogueContent": [
				{
					"words": "There's only one of them left! Take it out and this facility is ours!",
					"wordsColor": {
						"r": 1,
						"g": 1,
						"b": 1,
						"a": 1
					},
					"selectedCastDefId": "castDef_KameaDefault",
					"emote": "Default",
					"audioName": "rm050_150_kamea",
					"cameraFocusGuid": "",
					"cameraDistance": "Far",
					"cameraHeight": "Default",
					"revealRadius": -1
				}
			]
		},
		{
			"dialogue": {
				"EncounterObjectGuid": "40eb0a99-5f88-4285-b712-5edb3f9f7d7c"
			},
			"name": "Async_TransportEscaped",
			"overrideDialogueBucketId": "",
			"dialogueContent": [
				{
					"words": "An enemy transport has escaped.",
					"wordsColor": {
						"r": 1,
						"g": 1,
						"b": 1,
						"a": 1
					},
					"selectedCastDefId": "castDef_KameaArano01",
					"emote": "Default",
					"audioName": "rm050_160_kamea",
					"cameraFocusGuid": "ebb40c29-9f14-4e05-ae0d-4847a65da576",
					"cameraDistance": "Medium",
					"cameraHeight": "Default",
					"revealRadius": 100
				}
			]
		},
		{
			"dialogue": {
				"EncounterObjectGuid": "28bec7a1-a2be-4adc-9516-dc0028894e57"
			},
			"name": "Async_FirstAmmoThresholdFailed",
			"overrideDialogueBucketId": "",
			"dialogueContent": [
				{
					"words": "Some losses were to be expected, but we need as many of those crates as you can recover. Try to salvage what's left.",
					"wordsColor": {
						"r": 1,
						"g": 1,
						"b": 1,
						"a": 1
					},
					"selectedCastDefId": "castDef_KameaArano01",
					"emote": "Default",
					"audioName": "rm050_170_kamea",
					"cameraFocusGuid": "",
					"cameraDistance": "Far",
					"cameraHeight": "Default",
					"revealRadius": -1
				}
			]
		},
		{
			"dialogue": {
				"EncounterObjectGuid": "96159274-abe9-473e-a69e-a5dd2b36b8fc"
			},
			"name": "Async_SecondAmmoThresholdFailed",
			"overrideDialogueBucketId": "",
			"dialogueContent": [
				{
					"words": "We've already lost most of the munitions crates-what's left won't make much difference one way or the other. Ignore the crates and focus on the enemy.",
					"wordsColor": {
						"r": 1,
						"g": 1,
						"b": 1,
						"a": 1
					},
					"selectedCastDefId": "castDef_KameaDefault",
					"emote": "Default",
					"audioName": "rm050_180_kamea",
					"cameraFocusGuid": "",
					"cameraDistance": "Far",
					"cameraHeight": "Default",
					"revealRadius": -1
				}
			]
		},
		{
			"dialogue": {
				"EncounterObjectGuid": "45668aee-a295-40ae-9883-d4f50829e5ea"
			},
			"name": "Inter_Transport1Flees",
			"overrideDialogueBucketId": "",
			"dialogueContent": [
				{
					"words": "That supply truck is running with a full load of ammunition! Don't let it escape!",
					"wordsColor": {
						"r": 1,
						"g": 1,
						"b": 1,
						"a": 1
					},
					"selectedCastDefId": "castDef_KameaArano01",
					"emote": "Default",
					"audioName": "NONE",
					"cameraFocusGuid": "0b04b20a-b835-436b-aaaa-3683d3be13ce",
					"cameraDistance": "Medium",
					"cameraHeight": "Default",
					"revealRadius": 100
				}
			]
		},
		{
			"dialogue": {
				"EncounterObjectGuid": "81b052aa-fda1-4931-855c-2630d7fb63b4"
			},
			"name": "Inter_Transport2Flees",
			"overrideDialogueBucketId": "",
			"dialogueContent": [
				{
					"words": "Another supply truck is fully loaded and moving out! Destroy it before it gets away!",
					"wordsColor": {
						"r": 1,
						"g": 1,
						"b": 1,
						"a": 1
					},
					"selectedCastDefId": "castDef_KameaArano01",
					"emote": "Default",
					"audioName": "NONE",
					"cameraFocusGuid": "f159a88e-e212-4b05-a08f-0c209fd9b626",
					"cameraDistance": "Medium",
					"cameraHeight": "Default",
					"revealRadius": 100
				}
			]
		}
	],
	"overrideAutoCompleteDialogueId": null,
	"disableNegotations": true,
	"disableLanceConfiguration": false,
	"disableCancelButton": false,
	"disableAfterAction": false,
	"contractRewardOverride": 1920000,
	"travelOnly": false,
	"useTravelCostPenalty": false,
	"usesExpiration": false,
	"expirationTimeOverride": -1,
	"negotiatedSalary": 0.5,
	"negotiatedSalvage": 0.5,
	"excludedFromProceduralGeneration": true,
	"player1Team": {
		"encounterLayerData": {
			"EncounterObjectGuid": "d6a8bded-30fc-44d6-9885-58e7ebd9316c"
		},
		"teamGuid": "bf40fd39-ccf9-47c4-94a6-061809681140",
		"teamName": "Player 1",
		"faction": "Player1sMercUnit",
		"teamLeaderCastDefId": "castDef_TeamLeader_Current",
		"lanceOverrideList": [
			{
				"lanceSpawner": {
					"EncounterObjectGuid": "76b654a6-4f2c-4a6f-86e6-d4cf868335fe"
				},
				"name": "PlayerLanceSpawner",
				"lanceDefId": "Manual",
				"lanceTagSet": {
					"items": [],
					"tagSetSourceFile": ""
				},
				"lanceExcludedTagSet": {
					"items": [],
					"tagSetSourceFile": "Tags/LanceTags"
				},
				"spawnEffectTags": {
					"items": [],
					"tagSetSourceFile": "Tags/SpawnEffectTags"
				},
				"lanceDifficultyAdjustment": 0,
				"selectedLanceDefId": null,
				"selectedLanceDifficulty": 0,
				"unitSpawnPointOverrideList": [
					{
						"unitSpawnPoint": {
							"EncounterObjectGuid": "ec9d2280-ca9a-4d90-8a20-963d8a4c0a39"
						},
						"customUnitName": "",
						"customHeraldryDefId": "",
						"unitType": "Mech",
						"unitDefId": "mechDef_None",
						"unitTagSet": {
							"items": [],
							"tagSetSourceFile": ""
						},
						"unitExcludedTagSet": {
							"items": [],
							"tagSetSourceFile": "Tags/UnitTags"
						},
						"spawnEffectTags": {
							"items": [],
							"tagSetSourceFile": "Tags/SpawnEffectTags"
						},
						"pilotDefId": "pilotDef_InheritLance",
						"pilotTagSet": {
							"items": [],
							"tagSetSourceFile": ""
						},
						"pilotExcludedTagSet": {
							"items": [],
							"tagSetSourceFile": "Tags/PilotTags"
						},
						"selectedUnitType": "UNDEFINED",
						"selectedUnitDefId": null,
						"selectedPilotDefId": null
					},
					{
						"unitSpawnPoint": {
							"EncounterObjectGuid": "ebc06b6a-c5a8-4165-95ce-480bcf335570"
						},
						"customUnitName": "",
						"customHeraldryDefId": "",
						"unitType": "Mech",
						"unitDefId": "mechDef_None",
						"unitTagSet": {
							"items": [],
							"tagSetSourceFile": ""
						},
						"unitExcludedTagSet": {
							"items": [],
							"tagSetSourceFile": "Tags/UnitTags"
						},
						"spawnEffectTags": {
							"items": [],
							"tagSetSourceFile": "Tags/SpawnEffectTags"
						},
						"pilotDefId": "pilotDef_InheritLance",
						"pilotTagSet": {
							"items": [],
							"tagSetSourceFile": ""
						},
						"pilotExcludedTagSet": {
							"items": [],
							"tagSetSourceFile": "Tags/PilotTags"
						},
						"selectedUnitType": "UNDEFINED",
						"selectedUnitDefId": null,
						"selectedPilotDefId": null
					},
					{
						"unitSpawnPoint": {
							"EncounterObjectGuid": "d50f1e9d-0a0b-4dc8-9a06-a33233aaa8a1"
						},
						"customUnitName": "",
						"customHeraldryDefId": "",
						"unitType": "Mech",
						"unitDefId": "mechDef_None",
						"unitTagSet": {
							"items": [],
							"tagSetSourceFile": ""
						},
						"unitExcludedTagSet": {
							"items": [],
							"tagSetSourceFile": "Tags/UnitTags"
						},
						"spawnEffectTags": {
							"items": [],
							"tagSetSourceFile": "Tags/SpawnEffectTags"
						},
						"pilotDefId": "pilotDef_InheritLance",
						"pilotTagSet": {
							"items": [],
							"tagSetSourceFile": ""
						},
						"pilotExcludedTagSet": {
							"items": [],
							"tagSetSourceFile": "Tags/PilotTags"
						},
						"selectedUnitType": "UNDEFINED",
						"selectedUnitDefId": null,
						"selectedPilotDefId": null
					},
					{
						"unitSpawnPoint": {
							"EncounterObjectGuid": "461141c2-f956-49a5-b2c6-6f951b957a94"
						},
						"customUnitName": "",
						"customHeraldryDefId": "",
						"unitType": "Mech",
						"unitDefId": "mechDef_None",
						"unitTagSet": {
							"items": [],
							"tagSetSourceFile": ""
						},
						"unitExcludedTagSet": {
							"items": [],
							"tagSetSourceFile": "Tags/UnitTags"
						},
						"spawnEffectTags": {
							"items": [],
							"tagSetSourceFile": "Tags/SpawnEffectTags"
						},
						"pilotDefId": "pilotDef_InheritLance",
						"pilotTagSet": {
							"items": [],
							"tagSetSourceFile": ""
						},
						"pilotExcludedTagSet": {
							"items": [],
							"tagSetSourceFile": "Tags/PilotTags"
						},
						"selectedUnitType": "UNDEFINED",
						"selectedUnitDefId": null,
						"selectedPilotDefId": null
					}
				]
			}
		]
	},
	"player2Team": {
		"encounterLayerData": {
			"EncounterObjectGuid": "d6a8bded-30fc-44d6-9885-58e7ebd9316c"
		},
		"teamGuid": "757173dd-b4e1-4bb5-9bee-d78e623cc867",
		"teamName": "Player 2",
		"faction": "Player2sMercUnit",
		"teamLeaderCastDefId": "castDef_TeamLeader_Current",
		"lanceOverrideList": []
	},
	"employerTeam": {
		"encounterLayerData": {
			"EncounterObjectGuid": "d6a8bded-30fc-44d6-9885-58e7ebd9316c"
		},
		"teamGuid": "ecc8d4f2-74b4-465d-adf6-84445e5dfc230",
		"teamName": "Employer",
		"faction": "AuriganRestoration",
		"teamLeaderCastDefId": "castDef_TeamLeader_Current",
		"lanceOverrideList": []
	},
	"targetTeam": {
		"encounterLayerData": {
			"EncounterObjectGuid": "d6a8bded-30fc-44d6-9885-58e7ebd9316c"
		},
		"teamGuid": "be77cadd-e245-4240-a93e-b99cc98902a5",
		"teamName": "Target",
		"faction": "AuriganDirectorate",
		"teamLeaderCastDefId": "castDef_TeamLeader_Current",
		"lanceOverrideList": [
			{
				"lanceSpawner": {
					"EncounterObjectGuid": "4977f0a2-49df-470f-b2c0-74c1a75c98c7"
				},
				"name": "Light Lance",
				"lanceDefId": "Manual",
				"lanceTagSet": {
					"items": [],
					"tagSetSourceFile": "Tags/LanceTags"
				},
				"lanceExcludedTagSet": {
					"items": [],
					"tagSetSourceFile": "Tags/LanceTags"
				},
				"spawnEffectTags": {
					"items": [],
					"tagSetSourceFile": "Tags/SpawnEffectTags"
				},
				"lanceDifficultyAdjustment": 0,
				"selectedLanceDefId": null,
				"selectedLanceDifficulty": 0,
				"unitSpawnPointOverrideList": [
					{
						"unitSpawnPoint": {
							"EncounterObjectGuid": "4fd08f34-27aa-4798-aef1-cb4cee71cd88"
						},
						"customUnitName": "",
						"customHeraldryDefId": "",
						"unitType": "Mech",
						"unitDefId": "mechdef_locust_LCT-1V",
						"unitTagSet": {
							"items": [
								"unit_lance_vanguard",
								"unit_mech",
								"unit_light"
							],
							"tagSetSourceFile": "Tags/UnitTags"
						},
						"unitExcludedTagSet": {
							"items": [
								"unit_urbie"
							],
							"tagSetSourceFile": "Tags/UnitTags"
						},
						"spawnEffectTags": {
							"items": [],
							"tagSetSourceFile": "tags/SpawnEffectTags"
						},
						"pilotDefId": "pilot_d4_pilot",
						"pilotTagSet": {
							"items": [],
							"tagSetSourceFile": ""
						},
						"pilotExcludedTagSet": {
							"items": [],
							"tagSetSourceFile": "Tags/PilotTags"
						},
						"selectedUnitType": "UNDEFINED",
						"selectedUnitDefId": null,
						"selectedPilotDefId": null
					},
					{
						"unitSpawnPoint": {
							"EncounterObjectGuid": "9c9ba61a-216a-4fcb-8b88-db85a633d84d"
						},
						"customUnitName": "",
						"customHeraldryDefId": "",
						"unitType": "Mech",
						"unitDefId": "mechdef_firestarter_FS9-H",
						"unitTagSet": {
							"items": [
								"unit_lance_vanguard",
								"unit_mech",
								"unit_light"
							],
							"tagSetSourceFile": "Tags/UnitTags"
						},
						"unitExcludedTagSet": {
							"items": [
								"unit_urbie"
							],
							"tagSetSourceFile": "Tags/UnitTags"
						},
						"spawnEffectTags": {
							"items": [],
							"tagSetSourceFile": "Tags/SpawnEffectTags"
						},
						"pilotDefId": "pilot_d4_tactician",
						"pilotTagSet": {
							"items": [],
							"tagSetSourceFile": ""
						},
						"pilotExcludedTagSet": {
							"items": [],
							"tagSetSourceFile": "Tags/PilotTags"
						},
						"selectedUnitType": "UNDEFINED",
						"selectedUnitDefId": null,
						"selectedPilotDefId": null
					},
					{
						"unitSpawnPoint": {
							"EncounterObjectGuid": "105496d3-a17e-4172-add7-2878e5ffbc00"
						},
						"customUnitName": "",
						"customHeraldryDefId": "",
						"unitType": "Mech",
						"unitDefId": "mechdef_panther_PNT-9R",
						"unitTagSet": {
							"items": [
								"unit_mech",
								"unit_light"
							],
							"tagSetSourceFile": "Tags/UnitTags"
						},
						"unitExcludedTagSet": {
							"items": [
								"unit_urbie"
							],
							"tagSetSourceFile": "Tags/UnitTags"
						},
						"spawnEffectTags": {
							"items": [],
							"tagSetSourceFile": "Tags/SpawnEffectTags"
						},
						"pilotDefId": "pilot_d4_pilot",
						"pilotTagSet": {
							"items": [],
							"tagSetSourceFile": ""
						},
						"pilotExcludedTagSet": {
							"items": [],
							"tagSetSourceFile": "Tags/PilotTags"
						},
						"selectedUnitType": "UNDEFINED",
						"selectedUnitDefId": null,
						"selectedPilotDefId": null
					},
					{
						"unitSpawnPoint": {
							"EncounterObjectGuid": "6a6375d1-ab6b-4fe1-8f68-b5a009b062aa"
						},
						"customUnitName": "",
						"customHeraldryDefId": "",
						"unitType": "Mech",
						"unitDefId": "mechdef_spider_SDR-5V",
						"unitTagSet": {
							"items": [
								"unit_mech",
								"unit_light"
							],
							"tagSetSourceFile": "Tags/UnitTags"
						},
						"unitExcludedTagSet": {
							"items": [
								"unit_urbie"
							],
							"tagSetSourceFile": "Tags/UnitTags"
						},
						"spawnEffectTags": {
							"items": [],
							"tagSetSourceFile": "Tags/SpawnEffectTags"
						},
						"pilotDefId": "pilot_d4_gunner",
						"pilotTagSet": {
							"items": [],
							"tagSetSourceFile": ""
						},
						"pilotExcludedTagSet": {
							"items": [],
							"tagSetSourceFile": "Tags/PilotTags"
						},
						"selectedUnitType": "UNDEFINED",
						"selectedUnitDefId": null,
						"selectedPilotDefId": null
					}
				]
			},
			{
				"lanceSpawner": {
					"EncounterObjectGuid": "a8c8c318-5f5c-403c-9e07-39ae1bf971fd"
				},
				"name": "Turrets",
				"lanceDefId": "Manual",
				"lanceTagSet": {
					"items": [],
					"tagSetSourceFile": "Tags/LanceTags"
				},
				"lanceExcludedTagSet": {
					"items": [],
					"tagSetSourceFile": "Tags/LanceTags"
				},
				"spawnEffectTags": {
					"items": [],
					"tagSetSourceFile": "Tags/SpawnEffectTags"
				},
				"lanceDifficultyAdjustment": 0,
				"selectedLanceDefId": null,
				"selectedLanceDifficulty": 0,
				"unitSpawnPointOverrideList": [
					{
						"unitSpawnPoint": {
							"EncounterObjectGuid": "8ddf06a7-c533-49bc-8346-333d4f69f3d8"
						},
						"customUnitName": "",
						"customHeraldryDefId": "",
						"unitType": "Turret",
						"unitDefId": "turretdef_Light_LRM",
						"unitTagSet": {
							"items": [],
							"tagSetSourceFile": ""
						},
						"unitExcludedTagSet": {
							"items": [],
							"tagSetSourceFile": "Tags/UnitTags"
						},
						"spawnEffectTags": {
							"items": [],
							"tagSetSourceFile": "tags/SpawnEffectTags"
						},
						"pilotDefId": "pilot_d5_turret",
						"pilotTagSet": {
							"items": [],
							"tagSetSourceFile": ""
						},
						"pilotExcludedTagSet": {
							"items": [],
							"tagSetSourceFile": "Tags/PilotTags"
						},
						"selectedUnitType": "UNDEFINED",
						"selectedUnitDefId": null,
						"selectedPilotDefId": null
					},
					{
						"unitSpawnPoint": {
							"EncounterObjectGuid": "78f5589a-ca7d-4c56-91c8-346512e31307"
						},
						"customUnitName": "",
						"customHeraldryDefId": "",
						"unitType": "Turret",
						"unitDefId": "turretdef_Light_LRM",
						"unitTagSet": {
							"items": [],
							"tagSetSourceFile": ""
						},
						"unitExcludedTagSet": {
							"items": [],
							"tagSetSourceFile": "Tags/UnitTags"
						},
						"spawnEffectTags": {
							"items": [],
							"tagSetSourceFile": "tags/SpawnEffectTags"
						},
						"pilotDefId": "pilot_d5_turret",
						"pilotTagSet": {
							"items": [],
							"tagSetSourceFile": ""
						},
						"pilotExcludedTagSet": {
							"items": [],
							"tagSetSourceFile": "Tags/PilotTags"
						},
						"selectedUnitType": "UNDEFINED",
						"selectedUnitDefId": null,
						"selectedPilotDefId": null
					},
					{
						"unitSpawnPoint": {
							"EncounterObjectGuid": "4195df74-eca2-425e-b761-c1092a461628"
						},
						"customUnitName": "",
						"customHeraldryDefId": "",
						"unitType": "Turret",
						"unitDefId": "turretdef_Light_Sniper",
						"unitTagSet": {
							"items": [],
							"tagSetSourceFile": ""
						},
						"unitExcludedTagSet": {
							"items": [],
							"tagSetSourceFile": "Tags/UnitTags"
						},
						"spawnEffectTags": {
							"items": [],
							"tagSetSourceFile": "Tags/SpawnEffectTags"
						},
						"pilotDefId": "pilot_d5_turret",
						"pilotTagSet": {
							"items": [],
							"tagSetSourceFile": ""
						},
						"pilotExcludedTagSet": {
							"items": [],
							"tagSetSourceFile": "Tags/PilotTags"
						},
						"selectedUnitType": "UNDEFINED",
						"selectedUnitDefId": null,
						"selectedPilotDefId": null
					},
					{
						"unitSpawnPoint": {
							"EncounterObjectGuid": "5d0b7081-fadf-4315-9735-d93f78733193"
						},
						"customUnitName": "",
						"customHeraldryDefId": "",
						"unitType": "Turret",
						"unitDefId": "turretdef_Light_Laser",
						"unitTagSet": {
							"items": [],
							"tagSetSourceFile": "Tags/UnitTags"
						},
						"unitExcludedTagSet": {
							"items": [],
							"tagSetSourceFile": "Tags/UnitTags"
						},
						"spawnEffectTags": {
							"items": [],
							"tagSetSourceFile": "Tags/SpawnEffectTags"
						},
						"pilotDefId": "pilot_d5_turret",
						"pilotTagSet": {
							"items": [],
							"tagSetSourceFile": "Tags/PilotTags"
						},
						"pilotExcludedTagSet": {
							"items": [],
							"tagSetSourceFile": "Tags/PilotTags"
						},
						"selectedUnitType": "UNDEFINED",
						"selectedUnitDefId": null,
						"selectedPilotDefId": null
					}
				]
			},
			{
				"lanceSpawner": {
					"EncounterObjectGuid": "c152e72c-bf3d-4926-98a1-a9854d816d06"
				},
				"name": "Heavy Lance",
				"lanceDefId": "Manual",
				"lanceTagSet": {
					"items": [
						"lance_type_mech"
					],
					"tagSetSourceFile": "Tags/LanceTags"
				},
				"lanceExcludedTagSet": {
					"items": [
						"lance_type_vehicle"
					],
					"tagSetSourceFile": "Tags/LanceTags"
				},
				"spawnEffectTags": {
					"items": [],
					"tagSetSourceFile": "Tags/SpawnEffectTags"
				},
				"lanceDifficultyAdjustment": 0,
				"selectedLanceDefId": null,
				"selectedLanceDifficulty": 0,
				"unitSpawnPointOverrideList": [
					{
						"unitSpawnPoint": {
							"EncounterObjectGuid": "0086ebd0-518d-45c3-9ee0-03e1d683a81e"
						},
						"customUnitName": "",
						"customHeraldryDefId": "",
						"unitType": "Mech",
						"unitDefId": "mechdef_jenner_JR7-D",
						"unitTagSet": {
							"items": [
								"unit_mech",
								"unit_light"
							],
							"tagSetSourceFile": "Tags/UnitTags"
						},
						"unitExcludedTagSet": {
							"items": [],
							"tagSetSourceFile": "Tags/UnitTags"
						},
						"spawnEffectTags": {
							"items": [],
							"tagSetSourceFile": "Tags/SpawnEffectTags"
						},
						"pilotDefId": "pilot_d5_pilot",
						"pilotTagSet": {
							"items": [],
							"tagSetSourceFile": ""
						},
						"pilotExcludedTagSet": {
							"items": [],
							"tagSetSourceFile": "Tags/PilotTags"
						},
						"selectedUnitType": "UNDEFINED",
						"selectedUnitDefId": null,
						"selectedPilotDefId": null
					},
					{
						"unitSpawnPoint": {
							"EncounterObjectGuid": "95736b8d-5761-43ed-9427-891e0b5bc487"
						},
						"customUnitName": "",
						"customHeraldryDefId": "",
						"unitType": "Mech",
						"unitDefId": "mechdef_dragon_DRG-1N",
						"unitTagSet": {
							"items": [
								"unit_medium",
								"unit_mech"
							],
							"tagSetSourceFile": "Tags/UnitTags"
						},
						"unitExcludedTagSet": {
							"items": [],
							"tagSetSourceFile": "Tags/UnitTags"
						},
						"spawnEffectTags": {
							"items": [],
							"tagSetSourceFile": "Tags/SpawnEffectTags"
						},
						"pilotDefId": "pilot_d5_defender",
						"pilotTagSet": {
							"items": [],
							"tagSetSourceFile": ""
						},
						"pilotExcludedTagSet": {
							"items": [],
							"tagSetSourceFile": "Tags/PilotTags"
						},
						"selectedUnitType": "UNDEFINED",
						"selectedUnitDefId": null,
						"selectedPilotDefId": null
					},
					{
						"unitSpawnPoint": {
							"EncounterObjectGuid": "691f2e3c-3102-4b2a-9db8-aa6fa9a0c381"
						},
						"customUnitName": "",
						"customHeraldryDefId": "",
						"unitType": "Mech",
						"unitDefId": "mechdef_griffin_GRF-1N",
						"unitTagSet": {
							"items": [
								"unit_lance_tank",
								"unit_mech"
							],
							"tagSetSourceFile": "Tags/UnitTags"
						},
						"unitExcludedTagSet": {
							"items": [],
							"tagSetSourceFile": "Tags/UnitTags"
						},
						"spawnEffectTags": {
							"items": [],
							"tagSetSourceFile": "Tags/SpawnEffectTags"
						},
						"pilotDefId": "pilot_d5_gunner",
						"pilotTagSet": {
							"items": [],
							"tagSetSourceFile": ""
						},
						"pilotExcludedTagSet": {
							"items": [],
							"tagSetSourceFile": "Tags/PilotTags"
						},
						"selectedUnitType": "UNDEFINED",
						"selectedUnitDefId": null,
						"selectedPilotDefId": null
					},
					{
						"unitSpawnPoint": {
							"EncounterObjectGuid": "4eec5faa-091d-4d38-801e-abd7d0815cb5"
						},
						"customUnitName": "",
						"customHeraldryDefId": "",
						"unitType": "Mech",
						"unitDefId": "mechdef_cicada_CDA-3C",
						"unitTagSet": {
							"items": [
								"unit_lance_support",
								"unit_medium",
								"unit_mech"
							],
							"tagSetSourceFile": "Tags/UnitTags"
						},
						"unitExcludedTagSet": {
							"items": [],
							"tagSetSourceFile": "Tags/UnitTags"
						},
						"spawnEffectTags": {
							"items": [],
							"tagSetSourceFile": "Tags/SpawnEffectTags"
						},
						"pilotDefId": "pilot_d5_gunner",
						"pilotTagSet": {
							"items": [],
							"tagSetSourceFile": ""
						},
						"pilotExcludedTagSet": {
							"items": [],
							"tagSetSourceFile": "Tags/PilotTags"
						},
						"selectedUnitType": "UNDEFINED",
						"selectedUnitDefId": null,
						"selectedPilotDefId": null
					}
				]
			},
			{
				"lanceSpawner": {
					"EncounterObjectGuid": "e77c007d-b142-41f8-93e3-592d02269008"
				},
				"name": "Truck 1 Lance",
				"lanceDefId": "Manual",
				"lanceTagSet": {
					"items": [],
					"tagSetSourceFile": "Tags/LanceTags"
				},
				"lanceExcludedTagSet": {
					"items": [],
					"tagSetSourceFile": "Tags/LanceTags"
				},
				"spawnEffectTags": {
					"items": [],
					"tagSetSourceFile": "Tags/SpawnEffectTags"
				},
				"lanceDifficultyAdjustment": 0,
				"selectedLanceDefId": null,
				"selectedLanceDifficulty": 0,
				"unitSpawnPointOverrideList": [
					{
						"unitSpawnPoint": {
							"EncounterObjectGuid": "0b04b20a-b835-436b-aaaa-3683d3be13ce"
						},
						"customUnitName": "Ammunition Transport",
						"customHeraldryDefId": "",
						"unitType": "Vehicle",
						"unitDefId": "vehicledef_MOBILEHQ",
						"unitTagSet": {
							"items": [],
							"tagSetSourceFile": ""
						},
						"unitExcludedTagSet": {
							"items": [],
							"tagSetSourceFile": "Tags/UnitTags"
						},
						"spawnEffectTags": {
							"items": [],
							"tagSetSourceFile": "Tags/SpawnEffectTags"
						},
						"pilotDefId": "pilot_default",
						"pilotTagSet": {
							"items": [],
							"tagSetSourceFile": ""
						},
						"pilotExcludedTagSet": {
							"items": [],
							"tagSetSourceFile": "Tags/PilotTags"
						},
						"selectedUnitType": "UNDEFINED",
						"selectedUnitDefId": null,
						"selectedPilotDefId": null
					}
				]
			},
			{
				"lanceSpawner": {
					"EncounterObjectGuid": "a57df9e5-6b85-4a00-b73a-6b71185c5b01"
				},
				"name": "Truck 2 Lance",
				"lanceDefId": "Manual",
				"lanceTagSet": {
					"items": [],
					"tagSetSourceFile": "Tags/LanceTags"
				},
				"lanceExcludedTagSet": {
					"items": [],
					"tagSetSourceFile": "Tags/LanceTags"
				},
				"spawnEffectTags": {
					"items": [],
					"tagSetSourceFile": "Tags/SpawnEffectTags"
				},
				"lanceDifficultyAdjustment": 0,
				"selectedLanceDefId": null,
				"selectedLanceDifficulty": 0,
				"unitSpawnPointOverrideList": [
					{
						"unitSpawnPoint": {
							"EncounterObjectGuid": "f159a88e-e212-4b05-a08f-0c209fd9b626"
						},
						"customUnitName": "Ammunition Transport",
						"customHeraldryDefId": "",
						"unitType": "Vehicle",
						"unitDefId": "vehicledef_MOBILEHQ",
						"unitTagSet": {
							"items": [],
							"tagSetSourceFile": ""
						},
						"unitExcludedTagSet": {
							"items": [],
							"tagSetSourceFile": "Tags/UnitTags"
						},
						"spawnEffectTags": {
							"items": [],
							"tagSetSourceFile": "Tags/SpawnEffectTags"
						},
						"pilotDefId": "pilot_default",
						"pilotTagSet": {
							"items": [],
							"tagSetSourceFile": ""
						},
						"pilotExcludedTagSet": {
							"items": [],
							"tagSetSourceFile": "Tags/PilotTags"
						},
						"selectedUnitType": "UNDEFINED",
						"selectedUnitDefId": null,
						"selectedPilotDefId": null
					}
				]
			}
		]
	},
	"targetsAllyTeam": {
		"encounterLayerData": {
			"EncounterObjectGuid": "d6a8bded-30fc-44d6-9885-58e7ebd9316c"
		},
		"teamGuid": "31151ed6-cfc2-467e-98c4-9ae5bea784cf",
		"teamName": "Target's Ally",
		"faction": "INVALID_UNSET",
		"teamLeaderCastDefId": "castDef_TeamLeader_Current",
		"lanceOverrideList": []
	},
	"neutralToAllTeam": {
		"encounterLayerData": {
			"EncounterObjectGuid": "d6a8bded-30fc-44d6-9885-58e7ebd9316c"
		},
		"teamGuid": "61612bb3-abf9-4586-952a-0559fa9dcd75",
		"teamName": "Neutral to All",
		"faction": "INVALID_UNSET",
		"teamLeaderCastDefId": "castDef_TeamLeader_Current",
		"lanceOverrideList": []
	},
	"hostileToAllTeam": {
		"encounterLayerData": {
			"EncounterObjectGuid": "d6a8bded-30fc-44d6-9885-58e7ebd9316c"
		},
		"teamGuid": "3c9f3a20-ab03-4bcb-8ab6-b1ef0442bbf0",
		"teamName": "Hostile to All",
		"faction": "INVALID_UNSET",
		"teamLeaderCastDefId": "castDef_TeamLeader_Current",
		"lanceOverrideList": []
	}
}