{
	"ID": "Sword_8b_Downfall",
	"contractName": "Showdown",
	"contractDisplayStyle": "HeavyMetalFlashpointCampaign",
	"difficulty": 7,
	"difficultyUIModifier": 2,
	"weight": 1,
	"scope": "STANDARD",
	"finalDifficulty": 0,
	"shortDescription": "Victoria has Lord Madeira, and she will never stand down. What she did on Perdition has broken her. And now we're going to end this, in the way that it so nearly began: a duel. I will face off against my cousin in the Arano tourney grounds, and we will fight until one of us is dead.",
	"longDescription": "Lady Arano said it all, {COMMANDER.FirstName}. Go get justice for Raju Montgomery, and Commander Markham, and everyone else who died at the hands of House Espinosa. We'll be watching you from here.",
	"salvagePotential": 36,
	"requirementList": [],
	"OnContractSuccessResults": [],
	"OnContractFailureResults": [],
	"contractType": "Story_9_Downfall",
	"encounterPlayStyle": "SinglePlayer",
	"maxNumberOfPlayerUnits": 4,
	"mapMood": "Mission9",
	"startingFogOfWarVisibility": "Surveyed",
	"contractObjectiveList": [
		{
			"contractObjective": {
				"EncounterObjectGuid": "73275787-720a-4c33-9f20-953b1bbf48bd"
			},
			"title": "Face Lady Victoria Espinosa in a duel to the death",
			"description": "",
			"isPrimary": true,
			"forPlayer": "Player1",
			"objectiveGuids": [
				"d111d351-a666-4852-8e4b-a300d0cccc2d",
				"6cbd0f23-5d3c-4550-b749-40fc33fc0afb",
				"e6dad48b-93ff-46a1-bad0-f780e124e3cc"
			]
		},
		{
			"contractObjective": {
				"EncounterObjectGuid": "81a1f860-123d-431d-a7c4-b2d0dd8699fb"
			},
			"title": "Recover Lord Alexander Madeira",
			"description": "",
			"isPrimary": true,
			"forPlayer": "Player1",
			"objectiveGuids": []
		},
		{
			"contractObjective": {
				"EncounterObjectGuid": "6a6bd6b3-fd40-44b4-9b85-4b285887b3e1"
			},
			"title": "Lady Kamea Arano must survive",
			"description": "",
			"isPrimary": true,
			"forPlayer": "Player1",
			"objectiveGuids": []
		}
	],
	"objectiveList": [
		{
			"objective": {
				"EncounterObjectGuid": "6cbd0f23-5d3c-4550-b749-40fc33fc0afb"
			},
			"title": "Kamea Must Survive",
			"description": "",
			"isPrimary": false,
			"OnSuccessResults": [],
			"OnFailureResults": []
		},
		{
			"objective": {
				"EncounterObjectGuid": "d111d351-a666-4852-8e4b-a300d0cccc2d"
			},
			"title": "Destroy Victoria's Lance",
			"description": "",
			"isPrimary": false,
			"OnSuccessResults": [],
			"OnFailureResults": []
		},
		{
			"objective": {
				"EncounterObjectGuid": "73296d9d-8e2d-4df0-9cdf-86a87b6c8a52"
			},
			"title": "HIDDEN Victoria Dead?",
			"description": "",
			"isPrimary": false,
			"OnSuccessResults": [],
			"OnFailureResults": []
		},
		{
			"objective": {
				"EncounterObjectGuid": "e6dad48b-93ff-46a1-bad0-f780e124e3cc"
			},
			"title": "Victory Speech Completed",
			"description": "",
			"isPrimary": false,
			"OnSuccessResults": [],
			"OnFailureResults": []
		},
		{
			"objective": {
				"EncounterObjectGuid": "88e055c7-6ed3-4ed5-ae5b-9d3f464d9281"
			},
			"title": "HIDDEN Dialog Driver",
			"description": "",
			"isPrimary": false,
			"OnSuccessResults": [],
			"OnFailureResults": []
		},
		{
			"objective": {
				"EncounterObjectGuid": "3a4192be-2a53-4383-94ac-19c08883ea5f"
			},
			"title": "HIDDEN Marker Objective",
			"description": "",
			"isPrimary": false,
			"OnSuccessResults": [],
			"OnFailureResults": []
		}
	],
	"buildingList": [],
	"chunkList": [],
	"cameraFocusHelperList": [
		{
			"name": "Spawner_PlayerLance",
			"encounterObject": {
				"EncounterObjectGuid": "76b654a6-4f2c-4a6f-86e6-d4cf868335fe"
			}
		},
		{
			"name": "Lance_Enemy_OpposingForce",
			"encounterObject": {
				"EncounterObjectGuid": "d9a28c08-abdb-42bb-a140-ad3927d1f8cf"
			}
		},
		{
			"name": "Region_Occupy",
			"encounterObject": {
				"EncounterObjectGuid": "a85da736-7a2e-4cc6-aff3-feb9d73fc7e1"
			}
		}
	],
	"dialogueList": [
		{
			"dialogue": {
				"EncounterObjectGuid": "73df8d9c-a274-48fd-98c9-2bd0d7860e83"
			},
			"name": "Dialogue_MissionStart",
			"overrideDialogueBucketId": "",
			"dialogueContent": [
				{
					"words": "INCOMING TRANSMISSION.",
					"wordsColor": {
						"r": 1,
						"g": 1,
						"b": 1,
						"a": 1
					},
					"selectedCastDefId": "castDef_Computer",
					"emote": "Default",
					"audioName": "NONE",
					"cameraFocusGuid": "",
					"cameraDistance": "Far",
					"cameraHeight": "Default",
					"revealRadius": -1
				},
				{
					"words": "Victoria, I need you to listen to me. The Directorate has fallen. Our armies have been routed-even as I speak, Restoration forces are closing in on Cordia City. If you kill your cousin now, the entire Reach will fall into anarchy.",
					"wordsColor": {
						"r": 1,
						"g": 1,
						"b": 1,
						"a": 1
					},
					"selectedCastDefId": "castDef_EspinosaDefault",
					"emote": "Default",
					"audioName": "NONE",
					"cameraFocusGuid": "",
					"cameraDistance": "Far",
					"cameraHeight": "Default",
					"revealRadius": -1
				},
				{
					"words": "And if Kamea wins, the Reach is doomed anyway! You've been telling me that for <i>years</i> now! Was it all a lie, Father?!",
					"wordsColor": {
						"r": 1,
						"g": 1,
						"b": 1,
						"a": 1
					},
					"selectedCastDefId": "castDef_VictoriaDefault",
					"emote": "Default",
					"audioName": "NONE",
					"cameraFocusGuid": "",
					"cameraDistance": "Far",
					"cameraHeight": "Default",
					"revealRadius": -1
				},
				{
					"words": "<i>VICTORIA</i>! This is <i>NOT THE TIME</i> for a <i>DEBATE</i>! You will <i>attend to my words</i> and <i>obey me</i>, as you always have. I <i>ORDER YOU</i> to <i>STAND DOWN</i>, for the good of the Reach!",
					"wordsColor": {
						"r": 1,
						"g": 1,
						"b": 1,
						"a": 1
					},
					"selectedCastDefId": "castDef_EspinosaDefault",
					"emote": "Default",
					"audioName": "NONE",
					"cameraFocusGuid": "",
					"cameraDistance": "Far",
					"cameraHeight": "Default",
					"revealRadius": -1
				},
				{
					"words": "The Directorate <i>is</i> the Reach, Father. And I will <i>never</i> stop fighting for it. Wallow in your cowardice-I will win this war <i>in spite of you</i>.",
					"wordsColor": {
						"r": 1,
						"g": 1,
						"b": 1,
						"a": 1
					},
					"selectedCastDefId": "castDef_VictoriaDefault",
					"emote": "Default",
					"audioName": "NONE",
					"cameraFocusGuid": "",
					"cameraDistance": "Far",
					"cameraHeight": "Default",
					"revealRadius": -1
				},
				{
					"words": "She's cut the line. You're gonna have to put her in the ground, Lady Arano... she's too far gone for this to end any other way.",
					"wordsColor": {
						"r": 1,
						"g": 1,
						"b": 1,
						"a": 1
					},
					"selectedCastDefId": "castDef_DariusDefault",
					"emote": "Default",
					"audioName": "NONE",
					"cameraFocusGuid": "",
					"cameraDistance": "Far",
					"cameraHeight": "Default",
					"revealRadius": -1
				},
				{
					"words": "If that is her choice, then so be it-I'll do whatever I must to save Lord Madeira. Fall in on me, MechWarriors... we have one more wrong to right.\r",
					"wordsColor": {
						"r": 1,
						"g": 1,
						"b": 1,
						"a": 1
					},
					"selectedCastDefId": "castDef_KameaDefault",
					"emote": "Default",
					"audioName": "NONE",
					"cameraFocusGuid": "",
					"cameraDistance": "Far",
					"cameraHeight": "Default",
					"revealRadius": -1
				}
			]
		},
		{
			"dialogue": {
				"EncounterObjectGuid": "4011a4c3-cba2-4d22-b2b3-3b19a3297ab9"
			},
			"name": "Dialogue_MissionSuccess",
			"overrideDialogueBucketId": "",
			"dialogueContent": []
		},
		{
			"dialogue": {
				"EncounterObjectGuid": "d3d33d95-9ed7-4686-b9eb-954ebe51cc02"
			},
			"name": "Dialogue_MissionFailure",
			"overrideDialogueBucketId": "",
			"dialogueContent": [
				{
					"words": "Lady Arano! Kamea, please respond! [static] ...Gods, {COMMANDER.FirstName}. We've lost her-and the Reach along with her.",
					"wordsColor": {
						"r": 1,
						"g": 1,
						"b": 1,
						"a": 1
					},
					"selectedCastDefId": "castDef_DariusDefault",
					"emote": "Default",
					"audioName": "NONE",
					"cameraFocusGuid": "",
					"cameraDistance": "Far",
					"cameraHeight": "Default",
					"revealRadius": -1
				}
			]
		},
		{
			"dialogue": {
				"EncounterObjectGuid": "5f5c25b4-89d1-4cef-b64c-a78c93ff550c"
			},
			"name": "Inter_VictoriaGreeting",
			"overrideDialogueBucketId": "",
			"dialogueContent": [
				{
					"words": "It took you long enough, Kamea... I was beginning to wonder if you'd turned tail and run. It wouldn't have been the first time.",
					"wordsColor": {
						"r": 1,
						"g": 1,
						"b": 1,
						"a": 1
					},
					"selectedCastDefId": "castDef_VictoriaDefault",
					"emote": "Default",
					"audioName": "NONE",
					"cameraFocusGuid": "9e2d0fed-3d92-42ee-92d0-2cc595709f2a",
					"cameraDistance": "Medium",
					"cameraHeight": "Default",
					"revealRadius": 200
				},
				{
					"words": "I'm here for <i>you</i>, Victoria. And the justice of House Arano rides with me.",
					"wordsColor": {
						"r": 1,
						"g": 1,
						"b": 1,
						"a": 1
					},
					"selectedCastDefId": "castDef_KameaArano01",
					"emote": "Default",
					"audioName": "NONE",
					"cameraFocusGuid": "d9a28c08-abdb-42bb-a140-ad3927d1f8cf",
					"cameraDistance": "Far",
					"cameraHeight": "Default",
					"revealRadius": -1
				},
				{
					"words": "How poetic. I have no justice for you, Kamea. No flowery words. Only pain, and death, and humiliation, with Lord Madeira as your audience.",
					"wordsColor": {
						"r": 1,
						"g": 1,
						"b": 1,
						"a": 1
					},
					"selectedCastDefId": "castDef_VictoriaDefault",
					"emote": "Default",
					"audioName": "NONE",
					"cameraFocusGuid": "",
					"cameraDistance": "Far",
					"cameraHeight": "Default",
					"revealRadius": -1
				},
				{
					"words": "Let him go, Victoria. Now.",
					"wordsColor": {
						"r": 1,
						"g": 1,
						"b": 1,
						"a": 1
					},
					"selectedCastDefId": "castDef_KameaDefault",
					"emote": "Default",
					"audioName": "NONE",
					"cameraFocusGuid": "",
					"cameraDistance": "Far",
					"cameraHeight": "Default",
					"revealRadius": -1
				},
				{
					"words": "Quit wasting your breath. We've both waited for this long enough. Come to me, cousin-let's finish this.",
					"wordsColor": {
						"r": 1,
						"g": 1,
						"b": 1,
						"a": 1
					},
					"selectedCastDefId": "castDef_VictoriaDefault",
					"emote": "Default",
					"audioName": "NONE",
					"cameraFocusGuid": "",
					"cameraDistance": "Far",
					"cameraHeight": "Default",
					"revealRadius": -1
				}
			]
		},
		{
			"dialogue": {
				"EncounterObjectGuid": "fda22816-f013-4464-8e34-7ec3091c65e8"
			},
			"name": "Inter_MidFight",
			"overrideDialogueBucketId": "",
			"dialogueContent": [
				{
					"words": "You're as much a victim as you are a murderer, Victoria. Your father raised you to kill in his name.",
					"wordsColor": {
						"r": 1,
						"g": 1,
						"b": 1,
						"a": 1
					},
					"selectedCastDefId": "castDef_KameaDefault",
					"emote": "Default",
					"audioName": "NONE",
					"cameraFocusGuid": "",
					"cameraDistance": "Far",
					"cameraHeight": "Default",
					"revealRadius": -1
				},
				{
					"words": "And <i>you</i> are a fool. Your father raised you to believe you were the hero of some ridiculous fairytale. And you <i>still</i> believe it, even now.",
					"wordsColor": {
						"r": 1,
						"g": 1,
						"b": 1,
						"a": 1
					},
					"selectedCastDefId": "castDef_VictoriaDefault",
					"emote": "Default",
					"audioName": "NONE",
					"cameraFocusGuid": "",
					"cameraDistance": "Far",
					"cameraHeight": "Default",
					"revealRadius": -1
				},
				{
					"words": "I don't know what I believe anymore. But this madness must end, and if you won't stop it, I will.",
					"wordsColor": {
						"r": 1,
						"g": 1,
						"b": 1,
						"a": 1
					},
					"selectedCastDefId": "castDef_KameaDefault",
					"emote": "Default",
					"audioName": "NONE",
					"cameraFocusGuid": "",
					"cameraDistance": "Far",
					"cameraHeight": "Default",
					"revealRadius": -1
				}
			]
		},
		{
			"dialogue": {
				"EncounterObjectGuid": "69576f48-e227-4e79-bf73-62f42cc6dc4e"
			},
			"name": "Async_VictoriaTaunt_Missed",
			"overrideDialogueBucketId": "",
			"dialogueContent": [
				{
					"words": "Ha! A pathetic display!",
					"wordsColor": {
						"r": 1,
						"g": 1,
						"b": 1,
						"a": 1
					},
					"selectedCastDefId": "castDef_VictoriaDefault",
					"emote": "Default",
					"audioName": "m090_420_victoria",
					"cameraFocusGuid": "",
					"cameraDistance": "Far",
					"cameraHeight": "Default",
					"revealRadius": -1
				}
			]
		},
		{
			"dialogue": {
				"EncounterObjectGuid": "7cf83db2-79cc-4721-90b4-2395284809be"
			},
			"name": "Async_VictoriaTaunt_LanceMateDown",
			"overrideDialogueBucketId": "",
			"dialogueContent": [
				{
					"words": "A vision of your future, Kamea! You'll be joining them soon!",
					"wordsColor": {
						"r": 1,
						"g": 1,
						"b": 1,
						"a": 1
					},
					"selectedCastDefId": "castDef_VictoriaDefault",
					"emote": "Default",
					"audioName": "m090_430_victoria",
					"cameraFocusGuid": "",
					"cameraDistance": "Far",
					"cameraHeight": "Default",
					"revealRadius": -1
				}
			]
		},
		{
			"dialogue": {
				"EncounterObjectGuid": "d40aeab7-4a30-4ced-a957-de5c70fafd42"
			},
			"name": "Async_VictoriaTaunt_KameaDamaged",
			"overrideDialogueBucketId": "",
			"dialogueContent": [
				{
					"words": "Your death closes in on you, cousin. The Arano bloodline ends today.",
					"wordsColor": {
						"r": 1,
						"g": 1,
						"b": 1,
						"a": 1
					},
					"selectedCastDefId": "castDef_VictoriaDefault",
					"emote": "Default",
					"audioName": "m090_440_victoria",
					"cameraFocusGuid": "",
					"cameraDistance": "Far",
					"cameraHeight": "Default",
					"revealRadius": -1
				}
			]
		},
		{
			"dialogue": {
				"EncounterObjectGuid": "a7d2e19f-ffbf-46de-9803-5f25dbbbc016"
			},
			"name": "Async_VictoriaTaunt_General_01",
			"overrideDialogueBucketId": "",
			"dialogueContent": [
				{
					"words": "Come closer, dear cousin... come closer...",
					"wordsColor": {
						"r": 1,
						"g": 1,
						"b": 1,
						"a": 1
					},
					"selectedCastDefId": "castDef_VictoriaDefault",
					"emote": "Default",
					"audioName": "m090_450_victoria",
					"cameraFocusGuid": "",
					"cameraDistance": "Far",
					"cameraHeight": "Default",
					"revealRadius": -1
				}
			]
		},
		{
			"dialogue": {
				"EncounterObjectGuid": "e52cd383-ad7b-4be2-bab5-18bdc39817f9"
			},
			"name": "Async_VictoriaTaunt_General_02",
			"overrideDialogueBucketId": "",
			"dialogueContent": [
				{
					"words": "Send your lancemates to me, Kamea. And watch.",
					"wordsColor": {
						"r": 1,
						"g": 1,
						"b": 1,
						"a": 1
					},
					"selectedCastDefId": "castDef_VictoriaDefault",
					"emote": "Default",
					"audioName": "m090_460_victoria",
					"cameraFocusGuid": "",
					"cameraDistance": "Far",
					"cameraHeight": "Default",
					"revealRadius": -1
				}
			]
		},
		{
			"dialogue": {
				"EncounterObjectGuid": "56107e44-35b5-4ac0-bdbc-be488c438896"
			},
			"name": "Async_VictoriaDamaged",
			"overrideDialogueBucketId": "",
			"dialogueContent": [
				{
					"words": "I will <i>end</i> you, mercenary swine!",
					"wordsColor": {
						"r": 1,
						"g": 1,
						"b": 1,
						"a": 1
					},
					"selectedCastDefId": "castDef_VictoriaDefault",
					"emote": "Default",
					"audioName": "m090_470_victoria",
					"cameraFocusGuid": "",
					"cameraDistance": "Far",
					"cameraHeight": "Default",
					"revealRadius": -1
				}
			]
		},
		{
			"dialogue": {
				"EncounterObjectGuid": "c764dbb5-f9d6-4c12-abed-713e9a333b71"
			},
			"name": "Async_Victoria_Battlecry",
			"overrideDialogueBucketId": "",
			"dialogueContent": [
				{
					"words": "FIRE AND STEEL!",
					"wordsColor": {
						"r": 1,
						"g": 1,
						"b": 1,
						"a": 1
					},
					"selectedCastDefId": "castDef_VictoriaDefault",
					"emote": "Default",
					"audioName": "m090_480_victoria",
					"cameraFocusGuid": "",
					"cameraDistance": "Far",
					"cameraHeight": "Default",
					"revealRadius": -1
				}
			]
		},
		{
			"dialogue": {
				"EncounterObjectGuid": "90b0a978-c802-4296-9e58-6840bb02dd82"
			},
			"name": "Async_Kamea_Battlecry_1",
			"overrideDialogueBucketId": "",
			"dialogueContent": [
				{
					"words": "FOR JUSTICE! <i>FOR THE RESTORATION!</i>",
					"wordsColor": {
						"r": 1,
						"g": 1,
						"b": 1,
						"a": 1
					},
					"selectedCastDefId": "castDef_KameaDefault",
					"emote": "Default",
					"audioName": "m090_490_kamea",
					"cameraFocusGuid": "",
					"cameraDistance": "Far",
					"cameraHeight": "Default",
					"revealRadius": -1
				}
			]
		},
		{
			"dialogue": {
				"EncounterObjectGuid": "2051610c-d838-472a-9e2b-b856d39b55d0"
			},
			"name": "Async_Kamea_Battlecry_2",
			"overrideDialogueBucketId": "",
			"dialogueContent": [
				{
					"words": "I'm coming for you, cousin! The Directorate dies today!",
					"wordsColor": {
						"r": 1,
						"g": 1,
						"b": 1,
						"a": 1
					},
					"selectedCastDefId": "castDef_KameaDefault",
					"emote": "Default",
					"audioName": "m090_500_kamea",
					"cameraFocusGuid": "",
					"cameraDistance": "Far",
					"cameraHeight": "Default",
					"revealRadius": -1
				}
			]
		},
		{
			"dialogue": {
				"EncounterObjectGuid": "5bad7ebd-c30d-4a46-8ef6-08d0195a9db0"
			},
			"name": "Async_KameaVictoria_General",
			"overrideDialogueBucketId": "",
			"dialogueContent": [
				{
					"words": "Your father has already surrendered, Victoria. Your cause is lost.",
					"wordsColor": {
						"r": 1,
						"g": 1,
						"b": 1,
						"a": 1
					},
					"selectedCastDefId": "castDef_KameaDefault",
					"emote": "Default",
					"audioName": "m090_510_kamea",
					"cameraFocusGuid": "",
					"cameraDistance": "Far",
					"cameraHeight": "Default",
					"revealRadius": -1
				},
				{
					"words": "Then he is weak! <i>I</i> will <i>never</i> stand down!",
					"wordsColor": {
						"r": 1,
						"g": 1,
						"b": 1,
						"a": 1
					},
					"selectedCastDefId": "castDef_VictoriaDefault",
					"emote": "Default",
					"audioName": "m090_520_victoria",
					"cameraFocusGuid": "",
					"cameraDistance": "Far",
					"cameraHeight": "Default",
					"revealRadius": -1
				}
			]
		},
		{
			"dialogue": {
				"EncounterObjectGuid": "c492e469-b355-45d9-9dd2-9d7844de95c7"
			},
			"name": "Inter_VictoriaDestroyed",
			"overrideDialogueBucketId": "",
			"dialogueContent": [
				{
					"words": "...All of this death... [static] ...the coup, Perdition... Mastiff. All of it... for nothing.",
					"wordsColor": {
						"r": 1,
						"g": 1,
						"b": 1,
						"a": 1
					},
					"selectedCastDefId": "castDef_VictoriaDefault",
					"emote": "Default",
					"audioName": "NONE",
					"cameraFocusGuid": "",
					"cameraDistance": "Far",
					"cameraHeight": "Default",
					"revealRadius": -1
				},
				{
					"words": "It was always for nothing, Victoria. The Directorate was never going to be the return to glory that your father promised.",
					"wordsColor": {
						"r": 1,
						"g": 1,
						"b": 1,
						"a": 1
					},
					"selectedCastDefId": "castDef_KameaDefault",
					"emote": "Default",
					"audioName": "NONE",
					"cameraFocusGuid": "",
					"cameraDistance": "Far",
					"cameraHeight": "Default",
					"revealRadius": -1
				},
				{
					"words": "...I know, cousin. I... I know. Our fathers lied to us. There is no future for the Reach. [wet coughing] You are the hero of nothing, cousin... nothing at all.",
					"wordsColor": {
						"r": 1,
						"g": 1,
						"b": 1,
						"a": 1
					},
					"selectedCastDefId": "castDef_VictoriaDefault",
					"emote": "Default",
					"audioName": "NONE",
					"cameraFocusGuid": "",
					"cameraDistance": "Far",
					"cameraHeight": "Default",
					"revealRadius": -1
				}
			]
		},
		{
			"dialogue": {
				"EncounterObjectGuid": "e7612711-09d2-4acd-9f58-8724f5691253"
			},
			"name": "Async_PostVictoriaDestroyed",
			"overrideDialogueBucketId": "",
			"dialogueContent": [
				{
					"words": "I'm sorry, Victoria... you left me no choice. But make no mistake: <i>Justice</i> has been served here today. <i>I am</i> the Sword of Restoration. And Coromodir is free.",
					"wordsColor": {
						"r": 1,
						"g": 1,
						"b": 1,
						"a": 1
					},
					"selectedCastDefId": "castDef_KameaDefault",
					"emote": "Default",
					"audioName": "m090_540_kamea",
					"cameraFocusGuid": "",
					"cameraDistance": "Far",
					"cameraHeight": "Default",
					"revealRadius": -1
				}
			]
		}
	],
	"disableNegotations": true,
	"disableLanceConfiguration": false,
	"disableCancelButton": true,
	"disableAfterAction": false,
	"contractRewardOverride": 6824000,
	"travelOnly": false,
	"useTravelCostPenalty": false,
	"usesExpiration": false,
	"expirationTimeOverride": -1,
	"negotiatedSalary": 0.5,
	"negotiatedSalvage": 0.5,
	"player1Team": {
		"encounterLayerData": {
			"EncounterObjectGuid": "86c4e3d8-6e6f-4a48-bafb-9f2bddeb78bb"
		},
		"teamGuid": "bf40fd39-ccf9-47c4-94a6-061809681140",
		"teamName": "Player 1",
		"faction": "Player1sMercUnit",
		"teamLeaderCastDefId": "castDef_TeamLeader_Current",
		"lanceOverrideList": [
			{
				"lanceSpawner": {
					"EncounterObjectGuid": "76b654a6-4f2c-4a6f-86e6-d4cf868335fe"
				},
				"name": "Spawner_PlayerLance",
				"lanceDefId": "Manual",
				"lanceTagSet": {
					"items": [],
					"tagSetSourceFile": ""
				},
				"lanceExcludedTagSet": {
					"items": [],
					"tagSetSourceFile": "Tags/LanceTags"
				},
				"spawnEffectTags": {
					"items": [],
					"tagSetSourceFile": "Tags/SpawnEffectTags"
				},
				"lanceDifficultyAdjustment": 0,
				"selectedLanceDefId": null,
				"selectedLanceDifficulty": 0,
				"unitSpawnPointOverrideList": [
					{
						"unitSpawnPoint": {
							"EncounterObjectGuid": "ec9d2280-ca9a-4d90-8a20-963d8a4c0a39"
						},
						"customUnitName": "",
						"customHeraldryDefId": "heraldrydef_restoration",
						"unitType": "Mech",
						"unitDefId": "mechdef_atlas_AS7-D-HK",
						"unitTagSet": {
							"items": [],
							"tagSetSourceFile": ""
						},
						"unitExcludedTagSet": {
							"items": [],
							"tagSetSourceFile": "Tags/UnitTags"
						},
						"spawnEffectTags": {
							"items": [],
							"tagSetSourceFile": "Tags/SpawnEffectTags"
						},
						"pilotDefId": "pilot_story_kamea_end",
						"pilotTagSet": {
							"items": [],
							"tagSetSourceFile": ""
						},
						"pilotExcludedTagSet": {
							"items": [],
							"tagSetSourceFile": "Tags/PilotTags"
						},
						"selectedUnitType": "UNDEFINED",
						"selectedUnitDefId": null,
						"selectedPilotDefId": null
					},
					{
						"unitSpawnPoint": {
							"EncounterObjectGuid": "ebc06b6a-c5a8-4165-95ce-480bcf335570"
						},
						"customUnitName": "",
						"customHeraldryDefId": "",
						"unitType": "Mech",
						"unitDefId": "mechDef_None",
						"unitTagSet": {
							"items": [],
							"tagSetSourceFile": ""
						},
						"unitExcludedTagSet": {
							"items": [],
							"tagSetSourceFile": "Tags/UnitTags"
						},
						"spawnEffectTags": {
							"items": [],
							"tagSetSourceFile": "Tags/SpawnEffectTags"
						},
						"pilotDefId": "pilot_default",
						"pilotTagSet": {
							"items": [],
							"tagSetSourceFile": ""
						},
						"pilotExcludedTagSet": {
							"items": [],
							"tagSetSourceFile": "Tags/PilotTags"
						},
						"selectedUnitType": "UNDEFINED",
						"selectedUnitDefId": null,
						"selectedPilotDefId": null
					},
					{
						"unitSpawnPoint": {
							"EncounterObjectGuid": "d50f1e9d-0a0b-4dc8-9a06-a33233aaa8a1"
						},
						"customUnitName": "",
						"customHeraldryDefId": "",
						"unitType": "Mech",
						"unitDefId": "mechDef_None",
						"unitTagSet": {
							"items": [],
							"tagSetSourceFile": ""
						},
						"unitExcludedTagSet": {
							"items": [],
							"tagSetSourceFile": "Tags/UnitTags"
						},
						"spawnEffectTags": {
							"items": [],
							"tagSetSourceFile": "Tags/SpawnEffectTags"
						},
						"pilotDefId": "pilot_default",
						"pilotTagSet": {
							"items": [],
							"tagSetSourceFile": ""
						},
						"pilotExcludedTagSet": {
							"items": [],
							"tagSetSourceFile": "Tags/PilotTags"
						},
						"selectedUnitType": "UNDEFINED",
						"selectedUnitDefId": null,
						"selectedPilotDefId": null
					},
					{
						"unitSpawnPoint": {
							"EncounterObjectGuid": "461141c2-f956-49a5-b2c6-6f951b957a94"
						},
						"customUnitName": "",
						"customHeraldryDefId": "",
						"unitType": "Mech",
						"unitDefId": "mechDef_None",
						"unitTagSet": {
							"items": [],
							"tagSetSourceFile": ""
						},
						"unitExcludedTagSet": {
							"items": [],
							"tagSetSourceFile": "Tags/UnitTags"
						},
						"spawnEffectTags": {
							"items": [],
							"tagSetSourceFile": "Tags/SpawnEffectTags"
						},
						"pilotDefId": "pilot_default",
						"pilotTagSet": {
							"items": [],
							"tagSetSourceFile": ""
						},
						"pilotExcludedTagSet": {
							"items": [],
							"tagSetSourceFile": "Tags/PilotTags"
						},
						"selectedUnitType": "UNDEFINED",
						"selectedUnitDefId": null,
						"selectedPilotDefId": null
					}
				]
			}
		]
	},
	"player2Team": {
		"encounterLayerData": {
			"EncounterObjectGuid": "86c4e3d8-6e6f-4a48-bafb-9f2bddeb78bb"
		},
		"teamGuid": "757173dd-b4e1-4bb5-9bee-d78e623cc867",
		"teamName": "Player 2",
		"faction": "Player2sMercUnit",
		"teamLeaderCastDefId": "castDef_TeamLeader_Current",
		"lanceOverrideList": []
	},
	"employerTeam": {
		"encounterLayerData": {
			"EncounterObjectGuid": "86c4e3d8-6e6f-4a48-bafb-9f2bddeb78bb"
		},
		"teamGuid": "ecc8d4f2-74b4-465d-adf6-84445e5dfc230",
		"teamName": "Employer",
		"faction": "INVALID_UNSET",
		"teamLeaderCastDefId": "castDef_TeamLeader_Current",
		"lanceOverrideList": []
	},
	"targetTeam": {
		"encounterLayerData": {
			"EncounterObjectGuid": "86c4e3d8-6e6f-4a48-bafb-9f2bddeb78bb"
		},
		"teamGuid": "be77cadd-e245-4240-a93e-b99cc98902a5",
		"teamName": "Target",
		"faction": "AuriganDirectorate",
		"teamLeaderCastDefId": "castDef_TeamLeader_Current",
		"lanceOverrideList": [
			{
				"lanceSpawner": {
					"EncounterObjectGuid": "d9a28c08-abdb-42bb-a140-ad3927d1f8cf"
				},
				"name": "Lance_Enemy_OpposingForce",
				"lanceDefId": "Manual",
				"lanceTagSet": {
					"items": [],
					"tagSetSourceFile": ""
				},
				"lanceExcludedTagSet": {
					"items": [],
					"tagSetSourceFile": "Tags/LanceTags"
				},
				"spawnEffectTags": {
					"items": [],
					"tagSetSourceFile": "Tags/SpawnEffectTags"
				},
				"lanceDifficultyAdjustment": 0,
				"selectedLanceDefId": null,
				"selectedLanceDifficulty": 0,
				"unitSpawnPointOverrideList": [
					{
						"unitSpawnPoint": {
							"EncounterObjectGuid": "9e2d0fed-3d92-42ee-92d0-2cc595709f2a"
						},
						"customUnitName": "",
						"customHeraldryDefId": "",
						"unitType": "Mech",
						"unitDefId": "mechdef_kingcrab_KGC-000v",
						"unitTagSet": {
							"items": [
								"unit_heavy",
								"unit_mech"
							],
							"tagSetSourceFile": "Tags/UnitTags"
						},
						"unitExcludedTagSet": {
							"items": [],
							"tagSetSourceFile": "Tags/UnitTags"
						},
						"spawnEffectTags": {
							"items": [],
							"tagSetSourceFile": "Tags/SpawnEffectTags"
						},
						"pilotDefId": "pilot_story_VictoriaEnd",
						"pilotTagSet": {
							"items": [],
							"tagSetSourceFile": ""
						},
						"pilotExcludedTagSet": {
							"items": [],
							"tagSetSourceFile": "Tags/PilotTags"
						},
						"selectedUnitType": "UNDEFINED",
						"selectedUnitDefId": null,
						"selectedPilotDefId": null
					},
					{
						"unitSpawnPoint": {
							"EncounterObjectGuid": "e3e34fc2-c664-42ab-920b-6002c058ac55"
						},
						"customUnitName": "",
						"customHeraldryDefId": "",
						"unitType": "Mech",
						"unitDefId": "mechdef_mauler_MAL-2K",
						"unitTagSet": {
							"items": [
								"unit_assault",
								"unit_mech"
							],
							"tagSetSourceFile": "Tags/UnitTags"
						},
						"unitExcludedTagSet": {
							"items": [],
							"tagSetSourceFile": "Tags/UnitTags"
						},
						"spawnEffectTags": {
							"items": [],
							"tagSetSourceFile": "Tags/SpawnEffectTags"
						},
						"pilotDefId": "pilot_d10_flanker",
						"pilotTagSet": {
							"items": [],
							"tagSetSourceFile": ""
						},
						"pilotExcludedTagSet": {
							"items": [],
							"tagSetSourceFile": "Tags/PilotTags"
						},
						"selectedUnitType": "UNDEFINED",
						"selectedUnitDefId": null,
						"selectedPilotDefId": null
					},
					{
						"unitSpawnPoint": {
							"EncounterObjectGuid": "ab9e2bfb-f6c4-4b4b-b540-957dcfc48a27"
						},
						"customUnitName": "",
						"customHeraldryDefId": "",
						"unitType": "Mech",
						"unitDefId": "mechdef_warhammer_WHM-7M",
						"unitTagSet": {
							"items": [
								"unit_heavy",
								"unit_mech"
							],
							"tagSetSourceFile": "Tags/UnitTags"
						},
						"unitExcludedTagSet": {
							"items": [],
							"tagSetSourceFile": "Tags/UnitTags"
						},
						"spawnEffectTags": {
							"items": [],
							"tagSetSourceFile": "Tags/SpawnEffectTags"
						},
						"pilotDefId": "pilot_d10_lancer",
						"pilotTagSet": {
							"items": [],
							"tagSetSourceFile": ""
						},
						"pilotExcludedTagSet": {
							"items": [],
							"tagSetSourceFile": "Tags/PilotTags"
						},
						"selectedUnitType": "UNDEFINED",
						"selectedUnitDefId": null,
						"selectedPilotDefId": null
					},
					{
						"unitSpawnPoint": {
							"EncounterObjectGuid": "f46b3021-803a-41ed-87e0-1b8cb86663b8"
						},
						"customUnitName": "",
						"customHeraldryDefId": "",
						"unitType": "Mech",
						"unitDefId": "mechdef_mackie_MSK-10J",
						"unitTagSet": {
							"items": [
								"unit_assault",
								"unit_lance_tank",
								"unit_mech"
							],
							"tagSetSourceFile": "Tags/UnitTags"
						},
						"unitExcludedTagSet": {
							"items": [],
							"tagSetSourceFile": "Tags/UnitTags"
						},
						"spawnEffectTags": {
							"items": [],
							"tagSetSourceFile": "Tags/SpawnEffectTags"
						},
						"pilotDefId": "pilot_d10_lancer",
						"pilotTagSet": {
							"items": [],
							"tagSetSourceFile": ""
						},
						"pilotExcludedTagSet": {
							"items": [],
							"tagSetSourceFile": "Tags/PilotTags"
						},
						"selectedUnitType": "UNDEFINED",
						"selectedUnitDefId": null,
						"selectedPilotDefId": null
					}
				]
			}
		]
	},
	"targetsAllyTeam": {
		"encounterLayerData": {
			"EncounterObjectGuid": "86c4e3d8-6e6f-4a48-bafb-9f2bddeb78bb"
		},
		"teamGuid": "31151ed6-cfc2-467e-98c4-9ae5bea784cf",
		"teamName": "Target's Ally",
		"faction": "INVALID_UNSET",
		"teamLeaderCastDefId": "castDef_TeamLeader_Current",
		"lanceOverrideList": []
	},
	"neutralToAllTeam": {
		"encounterLayerData": {
			"EncounterObjectGuid": "86c4e3d8-6e6f-4a48-bafb-9f2bddeb78bb"
		},
		"teamGuid": "61612bb3-abf9-4586-952a-0559fa9dcd75",
		"teamName": "Neutral to All",
		"faction": "INVALID_UNSET",
		"teamLeaderCastDefId": "castDef_TeamLeader_Current",
		"lanceOverrideList": []
	},
	"hostileToAllTeam": {
		"encounterLayerData": {
			"EncounterObjectGuid": "86c4e3d8-6e6f-4a48-bafb-9f2bddeb78bb"
		},
		"teamGuid": "3c9f3a20-ab03-4bcb-8ab6-b1ef0442bbf0",
		"teamName": "Hostile to All",
		"faction": "INVALID_UNSET",
		"teamLeaderCastDefId": "castDef_TeamLeader_Current",
		"lanceOverrideList": []
	}
}
