{
	"ID": "Sword_6b_SmithonDefense",
	"contractName": "Defense: Smithon",
	"contractDisplayStyle": "HeavyMetalFlashpointCampaign",
	"difficulty": 6,
	"difficultyUIModifier": 0,
	"weight": 1,
	"scope": "STANDARD",
	"finalDifficulty": 0,
	"shortDescription": "In the wake of Commodore Ostergaard's initial attack, Taurian BattleMechs have continued to wreak havoc on the general population. We have DropShips en route to evacuate as many refugees as they can carry, but the Taurians will target them if they get the chance. I need you to deny them that opportunity.",
	"longDescription": "If Ostergaard were pulling this anywhere but the Reach, the whole Inner Sphere would be screaming about war crimes. We can't let the Taurians get away with what they're doing here, Commander. Punish them for it.",
	"salvagePotential": 30,
	"requirementList": [],
	"OnContractSuccessResults": [],
	"OnContractFailureResults": [],
	"contractType": "Smithon_Defense",
	"encounterPlayStyle": "SinglePlayer",
	"maxNumberOfPlayerUnits": 4,
	"mapMood": "RestorationSmithonDefense",
	"startingFogOfWarVisibility": "Surveyed",
	"contractObjectiveList": [
		{
			"contractObjective": {
				"EncounterObjectGuid": "8d7e4513-f6c4-4914-a08f-d7baa89672be"
			},
			"title": "Protect the Karosas DropShips",
			"description": "",
			"isPrimary": true,
			"forPlayer": "Player1",
			"objectiveGuids": [
				"423b194d-8231-4ffd-b7dc-e10f15b83846",
				"d68fc2e8-7eaf-4ec5-873d-0f8ab7a7f47d",
				"f2891519-f40d-4468-8b5e-1bf8a4d5e56e"
			]
		},
		{
			"contractObjective": {
				"EncounterObjectGuid": "58a13b5e-7afd-4ac4-8d32-1f8505dd3d3b"
			},
			"title": "At least two DropShips must survive",
			"description": "",
			"isPrimary": true,
			"forPlayer": "Player1",
			"objectiveGuids": []
		},
		{
			"contractObjective": {
				"EncounterObjectGuid": "1b183a59-f066-4e46-a197-4bfd28d304c1"
			},
			"title": "Protect the docking pads' fuel reservoirs",
			"description": "",
			"isPrimary": true,
			"forPlayer": "Player1",
			"objectiveGuids": []
		}
	],
	"objectiveList": [
		{
			"objective": {
				"EncounterObjectGuid": "d55ebeb2-3869-43a7-9ece-aac6f6b099ec"
			},
			"title": "Artillery hits in ",
			"description": "",
			"isPrimary": false,
			"OnSuccessResults": [],
			"OnFailureResults": []
		},
		{
			"objective": {
				"EncounterObjectGuid": "873db34e-a548-43f7-a1a6-57479337e5da"
			},
			"title": "Artillery hits in ",
			"description": "",
			"isPrimary": false,
			"OnSuccessResults": [],
			"OnFailureResults": []
		},
		{
			"objective": {
				"EncounterObjectGuid": "6376b432-c402-4100-a418-33bbbaa4b539"
			},
			"title": "Artillery hits in ",
			"description": "",
			"isPrimary": false,
			"OnSuccessResults": [],
			"OnFailureResults": []
		},
		{
			"objective": {
				"EncounterObjectGuid": "059f33de-35b5-45f1-9e82-d31f17e61442"
			},
			"title": "Shepard One Inbound",
			"description": "",
			"isPrimary": false,
			"OnSuccessResults": [],
			"OnFailureResults": []
		},
		{
			"objective": {
				"EncounterObjectGuid": "f8817ac4-a8d9-4e0e-a620-fb54593be11f"
			},
			"title": "Shepard Three Inbound to Pad Charlie",
			"description": "",
			"isPrimary": false,
			"OnSuccessResults": [],
			"OnFailureResults": []
		},
		{
			"objective": {
				"EncounterObjectGuid": "7f49ca87-d93b-45e8-a7c4-4d06dc251787"
			},
			"title": "Shepard Two Inbound to Pad Bravo",
			"description": "",
			"isPrimary": false,
			"OnSuccessResults": [],
			"OnFailureResults": []
		},
		{
			"objective": {
				"EncounterObjectGuid": "423b194d-8231-4ffd-b7dc-e10f15b83846"
			},
			"title": "Two Loaded Dropships Must Escape",
			"description": "",
			"isPrimary": true,
			"OnSuccessResults": [],
			"OnFailureResults": []
		},
		{
			"objective": {
				"EncounterObjectGuid": "3dc5dd6b-910c-4f1d-a3a6-832235cf05c3"
			},
			"title": "Hidden Ship One Arrival Message Timer",
			"description": "",
			"isPrimary": false,
			"OnSuccessResults": [],
			"OnFailureResults": []
		},
		{
			"objective": {
				"EncounterObjectGuid": "30df8406-cb89-427d-8d77-ea0563a1b511"
			},
			"title": "Hidden ship two warning",
			"description": "",
			"isPrimary": false,
			"OnSuccessResults": [],
			"OnFailureResults": []
		},
		{
			"objective": {
				"EncounterObjectGuid": "86e84623-6d3c-4660-9b67-c306a172b693"
			},
			"title": "Hidden ship three warning",
			"description": "",
			"isPrimary": false,
			"OnSuccessResults": [],
			"OnFailureResults": []
		},
		{
			"objective": {
				"EncounterObjectGuid": "c08b643b-2a51-46be-9ac7-406012b8ffff"
			},
			"title": "Ship 1 Departure Warning",
			"description": "",
			"isPrimary": false,
			"OnSuccessResults": [],
			"OnFailureResults": []
		},
		{
			"objective": {
				"EncounterObjectGuid": "fab754e2-5237-4000-88ae-22e8c3368d49"
			},
			"title": "Ship 2 Departure Warning",
			"description": "",
			"isPrimary": false,
			"OnSuccessResults": [],
			"OnFailureResults": []
		},
		{
			"objective": {
				"EncounterObjectGuid": "168e6da4-f0a5-4efb-85dd-da6054749081"
			},
			"title": "Ship 3 Departure Warning",
			"description": "",
			"isPrimary": false,
			"OnSuccessResults": [],
			"OnFailureResults": []
		},
		{
			"objective": {
				"EncounterObjectGuid": "badafe1a-d6ef-4ad4-bf4f-0d5dd1cc5015"
			},
			"title": "Empty Flanker Flag",
			"description": "",
			"isPrimary": false,
			"OnSuccessResults": [],
			"OnFailureResults": []
		},
		{
			"objective": {
				"EncounterObjectGuid": "d68fc2e8-7eaf-4ec5-873d-0f8ab7a7f47d"
			},
			"title": "All Three DropShips Escape",
			"description": "",
			"isPrimary": false,
			"OnSuccessResults": [
				{
					"Scope": "Company",
					"Requirements": {
						"Scope": "Company",
						"RequirementTags": {
							"items": [],
							"tagSetSourceFile": ""
						},
						"ExclusionTags": {
							"items": [],
							"tagSetSourceFile": ""
						},
						"RequirementComparisons": []
					},
					"AddedTags": {
						"items": [],
						"tagSetSourceFile": ""
					},
					"RemovedTags": {
						"items": [],
						"tagSetSourceFile": ""
					},
					"Stats": [
						{
							"typeString": "System.Single",
							"name": "ContractBonusRewardPct",
							"value": "0.5",
							"set": false,
							"valueConstant": ""
						}
					],
					"Actions": [],
					"ForceEvents": [],
					"TemporaryResult": false,
					"ResultDuration": 0
				}
			],
			"OnFailureResults": []
		},
		{
			"objective": {
				"EncounterObjectGuid": "f2891519-f40d-4468-8b5e-1bf8a4d5e56e"
			},
			"title": "Destroy All Hostiles",
			"description": "",
			"isPrimary": true,
			"OnSuccessResults": [],
			"OnFailureResults": []
		},
		{
			"objective": {
				"EncounterObjectGuid": "827614fb-3cd8-415d-96e5-0d7e33da3986"
			},
			"title": "Protect Shepherd One",
			"description": "",
			"isPrimary": false,
			"OnSuccessResults": [],
			"OnFailureResults": []
		},
		{
			"objective": {
				"EncounterObjectGuid": "25525e1f-dae2-400a-bbe8-09d93c01393a"
			},
			"title": "Protect Shepherd Two",
			"description": "",
			"isPrimary": false,
			"OnSuccessResults": [],
			"OnFailureResults": []
		},
		{
			"objective": {
				"EncounterObjectGuid": "65654fd6-be97-4c1e-a910-2f3cabbfea78"
			},
			"title": "Protect Shepherd Three",
			"description": "",
			"isPrimary": false,
			"OnSuccessResults": [],
			"OnFailureResults": []
		},
		{
			"objective": {
				"EncounterObjectGuid": "acb7eb1a-fba5-48df-857a-5b402b189b52"
			},
			"title": "Defend the Fuel Tank at Pad Alpha",
			"description": "",
			"isPrimary": false,
			"OnSuccessResults": [],
			"OnFailureResults": []
		},
		{
			"objective": {
				"EncounterObjectGuid": "cb9cecfa-6fde-439a-aea2-5a0d3adaf6f1"
			},
			"title": "Defend the Fuel Tank at Pad Bravo",
			"description": "",
			"isPrimary": false,
			"OnSuccessResults": [],
			"OnFailureResults": []
		},
		{
			"objective": {
				"EncounterObjectGuid": "c910dd92-e586-4b37-94af-e87a4980dfd8"
			},
			"title": "Defend the Fuel Tank at Pad Charlie",
			"description": "",
			"isPrimary": false,
			"OnSuccessResults": [],
			"OnFailureResults": []
		}
	],
	"buildingList": [],
	"chunkList": [],
	"cameraFocusHelperList": [
		{
			"name": "1st centre full lance",
			"encounterObject": {
				"EncounterObjectGuid": "e5660ae2-f369-452d-a33c-251638695176"
			}
		},
		{
			"name": "Turrets",
			"encounterObject": {
				"EncounterObjectGuid": "30872ab7-d9f2-4d80-86e6-5dcaf5c2d73b"
			}
		},
		{
			"name": "LanceSpawner",
			"encounterObject": {
				"EncounterObjectGuid": "3ed974b8-e234-485e-8991-5c134fa1c1ec"
			}
		},
		{
			"name": "PlayerLanceSpawner",
			"encounterObject": {
				"EncounterObjectGuid": "76b654a6-4f2c-4a6f-86e6-d4cf868335fe"
			}
		},
		{
			"name": "Right Half Lance",
			"encounterObject": {
				"EncounterObjectGuid": "29d3dee5-b148-4984-8dac-b0eb2be732b7"
			}
		},
		{
			"name": "Left Half Lance",
			"encounterObject": {
				"EncounterObjectGuid": "a9bf7261-fa0b-4378-8918-e91bba847433"
			}
		},
		{
			"name": "Spaceport Defend Region",
			"encounterObject": {
				"EncounterObjectGuid": "4bf9fc23-91d0-4111-b795-42d2796a9516"
			}
		},
		{
			"name": "Left Destination Region",
			"encounterObject": {
				"EncounterObjectGuid": "7c4238ff-06cc-4754-8d2a-e83765cbb12f"
			}
		},
		{
			"name": "Right Destination Region",
			"encounterObject": {
				"EncounterObjectGuid": "eb2216c4-222c-46c5-b304-3caf38a0376a"
			}
		},
		{
			"name": "CRegion 2_final",
			"encounterObject": {
				"EncounterObjectGuid": "b0f51cfd-9180-4d00-9ef6-741d4f5754e8"
			}
		},
		{
			"name": "Charlie Explosion Region",
			"encounterObject": {
				"EncounterObjectGuid": "ec4145e6-b991-40f9-9b41-2451078157c4"
			}
		},
		{
			"name": "Alpha Explosion Region",
			"encounterObject": {
				"EncounterObjectGuid": "913e419c-367a-433e-ace6-52808d2ff0b6"
			}
		},
		{
			"name": "Bravo Explosion Region",
			"encounterObject": {
				"EncounterObjectGuid": "663684a5-0364-4ad7-8968-7ed718c82014"
			}
		},
		{
			"name": "Right Flanker Region",
			"encounterObject": {
				"EncounterObjectGuid": "292129b3-be9c-4369-bde0-7df0b2e6fbfb"
			}
		},
		{
			"name": "Left Flanker Region",
			"encounterObject": {
				"EncounterObjectGuid": "20a8ad08-50cc-4767-a9a5-9af3c59b839b"
			}
		},
		{
			"name": "Bravo Tank Cam Target",
			"encounterObject": {
				"EncounterObjectGuid": "e76c1156-95fe-4a00-8012-0d68f90e1abf"
			}
		},
		{
			"name": "chrPrfVhcl_leopard-MANAGED",
			"encounterObject": {
				"EncounterObjectGuid": "374b103a-1ca5-4b40-8c78-9e7811c33cea"
			}
		},
		{
			"name": "chrPrfVhcl_union-MANAGED",
			"encounterObject": {
				"EncounterObjectGuid": "88dff47b-6a5d-44d9-8597-3c187028e7c4"
			}
		},
		{
			"name": "chrPrfVhcl_leopard-MANAGED",
			"encounterObject": {
				"EncounterObjectGuid": "4d78c575-e15b-4bce-b5c7-543805fff262"
			}
		},
		{
			"name": "chrPrfVhcl_union-MANAGED",
			"encounterObject": {
				"EncounterObjectGuid": "919f2f5b-d305-4eb0-be4c-4126ae4fa33d"
			}
		},
		{
			"name": "chrPrfVhcl_leopard-MANAGED",
			"encounterObject": {
				"EncounterObjectGuid": "8a9b5bfd-594b-48fb-9b0d-ba9e49b23b9d"
			}
		},
		{
			"name": "chrPrfVhcl_union-MANAGED",
			"encounterObject": {
				"EncounterObjectGuid": "889d247c-7c85-4b9b-b3c0-730bbfedc146"
			}
		}
	],
	"dialogueList": [
		{
			"dialogue": {
				"EncounterObjectGuid": "73df8d9c-a274-48fd-98c9-2bd0d7860e83"
			},
			"name": "MissionStartDialogue",
			"overrideDialogueBucketId": "",
			"dialogueContent": [
				{
					"words": "The spaceport in front of you is packed wall-to-wall with civilians, most of them refugees from the capital. The Taurians have been targeting them as enemy combatants. I need your help to keep those people safe until we can evac them to safety.",
					"wordsColor": {
						"r": 1,
						"g": 1,
						"b": 1,
						"a": 1
					},
					"selectedCastDefId": "castDef_KameaDefault",
					"emote": "Default",
					"audioName": "NONE",
					"cameraFocusGuid": "",
					"cameraDistance": "Far",
					"cameraHeight": "Default",
					"revealRadius": -1
				},
				{
					"words": "We have three of the late Lord Karosas's DropShips en route to assist with the evacuation. The captain of each vessel will call in on approach. Shepherd One will be heading for Docking Pad Alpha.",
					"wordsColor": {
						"r": 1,
						"g": 1,
						"b": 1,
						"a": 1
					},
					"selectedCastDefId": "castDef_KameaDefault",
					"emote": "Default",
					"audioName": "NONE",
					"cameraFocusGuid": "0496902b-a196-4cc5-ab20-5ed6c0aeaf35",
					"cameraDistance": "Medium",
					"cameraHeight": "High",
					"revealRadius": -1
				},
				{
					"words": "Shepherd Two is set to dock at Pad Charlie.",
					"wordsColor": {
						"r": 1,
						"g": 1,
						"b": 1,
						"a": 1
					},
					"selectedCastDefId": "castDef_KameaDefault",
					"emote": "Default",
					"audioName": "NONE",
					"cameraFocusGuid": "45cf1932-60b8-443b-ab75-b5562e7c116a",
					"cameraDistance": "Medium",
					"cameraHeight": "High",
					"revealRadius": -1
				},
				{
					"words": "Shepherd Three is heading for Pad Bravo. You'll need to keep the enemy's eyes on you, and <i>away</i> from the docking pads. Above all, you need to keep them from firing on the docking pads' fuel reservoirs while the DropShips are being loaded.",
					"wordsColor": {
						"r": 1,
						"g": 1,
						"b": 1,
						"a": 1
					},
					"selectedCastDefId": "castDef_KameaDefault",
					"emote": "Default",
					"audioName": "NONE",
					"cameraFocusGuid": "e76c1156-95fe-4a00-8012-0d68f90e1abf",
					"cameraDistance": "Close",
					"cameraHeight": "Default",
					"revealRadius": -1
				},
				{
					"words": "Any hostiles that you fail to engage will almost certainly target the fuel tanks. If they manage to take one out, the resulting explosion will wipe out everything nearby-DropShips, refugees, you name it. You can see a fuel tank's estimated blast radius in red on your screen. ",
					"wordsColor": {
						"r": 1,
						"g": 1,
						"b": 1,
						"a": 1
					},
					"selectedCastDefId": "castDef_KameaDefault",
					"emote": "Default",
					"audioName": "NONE",
					"cameraFocusGuid": "",
					"cameraDistance": "Medium",
					"cameraHeight": "Default",
					"revealRadius": -1
				}
			]
		},
		{
			"dialogue": {
				"EncounterObjectGuid": "4011a4c3-cba2-4d22-b2b3-3b19a3297ab9"
			},
			"name": "MissionSuccessDialogue",
			"overrideDialogueBucketId": "",
			"dialogueContent": [
				{
					"words": "That's the last of them. Good job, Commander-if it wasn't for your lance, all of those refugees would have died here today.",
					"wordsColor": {
						"r": 1,
						"g": 1,
						"b": 1,
						"a": 1
					},
					"selectedCastDefId": "castDef_KameaDefault",
					"emote": "Default",
					"audioName": "NONE",
					"cameraFocusGuid": "",
					"cameraDistance": "Far",
					"cameraHeight": "Default",
					"revealRadius": -1
				},
				{
					"words": "Your mercenary fought well, Lady Arano. But know that this has only just begun. None of us can return home until you have been captured or killed. And for every Taurian 'Mech that you destroy, ten more will rise to take its place.",
					"wordsColor": {
						"r": 1,
						"g": 1,
						"b": 1,
						"a": 1
					},
					"selectedCastDefId": "castDef_RE_Smithon_TaurianMCDefault",
					"emote": "Default",
					"audioName": "NONE",
					"cameraFocusGuid": "",
					"cameraDistance": "Far",
					"cameraHeight": "Default",
					"revealRadius": -1
				},
				{
					"words": "And we will defeat them, Commander. Just as we defeated you.",
					"wordsColor": {
						"r": 1,
						"g": 1,
						"b": 1,
						"a": 1
					},
					"selectedCastDefId": "castDef_KameaDefault",
					"emote": "Default",
					"audioName": "NONE",
					"cameraFocusGuid": "",
					"cameraDistance": "Far",
					"cameraHeight": "Default",
					"revealRadius": -1
				}
			]
		},
		{
			"dialogue": {
				"EncounterObjectGuid": "d3d33d95-9ed7-4686-b9eb-954ebe51cc02"
			},
			"name": "MissionFailureDialogue",
			"overrideDialogueBucketId": "",
			"dialogueContent": []
		},
		{
			"dialogue": {
				"EncounterObjectGuid": "76878375-63bb-4692-887a-fcd464bcd390"
			},
			"name": "Async_PostIntro",
			"overrideDialogueBucketId": "",
			"dialogueContent": [
				{
					"words": "Good luck, Commander-the Taurians aren't going to make this easy. Protect our ships. Help them get our people home safe.",
					"wordsColor": {
						"r": 1,
						"g": 1,
						"b": 1,
						"a": 1
					},
					"selectedCastDefId": "castDef_KameaDefault",
					"emote": "Default",
					"audioName": "rm060_110_kamea",
					"cameraFocusGuid": "",
					"cameraDistance": "Far",
					"cameraHeight": "Default",
					"revealRadius": -1
				}
			]
		},
		{
			"dialogue": {
				"EncounterObjectGuid": "60c95679-9e76-491a-a552-2ecb9d7e6a1a"
			},
			"name": "Inter_AmmoShot",
			"overrideDialogueBucketId": "",
			"dialogueContent": [
				{
					"words": "You have to keep those hostiles engaged! Keep the pressure on, and don't let them focus on the fuel reservoirs!",
					"wordsColor": {
						"r": 1,
						"g": 1,
						"b": 1,
						"a": 1
					},
					"selectedCastDefId": "castDef_KameaDefault",
					"emote": "Default",
					"audioName": "NONE",
					"cameraFocusGuid": "",
					"cameraDistance": "Far",
					"cameraHeight": "Default",
					"revealRadius": -1
				}
			]
		},
		{
			"dialogue": {
				"EncounterObjectGuid": "e03fd569-73cb-4476-8831-63ae6e99ad56"
			},
			"name": "Async_TaurianMechCommander_Intro",
			"overrideDialogueBucketId": "",
			"dialogueContent": [
				{
					"words": "I take no pleasure in this, Lady Arano... but we're under orders. You can end this by surrendering to Commodore Ostergaard. Until you do, your people will suffer for you. ",
					"wordsColor": {
						"r": 1,
						"g": 1,
						"b": 1,
						"a": 1
					},
					"selectedCastDefId": "castDef_RE_Smithon_TaurianMCDefault",
					"emote": "Default",
					"audioName": "rm060_120_enemy_mechcommander01",
					"cameraFocusGuid": "",
					"cameraDistance": "Far",
					"cameraHeight": "Default",
					"revealRadius": -1
				}
			]
		},
		{
			"dialogue": {
				"EncounterObjectGuid": "53c6daf0-2a50-485c-b373-922fbccadc8c"
			},
			"name": "Inter_Ship1Lands",
			"overrideDialogueBucketId": "",
			"dialogueContent": [
				{
					"words": "Shepherd One has arrived.",
					"wordsColor": {
						"r": 1,
						"g": 1,
						"b": 1,
						"a": 1
					},
					"selectedCastDefId": "castDef_Computer",
					"emote": "Default",
					"audioName": "NONE",
					"cameraFocusGuid": "0496902b-a196-4cc5-ab20-5ed6c0aeaf35",
					"cameraDistance": "Far",
					"cameraHeight": "Default",
					"revealRadius": 100
				}
			]
		},
		{
			"dialogue": {
				"EncounterObjectGuid": "0fc47dae-0af5-42de-a21d-e4eb29b13c51"
			},
			"name": "Inter_Ship1TakesOff",
			"overrideDialogueBucketId": "",
			"dialogueContent": [
				{
					"words": "Shepherd One is away.",
					"wordsColor": {
						"r": 1,
						"g": 1,
						"b": 1,
						"a": 1
					},
					"selectedCastDefId": "castDef_Computer",
					"emote": "Default",
					"audioName": "NONE",
					"cameraFocusGuid": "0496902b-a196-4cc5-ab20-5ed6c0aeaf35",
					"cameraDistance": "Far",
					"cameraHeight": "Default",
					"revealRadius": -1
				}
			]
		},
		{
			"dialogue": {
				"EncounterObjectGuid": "9a4af058-02f4-44f0-b337-e7243812b0b4"
			},
			"name": "Inter_Ship2Lands",
			"overrideDialogueBucketId": "",
			"dialogueContent": [
				{
					"words": "Shepherd Two has arrived.",
					"wordsColor": {
						"r": 1,
						"g": 1,
						"b": 1,
						"a": 1
					},
					"selectedCastDefId": "castDef_Computer",
					"emote": "Default",
					"audioName": "NONE",
					"cameraFocusGuid": "832f48ad-d39b-40a9-a950-79cebc47c647",
					"cameraDistance": "Far",
					"cameraHeight": "Default",
					"revealRadius": -1
				}
			]
		},
		{
			"dialogue": {
				"EncounterObjectGuid": "5223e0fd-251a-40d8-8d65-a1414a2b477f"
			},
			"name": "Inter_Ship2TakesOff",
			"overrideDialogueBucketId": "",
			"dialogueContent": [
				{
					"words": "Shepherd Two is away.",
					"wordsColor": {
						"r": 1,
						"g": 1,
						"b": 1,
						"a": 1
					},
					"selectedCastDefId": "castDef_Computer",
					"emote": "Default",
					"audioName": "NONE",
					"cameraFocusGuid": "45cf1932-60b8-443b-ab75-b5562e7c116a",
					"cameraDistance": "Far",
					"cameraHeight": "Default",
					"revealRadius": -1
				}
			]
		},
		{
			"dialogue": {
				"EncounterObjectGuid": "0b60cf7f-5918-485e-ba25-998df2e2a738"
			},
			"name": "Inter_Ship3Lands",
			"overrideDialogueBucketId": "",
			"dialogueContent": [
				{
					"words": "Shepherd Three has arrived.",
					"wordsColor": {
						"r": 1,
						"g": 1,
						"b": 1,
						"a": 1
					},
					"selectedCastDefId": "castDef_Computer",
					"emote": "Default",
					"audioName": "NONE",
					"cameraFocusGuid": "832f48ad-d39b-40a9-a950-79cebc47c647",
					"cameraDistance": "Far",
					"cameraHeight": "Default",
					"revealRadius": -1
				}
			]
		},
		{
			"dialogue": {
				"EncounterObjectGuid": "13b1c11d-2b8f-43e0-846f-7732bab7dc9d"
			},
			"name": "Inter_Ship3TakesOff",
			"overrideDialogueBucketId": "",
			"dialogueContent": [
				{
					"words": "Shepherd Three is away.",
					"wordsColor": {
						"r": 1,
						"g": 1,
						"b": 1,
						"a": 1
					},
					"selectedCastDefId": "castDef_Computer",
					"emote": "Default",
					"audioName": "NONE",
					"cameraFocusGuid": "",
					"cameraDistance": "Far",
					"cameraHeight": "Default",
					"revealRadius": -1
				}
			]
		},
		{
			"dialogue": {
				"EncounterObjectGuid": "4f8b237e-a19f-4a9e-8815-1be250330b16"
			},
			"name": "Inter_ShipOneInbound",
			"overrideDialogueBucketId": "",
			"dialogueContent": [
				{
					"words": "Shepherd One is incoming, full burn approach. Destination: Pad Alpha.",
					"wordsColor": {
						"r": 1,
						"g": 1,
						"b": 1,
						"a": 1
					},
					"selectedCastDefId": "castDef_Computer",
					"emote": "Default",
					"audioName": "NONE",
					"cameraFocusGuid": "0496902b-a196-4cc5-ab20-5ed6c0aeaf35",
					"cameraDistance": "Medium",
					"cameraHeight": "Default",
					"revealRadius": 100
				}
			]
		},
		{
			"dialogue": {
				"EncounterObjectGuid": "7ef00969-4ae5-4af7-b184-573defe5ac00"
			},
			"name": "Inter_ShipThreeInbound",
			"overrideDialogueBucketId": "",
			"dialogueContent": [
				{
					"words": "Shepherd Three is incoming, full burn approach. Destination: Pad Bravo. ",
					"wordsColor": {
						"r": 1,
						"g": 1,
						"b": 1,
						"a": 1
					},
					"selectedCastDefId": "castDef_Computer",
					"emote": "Default",
					"audioName": "NONE",
					"cameraFocusGuid": "832f48ad-d39b-40a9-a950-79cebc47c647",
					"cameraDistance": "Medium",
					"cameraHeight": "Default",
					"revealRadius": 100
				}
			]
		},
		{
			"dialogue": {
				"EncounterObjectGuid": "a7703988-e424-4cdb-90cd-f82ea801e7c2"
			},
			"name": "Inter_ShipTwoInbound",
			"overrideDialogueBucketId": "",
			"dialogueContent": [
				{
					"words": "Shepherd Two is incoming, full burn approach. Destination: Pad Charlie.",
					"wordsColor": {
						"r": 1,
						"g": 1,
						"b": 1,
						"a": 1
					},
					"selectedCastDefId": "castDef_Computer",
					"emote": "Default",
					"audioName": "NONE",
					"cameraFocusGuid": "45cf1932-60b8-443b-ab75-b5562e7c116a",
					"cameraDistance": "Medium",
					"cameraHeight": "Default",
					"revealRadius": 100
				}
			]
		},
		{
			"dialogue": {
				"EncounterObjectGuid": "f55d1d99-1f4e-4c88-98d3-2c90430d6e83"
			},
			"name": "Inter_ShipOneDeparturePrep",
			"overrideDialogueBucketId": "",
			"dialogueContent": [
				{
					"words": "This is Shepherd One. Our payload is secure and we're preparing for launch!",
					"wordsColor": {
						"r": 1,
						"g": 1,
						"b": 1,
						"a": 1
					},
					"selectedCastDefId": "castDef_RE_Smithon_KarosasPilotDefault",
					"emote": "Default",
					"audioName": "NONE",
					"cameraFocusGuid": "0496902b-a196-4cc5-ab20-5ed6c0aeaf35",
					"cameraDistance": "Medium",
					"cameraHeight": "High",
					"revealRadius": -1
				}
			]
		},
		{
			"dialogue": {
				"EncounterObjectGuid": "bdb9d335-c81a-4079-af9a-6a024432448b"
			},
			"name": "Inter_ShipTwoDeparturePrep",
			"overrideDialogueBucketId": "",
			"dialogueContent": [
				{
					"words": "Shepherd Two here. We've got a hold full of civvies, and we're prepping for launch.",
					"wordsColor": {
						"r": 1,
						"g": 1,
						"b": 1,
						"a": 1
					},
					"selectedCastDefId": "castDef_RE_Smithon_KarosasPilotDefault",
					"emote": "Default",
					"audioName": "NONE",
					"cameraFocusGuid": "45cf1932-60b8-443b-ab75-b5562e7c116a",
					"cameraDistance": "Far",
					"cameraHeight": "Default",
					"revealRadius": -1
				}
			]
		},
		{
			"dialogue": {
				"EncounterObjectGuid": "03898e5b-aca8-4f95-8483-4238e781831a"
			},
			"name": "Inter_ShipThreeDeparturePrep",
			"overrideDialogueBucketId": "",
			"dialogueContent": [
				{
					"words": "This is Shepherd Three. We have the last of the refugees. Buy us another few minutes and we'll get out of here.",
					"wordsColor": {
						"r": 1,
						"g": 1,
						"b": 1,
						"a": 1
					},
					"selectedCastDefId": "castDef_RE_Smithon_KarosasPilotDefault",
					"emote": "Default",
					"audioName": "NONE",
					"cameraFocusGuid": "832f48ad-d39b-40a9-a950-79cebc47c647",
					"cameraDistance": "Far",
					"cameraHeight": "Default",
					"revealRadius": -1
				}
			]
		},
		{
			"dialogue": {
				"EncounterObjectGuid": "3ecdc925-3f98-4193-a415-46da2cc3440b"
			},
			"name": "Inter_RightFlankerCallout",
			"overrideDialogueBucketId": "",
			"dialogueContent": [
				{
					"words": "We've got enemy flankers incoming! Engage them before they take out our DropShips!",
					"wordsColor": {
						"r": 1,
						"g": 1,
						"b": 1,
						"a": 1
					},
					"selectedCastDefId": "castDef_KameaDefault",
					"emote": "Default",
					"audioName": "NONE",
					"cameraFocusGuid": "29d3dee5-b148-4984-8dac-b0eb2be732b7",
					"cameraDistance": "Medium",
					"cameraHeight": "High",
					"revealRadius": -1
				}
			]
		},
		{
			"dialogue": {
				"EncounterObjectGuid": "c89c1227-30ba-4f05-b225-b388ad1895a3"
			},
			"name": "Async_TaurianCommander_PostRightFlankerCallout",
			"overrideDialogueBucketId": "",
			"dialogueContent": [
				{
					"words": "Concentrate all fire on those DropShips! Take 'em out, or you'll have Ostergaard to answer to!",
					"wordsColor": {
						"r": 1,
						"g": 1,
						"b": 1,
						"a": 1
					},
					"selectedCastDefId": "castDef_RE_Smithon_TaurianMCDefault",
					"emote": "Default",
					"audioName": "rm060_130_enemy_mechcommander01",
					"cameraFocusGuid": "",
					"cameraDistance": "Far",
					"cameraHeight": "Default",
					"revealRadius": -1
				}
			]
		},
		{
			"dialogue": {
				"EncounterObjectGuid": "8688dbb5-d848-470a-bfea-37d9d834c218"
			},
			"name": "Inter_LeftFlankerCallout",
			"overrideDialogueBucketId": "",
			"dialogueContent": [
				{
					"words": "More hostiles incoming! Keep their focus on you and away from those DropShips!",
					"wordsColor": {
						"r": 1,
						"g": 1,
						"b": 1,
						"a": 1
					},
					"selectedCastDefId": "castDef_KameaDefault",
					"emote": "Default",
					"audioName": "NONE",
					"cameraFocusGuid": "a9bf7261-fa0b-4378-8918-e91bba847433",
					"cameraDistance": "Medium",
					"cameraHeight": "High",
					"revealRadius": -1
				}
			]
		},
		{
			"dialogue": {
				"EncounterObjectGuid": "2418a2ff-8540-4793-8179-4337dddf85a8"
			},
			"name": "Async_TaurianCommander_PostLeftFlankerCallout",
			"overrideDialogueBucketId": "",
			"dialogueContent": [
				{
					"words": "Advance and engage! For the Concordat!",
					"wordsColor": {
						"r": 1,
						"g": 1,
						"b": 1,
						"a": 1
					},
					"selectedCastDefId": "castDef_RE_Smithon_TaurianMCDefault",
					"emote": "Default",
					"audioName": "rm060_140_enemy_mechcommander01",
					"cameraFocusGuid": "",
					"cameraDistance": "Far",
					"cameraHeight": "Default",
					"revealRadius": -1
				}
			]
		},
		{
			"dialogue": {
				"EncounterObjectGuid": "2971e385-19b0-420e-a075-b164ca9d48ab"
			},
			"name": "Async_LostADropShip",
			"overrideDialogueBucketId": "",
			"dialogueContent": [
				{
					"words": "We've lost a DropShip! Protect the others, or the rest of our refugees are as good as dead!",
					"wordsColor": {
						"r": 1,
						"g": 1,
						"b": 1,
						"a": 1
					},
					"selectedCastDefId": "castDef_KameaDefault",
					"emote": "Default",
					"audioName": "rm060_150_kamea",
					"cameraFocusGuid": "",
					"cameraDistance": "Far",
					"cameraHeight": "Default",
					"revealRadius": -1
				}
			]
		},
		{
			"dialogue": {
				"EncounterObjectGuid": "1e77e00b-d010-42cc-aeaf-8780771f84b3"
			},
			"name": "Inter_PlayerFirstAttackAUnitAggroReminder",
			"overrideDialogueBucketId": "",
			"dialogueContent": [
				{
					"words": "As long as you keep attacking those hostiles, they won't be able to focus on the fuel tanks. Keep pressuring them, Commander.",
					"wordsColor": {
						"r": 1,
						"g": 1,
						"b": 1,
						"a": 1
					},
					"selectedCastDefId": "castDef_KameaDefault",
					"emote": "Default",
					"audioName": "NONE",
					"cameraFocusGuid": "",
					"cameraDistance": "Far",
					"cameraHeight": "Default",
					"revealRadius": -1
				}
			]
		}
	],
	"overrideAutoCompleteDialogueId": null,
	"disableNegotations": true,
	"disableLanceConfiguration": false,
	"disableCancelButton": false,
	"disableAfterAction": false,
	"contractRewardOverride": 2360000,
	"travelOnly": false,
	"useTravelCostPenalty": false,
	"usesExpiration": false,
	"expirationTimeOverride": -1,
	"negotiatedSalary": 0.5,
	"negotiatedSalvage": 0.5,
	"player1Team": {
		"encounterLayerData": {
			"EncounterObjectGuid": "6e1a0ea2-1ea7-45a7-9c16-bf80c6505e30"
		},
		"teamGuid": "bf40fd39-ccf9-47c4-94a6-061809681140",
		"teamName": "Player 1",
		"faction": "Player1sMercUnit",
		"teamLeaderCastDefId": "castDef_TeamLeader_Current",
		"lanceOverrideList": [
			{
				"lanceSpawner": {
					"EncounterObjectGuid": "76b654a6-4f2c-4a6f-86e6-d4cf868335fe"
				},
				"name": "PlayerLanceSpawner",
				"lanceDefId": "Manual",
				"lanceTagSet": {
					"items": [],
					"tagSetSourceFile": ""
				},
				"lanceExcludedTagSet": {
					"items": [],
					"tagSetSourceFile": "Tags/LanceTags"
				},
				"spawnEffectTags": {
					"items": [],
					"tagSetSourceFile": "Tags/SpawnEffectTags"
				},
				"lanceDifficultyAdjustment": 0,
				"selectedLanceDefId": null,
				"selectedLanceDifficulty": 0,
				"unitSpawnPointOverrideList": [
					{
						"unitSpawnPoint": {
							"EncounterObjectGuid": "ec9d2280-ca9a-4d90-8a20-963d8a4c0a39"
						},
						"customUnitName": "",
						"customHeraldryDefId": "",
						"unitType": "UNDEFINED",
						"unitDefId": "",
						"unitTagSet": {
							"items": [],
							"tagSetSourceFile": ""
						},
						"unitExcludedTagSet": {
							"items": [],
							"tagSetSourceFile": "Tags/UnitTags"
						},
						"spawnEffectTags": {
							"items": [],
							"tagSetSourceFile": "Tags/SpawnEffectTags"
						},
						"pilotDefId": "pilot_default",
						"pilotTagSet": {
							"items": [],
							"tagSetSourceFile": ""
						},
						"pilotExcludedTagSet": {
							"items": [],
							"tagSetSourceFile": "Tags/PilotTags"
						},
						"selectedUnitType": "UNDEFINED",
						"selectedUnitDefId": null,
						"selectedPilotDefId": null
					},
					{
						"unitSpawnPoint": {
							"EncounterObjectGuid": "ebc06b6a-c5a8-4165-95ce-480bcf335570"
						},
						"customUnitName": "",
						"customHeraldryDefId": "",
						"unitType": "UNDEFINED",
						"unitDefId": "",
						"unitTagSet": {
							"items": [],
							"tagSetSourceFile": ""
						},
						"unitExcludedTagSet": {
							"items": [],
							"tagSetSourceFile": "Tags/UnitTags"
						},
						"spawnEffectTags": {
							"items": [],
							"tagSetSourceFile": "Tags/SpawnEffectTags"
						},
						"pilotDefId": "pilot_default",
						"pilotTagSet": {
							"items": [],
							"tagSetSourceFile": ""
						},
						"pilotExcludedTagSet": {
							"items": [],
							"tagSetSourceFile": "Tags/PilotTags"
						},
						"selectedUnitType": "UNDEFINED",
						"selectedUnitDefId": null,
						"selectedPilotDefId": null
					},
					{
						"unitSpawnPoint": {
							"EncounterObjectGuid": "d50f1e9d-0a0b-4dc8-9a06-a33233aaa8a1"
						},
						"customUnitName": "",
						"customHeraldryDefId": "",
						"unitType": "UNDEFINED",
						"unitDefId": "",
						"unitTagSet": {
							"items": [],
							"tagSetSourceFile": ""
						},
						"unitExcludedTagSet": {
							"items": [],
							"tagSetSourceFile": "Tags/UnitTags"
						},
						"spawnEffectTags": {
							"items": [],
							"tagSetSourceFile": "Tags/SpawnEffectTags"
						},
						"pilotDefId": "pilot_default",
						"pilotTagSet": {
							"items": [],
							"tagSetSourceFile": ""
						},
						"pilotExcludedTagSet": {
							"items": [],
							"tagSetSourceFile": "Tags/PilotTags"
						},
						"selectedUnitType": "UNDEFINED",
						"selectedUnitDefId": null,
						"selectedPilotDefId": null
					},
					{
						"unitSpawnPoint": {
							"EncounterObjectGuid": "461141c2-f956-49a5-b2c6-6f951b957a94"
						},
						"customUnitName": "",
						"customHeraldryDefId": "",
						"unitType": "UNDEFINED",
						"unitDefId": "",
						"unitTagSet": {
							"items": [],
							"tagSetSourceFile": ""
						},
						"unitExcludedTagSet": {
							"items": [],
							"tagSetSourceFile": "Tags/UnitTags"
						},
						"spawnEffectTags": {
							"items": [],
							"tagSetSourceFile": "Tags/SpawnEffectTags"
						},
						"pilotDefId": "pilot_default",
						"pilotTagSet": {
							"items": [],
							"tagSetSourceFile": ""
						},
						"pilotExcludedTagSet": {
							"items": [],
							"tagSetSourceFile": "Tags/PilotTags"
						},
						"selectedUnitType": "UNDEFINED",
						"selectedUnitDefId": null,
						"selectedPilotDefId": null
					}
				]
			}
		]
	},
	"player2Team": {
		"encounterLayerData": {
			"EncounterObjectGuid": "6e1a0ea2-1ea7-45a7-9c16-bf80c6505e30"
		},
		"teamGuid": "757173dd-b4e1-4bb5-9bee-d78e623cc867",
		"teamName": "Player 2",
		"faction": "Player2sMercUnit",
		"teamLeaderCastDefId": "castDef_TeamLeader_Current",
		"lanceOverrideList": []
	},
	"employerTeam": {
		"encounterLayerData": {
			"EncounterObjectGuid": "6e1a0ea2-1ea7-45a7-9c16-bf80c6505e30"
		},
		"teamGuid": "ecc8d4f2-74b4-465d-adf6-84445e5dfc230",
		"teamName": "Employer",
		"faction": "AuriganRestoration",
		"teamLeaderCastDefId": "castDef_TeamLeader_Current",
		"lanceOverrideList": [
			{
				"lanceSpawner": {
					"EncounterObjectGuid": "30872ab7-d9f2-4d80-86e6-5dcaf5c2d73b"
				},
				"name": "Turrets",
				"lanceDefId": "Manual",
				"lanceTagSet": {
					"items": [],
					"tagSetSourceFile": "Tags/LanceTags"
				},
				"lanceExcludedTagSet": {
					"items": [],
					"tagSetSourceFile": "Tags/LanceTags"
				},
				"spawnEffectTags": {
					"items": [],
					"tagSetSourceFile": "Tags/SpawnEffectTags"
				},
				"lanceDifficultyAdjustment": 0,
				"selectedLanceDefId": null,
				"selectedLanceDifficulty": 0,
				"unitSpawnPointOverrideList": [
					{
						"unitSpawnPoint": {
							"EncounterObjectGuid": "cbe16a32-d4f0-41c7-8bc3-fcafc499ba88"
						},
						"customUnitName": "",
						"customHeraldryDefId": "",
						"unitType": "Turret",
						"unitDefId": "turretdef_Light_Laser",
						"unitTagSet": {
							"items": [],
							"tagSetSourceFile": ""
						},
						"unitExcludedTagSet": {
							"items": [],
							"tagSetSourceFile": "Tags/UnitTags"
						},
						"spawnEffectTags": {
							"items": [],
							"tagSetSourceFile": "Tags/SpawnEffectTags"
						},
						"pilotDefId": "pilot_d5_turret",
						"pilotTagSet": {
							"items": [],
							"tagSetSourceFile": ""
						},
						"pilotExcludedTagSet": {
							"items": [],
							"tagSetSourceFile": "Tags/PilotTags"
						},
						"selectedUnitType": "UNDEFINED",
						"selectedUnitDefId": null,
						"selectedPilotDefId": null
					},
					{
						"unitSpawnPoint": {
							"EncounterObjectGuid": "3e5573b8-d537-4410-ad37-46d8e6345d43"
						},
						"customUnitName": "",
						"customHeraldryDefId": "",
						"unitType": "Turret",
						"unitDefId": "turretdef_Light_Laser",
						"unitTagSet": {
							"items": [],
							"tagSetSourceFile": ""
						},
						"unitExcludedTagSet": {
							"items": [],
							"tagSetSourceFile": "Tags/UnitTags"
						},
						"spawnEffectTags": {
							"items": [],
							"tagSetSourceFile": "Tags/SpawnEffectTags"
						},
						"pilotDefId": "pilot_d5_turret",
						"pilotTagSet": {
							"items": [],
							"tagSetSourceFile": ""
						},
						"pilotExcludedTagSet": {
							"items": [],
							"tagSetSourceFile": "Tags/PilotTags"
						},
						"selectedUnitType": "UNDEFINED",
						"selectedUnitDefId": null,
						"selectedPilotDefId": null
					},
					{
						"unitSpawnPoint": {
							"EncounterObjectGuid": "01f17517-e674-41b7-bfca-5c72a4f2d5fb"
						},
						"customUnitName": "",
						"customHeraldryDefId": "",
						"unitType": "Turret",
						"unitDefId": "turretdef_Light_Shredder",
						"unitTagSet": {
							"items": [],
							"tagSetSourceFile": ""
						},
						"unitExcludedTagSet": {
							"items": [],
							"tagSetSourceFile": "Tags/UnitTags"
						},
						"spawnEffectTags": {
							"items": [],
							"tagSetSourceFile": "Tags/SpawnEffectTags"
						},
						"pilotDefId": "pilot_d5_turret",
						"pilotTagSet": {
							"items": [],
							"tagSetSourceFile": ""
						},
						"pilotExcludedTagSet": {
							"items": [],
							"tagSetSourceFile": "Tags/PilotTags"
						},
						"selectedUnitType": "UNDEFINED",
						"selectedUnitDefId": null,
						"selectedPilotDefId": null
					},
					{
						"unitSpawnPoint": {
							"EncounterObjectGuid": "1d2f3f62-c52e-4de6-9a47-6568ecd8e351"
						},
						"customUnitName": "",
						"customHeraldryDefId": "",
						"unitType": "Turret",
						"unitDefId": "turretdef_Light_Shredder",
						"unitTagSet": {
							"items": [],
							"tagSetSourceFile": ""
						},
						"unitExcludedTagSet": {
							"items": [],
							"tagSetSourceFile": "Tags/UnitTags"
						},
						"spawnEffectTags": {
							"items": [],
							"tagSetSourceFile": "Tags/SpawnEffectTags"
						},
						"pilotDefId": "pilot_d5_turret",
						"pilotTagSet": {
							"items": [],
							"tagSetSourceFile": ""
						},
						"pilotExcludedTagSet": {
							"items": [],
							"tagSetSourceFile": "Tags/PilotTags"
						},
						"selectedUnitType": "UNDEFINED",
						"selectedUnitDefId": null,
						"selectedPilotDefId": null
					},
					{
						"unitSpawnPoint": {
							"EncounterObjectGuid": "0b079be7-3d81-49e1-acf4-2b360928a68f"
						},
						"customUnitName": "",
						"customHeraldryDefId": "",
						"unitType": "Turret",
						"unitDefId": "turretdef_Light_Laser",
						"unitTagSet": {
							"items": [],
							"tagSetSourceFile": "Tags/UnitTags"
						},
						"unitExcludedTagSet": {
							"items": [],
							"tagSetSourceFile": "Tags/UnitTags"
						},
						"spawnEffectTags": {
							"items": [],
							"tagSetSourceFile": "Tags/SpawnEffectTags"
						},
						"pilotDefId": "pilot_d5_turret",
						"pilotTagSet": {
							"items": [],
							"tagSetSourceFile": "Tags/PilotTags"
						},
						"pilotExcludedTagSet": {
							"items": [],
							"tagSetSourceFile": "Tags/PilotTags"
						},
						"selectedUnitType": "UNDEFINED",
						"selectedUnitDefId": null,
						"selectedPilotDefId": null
					},
					{
						"unitSpawnPoint": {
							"EncounterObjectGuid": "93a29ee6-3aca-41a5-87b1-2b7cc4c95af3"
						},
						"customUnitName": "",
						"customHeraldryDefId": "",
						"unitType": "Turret",
						"unitDefId": "turretdef_Light_Sniper",
						"unitTagSet": {
							"items": [],
							"tagSetSourceFile": "Tags/UnitTags"
						},
						"unitExcludedTagSet": {
							"items": [],
							"tagSetSourceFile": "Tags/UnitTags"
						},
						"spawnEffectTags": {
							"items": [],
							"tagSetSourceFile": "Tags/SpawnEffectTags"
						},
						"pilotDefId": "pilot_d5_turret",
						"pilotTagSet": {
							"items": [],
							"tagSetSourceFile": "Tags/PilotTags"
						},
						"pilotExcludedTagSet": {
							"items": [],
							"tagSetSourceFile": "Tags/PilotTags"
						},
						"selectedUnitType": "UNDEFINED",
						"selectedUnitDefId": null,
						"selectedPilotDefId": null
					}
				]
			},
			{
				"lanceSpawner": {
					"EncounterObjectGuid": "3ed974b8-e234-485e-8991-5c134fa1c1ec"
				},
				"name": "LanceSpawner",
				"lanceDefId": "Manual",
				"lanceTagSet": {
					"items": [],
					"tagSetSourceFile": "Tags/LanceTags"
				},
				"lanceExcludedTagSet": {
					"items": [],
					"tagSetSourceFile": "Tags/LanceTags"
				},
				"spawnEffectTags": {
					"items": [],
					"tagSetSourceFile": "Tags/SpawnEffectTags"
				},
				"lanceDifficultyAdjustment": 0,
				"selectedLanceDefId": null,
				"selectedLanceDifficulty": 0,
				"unitSpawnPointOverrideList": [
					{
						"unitSpawnPoint": {
							"EncounterObjectGuid": "ef9a2496-1a6a-432f-9727-9108dcaf8342"
						},
						"customUnitName": "",
						"customHeraldryDefId": "",
						"unitType": "Vehicle",
						"unitDefId": "vehicledef_STRIKER",
						"unitTagSet": {
							"items": [],
							"tagSetSourceFile": ""
						},
						"unitExcludedTagSet": {
							"items": [],
							"tagSetSourceFile": "Tags/UnitTags"
						},
						"spawnEffectTags": {
							"items": [
								"spawn_poorly_maintained_50"
							],
							"tagSetSourceFile": "Tags/SpawnEffectTags"
						},
						"pilotDefId": "pilot_d5_gunner",
						"pilotTagSet": {
							"items": [],
							"tagSetSourceFile": ""
						},
						"pilotExcludedTagSet": {
							"items": [],
							"tagSetSourceFile": "Tags/PilotTags"
						},
						"selectedUnitType": "UNDEFINED",
						"selectedUnitDefId": null,
						"selectedPilotDefId": null
					},
					{
						"unitSpawnPoint": {
							"EncounterObjectGuid": "adba1eca-6d14-4bfe-a4c3-4be29172b606"
						},
						"customUnitName": "",
						"customHeraldryDefId": "",
						"unitType": "Vehicle",
						"unitDefId": "vehicledef_STRIKER",
						"unitTagSet": {
							"items": [],
							"tagSetSourceFile": ""
						},
						"unitExcludedTagSet": {
							"items": [],
							"tagSetSourceFile": "Tags/UnitTags"
						},
						"spawnEffectTags": {
							"items": [
								"spawn_poorly_maintained_50"
							],
							"tagSetSourceFile": "Tags/SpawnEffectTags"
						},
						"pilotDefId": "pilot_d5_gunner",
						"pilotTagSet": {
							"items": [],
							"tagSetSourceFile": ""
						},
						"pilotExcludedTagSet": {
							"items": [],
							"tagSetSourceFile": "Tags/PilotTags"
						},
						"selectedUnitType": "UNDEFINED",
						"selectedUnitDefId": null,
						"selectedPilotDefId": null
					}
				]
			}
		]
	},
	"targetTeam": {
		"encounterLayerData": {
			"EncounterObjectGuid": "6e1a0ea2-1ea7-45a7-9c16-bf80c6505e30"
		},
		"teamGuid": "be77cadd-e245-4240-a93e-b99cc98902a5",
		"teamName": "Target",
		"faction": "TaurianConcordat",
		"teamLeaderCastDefId": "castDef_TeamLeader_Current",
		"lanceOverrideList": [
			{
				"lanceSpawner": {
					"EncounterObjectGuid": "e5660ae2-f369-452d-a33c-251638695176"
				},
				"name": "1st centre full lance",
				"lanceDefId": "Manual",
				"lanceTagSet": {
					"items": [],
					"tagSetSourceFile": "Tags/LanceTags"
				},
				"lanceExcludedTagSet": {
					"items": [],
					"tagSetSourceFile": "Tags/LanceTags"
				},
				"spawnEffectTags": {
					"items": [],
					"tagSetSourceFile": "tags/SpawnEffectTags"
				},
				"lanceDifficultyAdjustment": 0,
				"selectedLanceDefId": null,
				"selectedLanceDifficulty": 0,
				"unitSpawnPointOverrideList": [
					{
						"unitSpawnPoint": {
							"EncounterObjectGuid": "84e5cad2-e2b6-407c-9d84-f9c452094b73"
						},
						"customUnitName": "",
						"customHeraldryDefId": "",
						"unitType": "Mech",
						"unitDefId": "mechdef_jenner_JR7-D",
						"unitTagSet": {
							"items": [
								"unit_lance_vanguard",
								"unit_medium",
								"unit_mech"
							],
							"tagSetSourceFile": "Tags/UnitTags"
						},
						"unitExcludedTagSet": {
							"items": [],
							"tagSetSourceFile": "Tags/UnitTags"
						},
						"spawnEffectTags": {
							"items": [],
							"tagSetSourceFile": "tags/SpawnEffectTags"
						},
						"pilotDefId": "pilot_d7_gunner",
						"pilotTagSet": {
							"items": [],
							"tagSetSourceFile": ""
						},
						"pilotExcludedTagSet": {
							"items": [],
							"tagSetSourceFile": "Tags/PilotTags"
						},
						"selectedUnitType": "UNDEFINED",
						"selectedUnitDefId": null,
						"selectedPilotDefId": null
					},
					{
						"unitSpawnPoint": {
							"EncounterObjectGuid": "1a1a8297-603d-4a7f-9d0b-33381bd9581a"
						},
						"customUnitName": "",
						"customHeraldryDefId": "",
						"unitType": "Mech",
						"unitDefId": "mechdef_battlemaster_BLR-1G",
						"unitTagSet": {
							"items": [
								"unit_lance_tank",
								"unit_mech"
							],
							"tagSetSourceFile": "Tags/UnitTags"
						},
						"unitExcludedTagSet": {
							"items": [],
							"tagSetSourceFile": "Tags/UnitTags"
						},
						"spawnEffectTags": {
							"items": [],
							"tagSetSourceFile": "tags/SpawnEffectTags"
						},
						"pilotDefId": "pilot_d6_tactician",
						"pilotTagSet": {
							"items": [],
							"tagSetSourceFile": "Tags/PilotTags"
						},
						"pilotExcludedTagSet": {
							"items": [],
							"tagSetSourceFile": "Tags/PilotTags"
						},
						"selectedUnitType": "UNDEFINED",
						"selectedUnitDefId": null,
						"selectedPilotDefId": null
					},
					{
						"unitSpawnPoint": {
							"EncounterObjectGuid": "1af7d13e-d792-44cb-b9a9-84ebffdd2b60"
						},
						"customUnitName": "",
						"customHeraldryDefId": "",
						"unitType": "Mech",
						"unitDefId": "mechdef_thunderbolt_TDR-5S",
						"unitTagSet": {
							"items": [
								"unit_mech"
							],
							"tagSetSourceFile": "Tags/UnitTags"
						},
						"unitExcludedTagSet": {
							"items": [],
							"tagSetSourceFile": "Tags/UnitTags"
						},
						"spawnEffectTags": {
							"items": [],
							"tagSetSourceFile": "tags/SpawnEffectTags"
						},
						"pilotDefId": "pilot_d6_pilot",
						"pilotTagSet": {
							"items": [],
							"tagSetSourceFile": "Tags/PilotTags"
						},
						"pilotExcludedTagSet": {
							"items": [],
							"tagSetSourceFile": "Tags/PilotTags"
						},
						"selectedUnitType": "UNDEFINED",
						"selectedUnitDefId": null,
						"selectedPilotDefId": null
					},
					{
						"unitSpawnPoint": {
							"EncounterObjectGuid": "e7addec2-9005-4fcb-8972-c2c57b863e03"
						},
						"customUnitName": "",
						"customHeraldryDefId": "",
						"unitType": "Mech",
						"unitDefId": "mechdef_enforcer_ENF-4R",
						"unitTagSet": {
							"items": [],
							"tagSetSourceFile": "Tags/UnitTags"
						},
						"unitExcludedTagSet": {
							"items": [],
							"tagSetSourceFile": "Tags/UnitTags"
						},
						"spawnEffectTags": {
							"items": [],
							"tagSetSourceFile": "tags/SpawnEffectTags"
						},
						"pilotDefId": "pilot_d6_pilot",
						"pilotTagSet": {
							"items": [],
							"tagSetSourceFile": "Tags/PilotTags"
						},
						"pilotExcludedTagSet": {
							"items": [],
							"tagSetSourceFile": "Tags/PilotTags"
						},
						"selectedUnitType": "UNDEFINED",
						"selectedUnitDefId": null,
						"selectedPilotDefId": null
					},
					{
						"unitSpawnPoint": {
							"EncounterObjectGuid": "59324aa1-5fa8-4104-a755-fda954d0c0ad"
						},
						"customUnitName": "",
						"customHeraldryDefId": "",
						"unitType": "Mech",
						"unitDefId": "mechdef_jenner_JR7-D",
						"unitTagSet": {
							"items": [
								"unit_medium",
								"unit_mech"
							],
							"tagSetSourceFile": "Tags/UnitTags"
						},
						"unitExcludedTagSet": {
							"items": [],
							"tagSetSourceFile": "Tags/UnitTags"
						},
						"spawnEffectTags": {
							"items": [],
							"tagSetSourceFile": "tags/SpawnEffectTags"
						},
						"pilotDefId": "pilot_d6_pilot",
						"pilotTagSet": {
							"items": [],
							"tagSetSourceFile": ""
						},
						"pilotExcludedTagSet": {
							"items": [],
							"tagSetSourceFile": "Tags/PilotTags"
						},
						"selectedUnitType": "UNDEFINED",
						"selectedUnitDefId": null,
						"selectedPilotDefId": null
					},
					{
						"unitSpawnPoint": {
							"EncounterObjectGuid": "9c6db7a9-ee1a-446c-a17f-826587f8142f"
						},
						"customUnitName": "",
						"customHeraldryDefId": "",
						"unitType": "Mech",
						"unitDefId": "mechdef_firestarter_FS9-H",
						"unitTagSet": {
							"items": [],
							"tagSetSourceFile": "Tags/UnitTags"
						},
						"unitExcludedTagSet": {
							"items": [],
							"tagSetSourceFile": "Tags/UnitTags"
						},
						"spawnEffectTags": {
							"items": [],
							"tagSetSourceFile": "tags/SpawnEffectTags"
						},
						"pilotDefId": "pilot_default",
						"pilotTagSet": {
							"items": [],
							"tagSetSourceFile": "Tags/PilotTags"
						},
						"pilotExcludedTagSet": {
							"items": [],
							"tagSetSourceFile": "Tags/PilotTags"
						},
						"selectedUnitType": "UNDEFINED",
						"selectedUnitDefId": null,
						"selectedPilotDefId": null
					}
				]
			},
			{
				"lanceSpawner": {
					"EncounterObjectGuid": "29d3dee5-b148-4984-8dac-b0eb2be732b7"
				},
				"name": "Right Half Lance",
				"lanceDefId": "Manual",
				"lanceTagSet": {
					"items": [],
					"tagSetSourceFile": "Tags/LanceTags"
				},
				"lanceExcludedTagSet": {
					"items": [],
					"tagSetSourceFile": "Tags/LanceTags"
				},
				"spawnEffectTags": {
					"items": [],
					"tagSetSourceFile": "tags/SpawnEffectTags"
				},
				"lanceDifficultyAdjustment": 0,
				"selectedLanceDefId": null,
				"selectedLanceDifficulty": 0,
				"unitSpawnPointOverrideList": [
					{
						"unitSpawnPoint": {
							"EncounterObjectGuid": "de98c72e-eb49-4728-b03c-1a957c4ffc75"
						},
						"customUnitName": "",
						"customHeraldryDefId": "",
						"unitType": "Mech",
						"unitDefId": "mechdef_spider_SDR-5V",
						"unitTagSet": {
							"items": [
								"unit_mech",
								"unit_light",
								"unit_jumpOK"
							],
							"tagSetSourceFile": "Tags/UnitTags"
						},
						"unitExcludedTagSet": {
							"items": [
								"unit_urbie"
							],
							"tagSetSourceFile": "Tags/UnitTags"
						},
						"spawnEffectTags": {
							"items": [],
							"tagSetSourceFile": "tags/SpawnEffectTags"
						},
						"pilotDefId": "pilot_d5_pilot",
						"pilotTagSet": {
							"items": [],
							"tagSetSourceFile": ""
						},
						"pilotExcludedTagSet": {
							"items": [],
							"tagSetSourceFile": "Tags/PilotTags"
						},
						"selectedUnitType": "UNDEFINED",
						"selectedUnitDefId": null,
						"selectedPilotDefId": null
					},
					{
						"unitSpawnPoint": {
							"EncounterObjectGuid": "0b0ded70-0449-49c1-bbd0-dadbc93eeabb"
						},
						"customUnitName": "",
						"customHeraldryDefId": "",
						"unitType": "Mech",
						"unitDefId": "mechdef_commando_COM-1B",
						"unitTagSet": {
							"items": [
								"unit_mech",
								"unit_light",
								"unit_jumpOK"
							],
							"tagSetSourceFile": "Tags/UnitTags"
						},
						"unitExcludedTagSet": {
							"items": [
								"unit_urbie"
							],
							"tagSetSourceFile": "Tags/UnitTags"
						},
						"spawnEffectTags": {
							"items": [],
							"tagSetSourceFile": "tags/SpawnEffectTags"
						},
						"pilotDefId": "pilot_d5_pilot",
						"pilotTagSet": {
							"items": [],
							"tagSetSourceFile": ""
						},
						"pilotExcludedTagSet": {
							"items": [],
							"tagSetSourceFile": "Tags/PilotTags"
						},
						"selectedUnitType": "UNDEFINED",
						"selectedUnitDefId": null,
						"selectedPilotDefId": null
					}
				]
			},
			{
				"lanceSpawner": {
					"EncounterObjectGuid": "a9bf7261-fa0b-4378-8918-e91bba847433"
				},
				"name": "Left Half Lance",
				"lanceDefId": "Manual",
				"lanceTagSet": {
					"items": [],
					"tagSetSourceFile": "Tags/LanceTags"
				},
				"lanceExcludedTagSet": {
					"items": [],
					"tagSetSourceFile": "Tags/LanceTags"
				},
				"spawnEffectTags": {
					"items": [],
					"tagSetSourceFile": "tags/SpawnEffectTags"
				},
				"lanceDifficultyAdjustment": 0,
				"selectedLanceDefId": null,
				"selectedLanceDifficulty": 0,
				"unitSpawnPointOverrideList": [
					{
						"unitSpawnPoint": {
							"EncounterObjectGuid": "76265682-810d-4f13-af24-a6c5b18e18c6"
						},
						"customUnitName": "",
						"customHeraldryDefId": "",
						"unitType": "Mech",
						"unitDefId": "mechdef_panther_PNT-9R",
						"unitTagSet": {
							"items": [
								"unit_mech",
								"unit_light",
								"unit_jumpOK"
							],
							"tagSetSourceFile": "Tags/UnitTags"
						},
						"unitExcludedTagSet": {
							"items": [
								"unit_urbie"
							],
							"tagSetSourceFile": "Tags/UnitTags"
						},
						"spawnEffectTags": {
							"items": [],
							"tagSetSourceFile": "tags/SpawnEffectTags"
						},
						"pilotDefId": "pilot_d5_tactician",
						"pilotTagSet": {
							"items": [],
							"tagSetSourceFile": "Tags/EncounterTags"
						},
						"pilotExcludedTagSet": {
							"items": [],
							"tagSetSourceFile": "Tags/PilotTags"
						},
						"selectedUnitType": "UNDEFINED",
						"selectedUnitDefId": null,
						"selectedPilotDefId": null
					},
					{
						"unitSpawnPoint": {
							"EncounterObjectGuid": "2566c710-379f-42a0-9c59-5da3f52a2556"
						},
						"customUnitName": "",
						"customHeraldryDefId": "",
						"unitType": "Mech",
						"unitDefId": "mechdef_jenner_JR7-D",
						"unitTagSet": {
							"items": [
								"unit_mech",
								"unit_light",
								"unit_jumpOK"
							],
							"tagSetSourceFile": "Tags/UnitTags"
						},
						"unitExcludedTagSet": {
							"items": [
								"unit_urbie"
							],
							"tagSetSourceFile": "Tags/UnitTags"
						},
						"spawnEffectTags": {
							"items": [],
							"tagSetSourceFile": "tags/SpawnEffectTags"
						},
						"pilotDefId": "pilot_d5_pilot",
						"pilotTagSet": {
							"items": [],
							"tagSetSourceFile": ""
						},
						"pilotExcludedTagSet": {
							"items": [],
							"tagSetSourceFile": "Tags/PilotTags"
						},
						"selectedUnitType": "UNDEFINED",
						"selectedUnitDefId": null,
						"selectedPilotDefId": null
					}
				]
			}
		]
	},
	"targetsAllyTeam": {
		"encounterLayerData": {
			"EncounterObjectGuid": "6e1a0ea2-1ea7-45a7-9c16-bf80c6505e30"
		},
		"teamGuid": "31151ed6-cfc2-467e-98c4-9ae5bea784cf",
		"teamName": "Target's Ally",
		"faction": "INVALID_UNSET",
		"teamLeaderCastDefId": "castDef_TeamLeader_Current",
		"lanceOverrideList": []
	},
	"neutralToAllTeam": {
		"encounterLayerData": {
			"EncounterObjectGuid": "6e1a0ea2-1ea7-45a7-9c16-bf80c6505e30"
		},
		"teamGuid": "61612bb3-abf9-4586-952a-0559fa9dcd75",
		"teamName": "Neutral to All",
		"faction": "INVALID_UNSET",
		"teamLeaderCastDefId": "castDef_TeamLeader_Current",
		"lanceOverrideList": []
	},
	"hostileToAllTeam": {
		"encounterLayerData": {
			"EncounterObjectGuid": "6e1a0ea2-1ea7-45a7-9c16-bf80c6505e30"
		},
		"teamGuid": "3c9f3a20-ab03-4bcb-8ab6-b1ef0442bbf0",
		"teamName": "Hostile to All",
		"faction": "INVALID_UNSET",
		"teamLeaderCastDefId": "castDef_TeamLeader_Current",
		"lanceOverrideList": []
	}
}
