{
	"ID": "Sword_8_Locura",
	"contractName": "Locura",
	"contractDisplayStyle": "HeavyMetalFlashpointCampaign",
	"difficulty": 7,
	"difficultyUIModifier": 2,
	"weight": 1,
	"scope": "STANDARD",
	"finalDifficulty": 0,
	"shortDescription": "This is an all-or-nothing situation, {COMMANDER.Callsign}. Ostergaard is on his way to Coromodir to break the back of my army, and I'm on my way to join them. You have this one chance to wreck the <i>Iberia</i> and turn the tide... do this, and our war will be won.",
	"longDescription": "This is gonna be a hell of a drop, {COMMANDER.FirstName}. Our entire plan revolves around a science experiment gone wrong... but I have faith in Doc Murad, and a powerful desire to see Ostergaard dealt with. Permanently.",
	"salvagePotential": 36,
	"requirementList": [],
	"OnContractSuccessResults": [],
	"OnContractFailureResults": [],
	"contractTypeID": "Story_8_Locura",
	"encounterPlayStyle": "SinglePlayer",
	"maxNumberOfPlayerUnits": 4,
	"mapMood": "Mission8",
	"startingFogOfWarVisibility": "Surveyed",
	"contractObjectiveList": [
		{
			"contractObjective": {
				"EncounterObjectGuid": "0fdffe4f-ad95-4511-b687-cc9fda75310f"
			},
			"title": "Take Dr. Farah Murad to the comm control station",
			"description": "",
			"isPrimary": true,
			"forPlayer": "Player1",
			"objectiveGuids": [
				"52a79a7b-a96f-4912-878d-044a417a1826",
				"bff2dc63-f950-4815-bb91-78a57bd94ff2",
				"6cbd0f23-5d3c-4550-b749-40fc33fc0afb",
				"47843307-3473-4573-b6bb-4c917e31f70b"
			]
		},
		{
			"contractObjective": {
				"EncounterObjectGuid": "bc208642-40f1-44d6-8cf9-acd10c1fb232"
			},
			"title": "Destroy the Directorate garrison",
			"description": "",
			"isPrimary": true,
			"forPlayer": "Player1",
			"objectiveGuids": []
		},
		{
			"contractObjective": {
				"EncounterObjectGuid": "fa0f5ace-2aca-4e95-afac-eaa15d4585af"
			},
			"title": "Hold out while Dr. Murad uploads the Locura to the <i>Iberia</i>",
			"description": "",
			"isPrimary": true,
			"forPlayer": "Player1",
			"objectiveGuids": []
		}
	],
	"objectiveList": [
		{
			"objective": {
				"EncounterObjectGuid": "6cbd0f23-5d3c-4550-b749-40fc33fc0afb"
			},
			"title": "Farah must survive",
			"description": "",
			"isPrimary": false,
			"OnSuccessResults": [],
			"OnFailureResults": []
		},
		{
			"objective": {
				"EncounterObjectGuid": "28be1146-dcfd-4949-b36b-9424d77010ae"
			},
			"title": "Iberia Arrives",
			"description": "",
			"isPrimary": false,
			"OnSuccessResults": [],
			"OnFailureResults": []
		},
		{
			"objective": {
				"EncounterObjectGuid": "47843307-3473-4573-b6bb-4c917e31f70b"
			},
			"title": "Get Farah to the Comm Control Station",
			"description": "",
			"isPrimary": false,
			"OnSuccessResults": [],
			"OnFailureResults": []
		},
		{
			"objective": {
				"EncounterObjectGuid": "d4d20990-fbeb-4f6e-81b7-7e94bba6a2c5"
			},
			"title": "Escort the APC to Turret Control Alpha",
			"description": "We're over here, and we really need to be over there.",
			"isPrimary": false,
			"OnSuccessResults": [],
			"OnFailureResults": []
		},
		{
			"objective": {
				"EncounterObjectGuid": "2a51efa4-b3bf-4246-b441-cf2835a79151"
			},
			"title": "Escort the APC to Turret Control Bravo",
			"description": "We're over here, and we really need to be over there.",
			"isPrimary": false,
			"OnSuccessResults": [],
			"OnFailureResults": []
		},
		{
			"objective": {
				"EncounterObjectGuid": "f5928873-8346-4c24-84ea-d87123b67296"
			},
			"title": "Turret group Alpha Reprogrammed in ",
			"description": "",
			"isPrimary": false,
			"OnSuccessResults": [],
			"OnFailureResults": []
		},
		{
			"objective": {
				"EncounterObjectGuid": "5430f74d-2c7c-49d7-9183-4b5601c6e5ec"
			},
			"title": "Turret group Bravo Reprogrammed in ",
			"description": "",
			"isPrimary": false,
			"OnSuccessResults": [],
			"OnFailureResults": []
		},
		{
			"objective": {
				"EncounterObjectGuid": "52a79a7b-a96f-4912-878d-044a417a1826"
			},
			"title": "Destroy the Directorate Garrison ",
			"description": "",
			"isPrimary": false,
			"OnSuccessResults": [],
			"OnFailureResults": []
		},
		{
			"objective": {
				"EncounterObjectGuid": "bff2dc63-f950-4815-bb91-78a57bd94ff2"
			},
			"title": "Hold the base while Farah rigs the comm array",
			"description": "",
			"isPrimary": false,
			"OnSuccessResults": [],
			"OnFailureResults": []
		}
	],
	"buildingList": [],
	"chunkList": [],
	"cameraFocusHelperList": [
		{
			"name": "PlayerLanceSpawner",
			"encounterObject": {
				"EncounterObjectGuid": "723a18fd-385b-480c-8099-d0989293c9c7"
			}
		},
		{
			"name": "LanceSpawner_TurretsNeutral",
			"encounterObject": {
				"EncounterObjectGuid": "8945481a-74d6-4059-800b-08f0528913d1"
			}
		},
		{
			"name": "LanceSpawner_TurretsFriendly",
			"encounterObject": {
				"EncounterObjectGuid": "5c8c3a50-fccb-40d7-8b82-a5d781ac0f25"
			}
		},
		{
			"name": "DestroyLanceSpawner",
			"encounterObject": {
				"EncounterObjectGuid": "fa7bc85e-03c6-4229-8901-588e11723118"
			}
		},
		{
			"name": "LanceSpawner_Turrets_Alpha",
			"encounterObject": {
				"EncounterObjectGuid": "89523eb0-26ee-4b40-84aa-0eba5fd2812b"
			}
		},
		{
			"name": "LanceSpawner_Turrets_Bravo",
			"encounterObject": {
				"EncounterObjectGuid": "42c2afa1-a302-4d80-a013-0eb184ffb11a"
			}
		},
		{
			"name": "EscortLance",
			"encounterObject": {
				"EncounterObjectGuid": "5fe83f59-f532-4aa2-b082-abf15953ef0a"
			}
		},
		{
			"name": "EscortLance",
			"encounterObject": {
				"EncounterObjectGuid": "f7360e67-4485-43d0-a4fd-532cfc877099"
			}
		},
		{
			"name": "EscortLance",
			"encounterObject": {
				"EncounterObjectGuid": "edffdde1-7d30-4fcd-8026-965291ae5636"
			}
		},
		{
			"name": "TaurianAssaults",
			"encounterObject": {
				"EncounterObjectGuid": "977c0cdb-446f-4d35-8116-9cee79eaba36"
			}
		},
		{
			"name": "DirectorateReinforcements",
			"encounterObject": {
				"EncounterObjectGuid": "c6d3c448-f946-4500-85de-445708d8f6f2"
			}
		},
		{
			"name": "Region_GoTo",
			"encounterObject": {
				"EncounterObjectGuid": "89948ce1-93e2-4fc1-b8aa-c21dbfb0d5d0"
			}
		},
		{
			"name": "EscortRegion",
			"encounterObject": {
				"EncounterObjectGuid": "3560382a-c082-4a0b-8cab-8e6327b74cce"
			}
		},
		{
			"name": "EscortRegion",
			"encounterObject": {
				"EncounterObjectGuid": "b6217027-ee85-42c1-bb71-d7150963c4c1"
			}
		},
		{
			"name": "CameraFocus_TurretsAlpha",
			"encounterObject": {
				"EncounterObjectGuid": "ab7aa1a1-56c0-4f42-9804-e38d48a602a3"
			}
		},
		{
			"name": "CameraFocus_TurretsBravo",
			"encounterObject": {
				"EncounterObjectGuid": "826b9609-f13b-4983-8362-8620065551e4"
			}
		},
		{
			"name": "chrPrfVhcl_leopard-MANAGED",
			"encounterObject": {
				"EncounterObjectGuid": "7b1aca11-cd5a-44fc-82dc-4941f7bf19e9"
			}
		},
		{
			"name": "chrPrfVhcl_union-MANAGED",
			"encounterObject": {
				"EncounterObjectGuid": "57d2d080-ff9f-4251-9e89-5da3193342f7"
			}
		}
	],
	"dialogueList": [
		{
			"dialogue": {
				"EncounterObjectGuid": "73df8d9c-a274-48fd-98c9-2bd0d7860e83"
			},
			"name": "MissionStartDialogue",
			"overrideDialogueBucketId": "",
			"dialogueContent": [
				{
					"words": "Sorry about the rough landing. Farah, you okay in there?",
					"wordsColor": {
						"r": 1,
						"g": 1,
						"b": 1,
						"a": 1
					},
					"selectedCastDefId": "castDef_SumireDefault",
					"emote": "Default",
					"audioName": "NONE",
					"cameraFocusGuid": "",
					"cameraDistance": "Far",
					"cameraHeight": "Default",
					"revealRadius": 0
				},
				{
					"words": "Yeah... I'm all right. This rumble seat is even less comfortable than it looks, though.",
					"wordsColor": {
						"r": 1,
						"g": 1,
						"b": 1,
						"a": 1
					},
					"selectedCastDefId": "castDef_FarahDefault",
					"emote": "Default",
					"audioName": "NONE",
					"cameraFocusGuid": "",
					"cameraDistance": "Far",
					"cameraHeight": "Default",
					"revealRadius": -1
				},
				{
					"words": "Tell me about it. Did you find the care package I left in there for you?",
					"wordsColor": {
						"r": 1,
						"g": 1,
						"b": 1,
						"a": 1
					},
					"selectedCastDefId": "castDef_YangDefault",
					"emote": "Default",
					"audioName": "NONE",
					"cameraFocusGuid": "",
					"cameraDistance": "Far",
					"cameraHeight": "Default",
					"revealRadius": -1
				},
				{
					"words": "The explosives? Yes. I'll set them to bring down the control tower after I've uploaded the Locura to the <i>Iberia</i>.",
					"wordsColor": {
						"r": 1,
						"g": 1,
						"b": 1,
						"a": 1
					},
					"selectedCastDefId": "castDef_FarahDefault",
					"emote": "Default",
					"audioName": "NONE",
					"cameraFocusGuid": "",
					"cameraDistance": "Far",
					"cameraHeight": "Default",
					"revealRadius": -1
				}
			]
		},
		{
			"dialogue": {
				"EncounterObjectGuid": " 4011a4c3-cba2-4d22-b2b3-3b19a3297ab9"
			},
			"name": "MissionSuccessDialogue",
			"overrideDialogueBucketId": "",
			"dialogueContent": [
				{
					"words": "There goes the tower... and the Directorate's communications network along with it. Now... who wants to take bets on whether or not the plan worked?",
					"wordsColor": {
						"r": 1,
						"g": 1,
						"b": 1,
						"a": 1
					},
					"selectedCastDefId": "castDef_YangDefault",
					"emote": "Default",
					"audioName": "NONE",
					"cameraFocusGuid": "",
					"cameraDistance": "Far",
					"cameraHeight": "Default",
					"revealRadius": -1
				},
				{
					"words": "We won't have to wait long to find out. The transmission went through-the <i>Iberia</i>'s computer should be processing the Locura's code right now. I imagine that-",
					"wordsColor": {
						"r": 1,
						"g": 1,
						"b": 1,
						"a": 1
					},
					"selectedCastDefId": "castDef_FarahDefault",
					"emote": "Default",
					"audioName": "NONE",
					"cameraFocusGuid": "",
					"cameraDistance": "Far",
					"cameraHeight": "Default",
					"revealRadius": 0
				},
				{
					"words": "Hang on a second, Doc-we've got an incoming transmission. Putting it on screen.",
					"wordsColor": {
						"r": 1,
						"g": 1,
						"b": 1,
						"a": 1
					},
					"selectedCastDefId": "castDef_SumireDefault",
					"emote": "Default",
					"audioName": "NONE",
					"cameraFocusGuid": "",
					"cameraDistance": "Far",
					"cameraHeight": "Default",
					"revealRadius": -1
				}
			]
		},
		{
			"dialogue": {
				"EncounterObjectGuid": "d3d33d95-9ed7-4686-b9eb-954ebe51cc02"
			},
			"name": "MissionFailureDialogue",
			"overrideDialogueBucketId": "",
			"dialogueContent": []
		},
		{
			"dialogue": {
				"EncounterObjectGuid": "2edefa39-8840-42fa-81d9-6e11ece493d5"
			},
			"name": "Async_PostIntro",
			"overrideDialogueBucketId": "",
			"dialogueContent": [
				{
					"words": "Let's get moving, Commander... Lady Arano is counting on us.",
					"wordsColor": {
						"r": 1,
						"g": 1,
						"b": 1,
						"a": 1
					},
					"selectedCastDefId": "castDef_FarahDefault",
					"emote": "Default",
					"audioName": "m080_310_farah",
					"cameraFocusGuid": "",
					"cameraDistance": "Far",
					"cameraHeight": "Default",
					"revealRadius": -1
				}
			]
		},
		{
			"dialogue": {
				"EncounterObjectGuid": "fb844470-5c54-4239-86b3-89a17840a079"
			},
			"name": "Async_APCDown",
			"overrideDialogueBucketId": "",
			"dialogueContent": [
				{
					"words": "APC down, Commander.",
					"wordsColor": {
						"r": 1,
						"g": 1,
						"b": 1,
						"a": 1
					},
					"selectedCastDefId": "castDef_FarahDefault",
					"emote": "Default",
					"audioName": "m080_320_farah",
					"cameraFocusGuid": "",
					"cameraDistance": "Far",
					"cameraHeight": "Default",
					"revealRadius": 0
				}
			]
		},
		{
			"dialogue": {
				"EncounterObjectGuid": "abcf151a-6e1e-4b71-9246-9cd4441e1322"
			},
			"name": "Async_BothAPCsDown",
			"overrideDialogueBucketId": "",
			"dialogueContent": [
				{
					"words": "That's both APCs down! There go our chances of hacking into those turrets...",
					"wordsColor": {
						"r": 1,
						"g": 1,
						"b": 1,
						"a": 1
					},
					"selectedCastDefId": "castDef_FarahDefault",
					"emote": "Default",
					"audioName": "m080_330_farah",
					"cameraFocusGuid": "",
					"cameraDistance": "Far",
					"cameraHeight": "Default",
					"revealRadius": 0
				}
			]
		},
		{
			"dialogue": {
				"EncounterObjectGuid": "52320870-dbd3-4b01-b194-2918ccd32ae3"
			},
			"name": "Async_TurretsReached",
			"overrideDialogueBucketId": "",
			"dialogueContent": [
				{
					"words": "Powering down enemy turrets, Commander. Give us a moment, and we'll modify their targeting protocols.",
					"wordsColor": {
						"r": 1,
						"g": 1,
						"b": 1,
						"a": 1
					},
					"selectedCastDefId": "castDef_SE08_RestorationEngineerDefault",
					"emote": "Default",
					"audioName": "m080_350_engineer01",
					"cameraFocusGuid": "",
					"cameraDistance": "Far",
					"cameraHeight": "Default",
					"revealRadius": 0
				}
			]
		},
		{
			"dialogue": {
				"EncounterObjectGuid": "e32bf8bf-7ba2-4b6c-9874-b2c864d3ba10"
			},
			"name": "Inter_TurretControlEstablished_Alpha",
			"overrideDialogueBucketId": "",
			"dialogueContent": [
				{
					"words": "Alpha turrets are ours, Commander!",
					"wordsColor": {
						"r": 1,
						"g": 1,
						"b": 1,
						"a": 1
					},
					"selectedCastDefId": "castDef_SE08_RestorationEngineerDefault",
					"emote": "Default",
					"audioName": "NONE",
					"cameraFocusGuid": "ab7aa1a1-56c0-4f42-9804-e38d48a602a3",
					"cameraDistance": "Far",
					"cameraHeight": "Default",
					"revealRadius": 0
				}
			]
		},
		{
			"dialogue": {
				"EncounterObjectGuid": "e8f67080-4e68-495a-8753-770f3d188d93"
			},
			"name": "Inter_TurretControlEstablished_Bravo",
			"overrideDialogueBucketId": "",
			"dialogueContent": [
				{
					"words": "Bravo turrets belong to us!",
					"wordsColor": {
						"r": 1,
						"g": 1,
						"b": 1,
						"a": 1
					},
					"selectedCastDefId": "castDef_SE08_RestorationEngineerDefault",
					"emote": "Default",
					"audioName": "NONE",
					"cameraFocusGuid": "826b9609-f13b-4983-8362-8620065551e4",
					"cameraDistance": "Far",
					"cameraHeight": "Default",
					"revealRadius": 0
				}
			]
		},
		{
			"dialogue": {
				"EncounterObjectGuid": "c1e07c09-007c-4140-8fba-71bedfac24ac"
			},
			"name": "Inter_FarahReachedCommArray",
			"overrideDialogueBucketId": "",
			"dialogueContent": [
				{
					"words": "All right, I'm inside. Should take me a few minutes to find the array's control center, hook up the drive, and prep the system to transmit the Locura to the <i>Iberia</i>.",
					"wordsColor": {
						"r": 1,
						"g": 1,
						"b": 1,
						"a": 1
					},
					"selectedCastDefId": "castDef_FarahDefault",
					"emote": "Default",
					"audioName": "NONE",
					"cameraFocusGuid": "",
					"cameraDistance": "Far",
					"cameraHeight": "Default",
					"revealRadius": 0
				}
			]
		},
		{
			"dialogue": {
				"EncounterObjectGuid": "0fd627d4-31c4-45da-a833-77c712dedeac"
			},
			"name": "Async_FarahReachedCommArray",
			"overrideDialogueBucketId": "",
			"dialogueContent": [
				{
					"words": "And on that note, I'm going radio silent for a bit-I need to concentrate while I work on this. I'll be in touch soon.",
					"wordsColor": {
						"r": 1,
						"g": 1,
						"b": 1,
						"a": 1
					},
					"selectedCastDefId": "castDef_FarahDefault",
					"emote": "Default",
					"audioName": "m080_360_farah",
					"cameraFocusGuid": "",
					"cameraDistance": "Far",
					"cameraHeight": "Default",
					"revealRadius": -1
				},
				{
					"words": "Commander, be advised that I'm seeing heavy activity on all Directorate comm channels. You're about to have company.",
					"wordsColor": {
						"r": 1,
						"g": 1,
						"b": 1,
						"a": 1
					},
					"selectedCastDefId": "castDef_DariusDefault",
					"emote": "Default",
					"audioName": "m080_370_darius",
					"cameraFocusGuid": "",
					"cameraDistance": "Far",
					"cameraHeight": "Default",
					"revealRadius": -1
				}
			]
		},
		{
			"dialogue": {
				"EncounterObjectGuid": "d547bdca-f0b5-4525-841e-a71d25cfbb72"
			},
			"name": "Async_FarahMechShot",
			"overrideDialogueBucketId": "",
			"dialogueContent": [
				{
					"words": "Okay, it's official-rumble seats are a bad idea, and I don't like getting shot at. I really, really don't.",
					"wordsColor": {
						"r": 1,
						"g": 1,
						"b": 1,
						"a": 1
					},
					"selectedCastDefId": "castDef_FarahDefault",
					"emote": "Default",
					"audioName": "m080_340_farah",
					"cameraFocusGuid": "",
					"cameraDistance": "Far",
					"cameraHeight": "Default",
					"revealRadius": -1
				}
			]
		},
		{
			"dialogue": {
				"EncounterObjectGuid": "b7c8461a-d1e5-498c-a817-0f3f8ff612a5"
			},
			"name": "Inter_DirectorateMechsTouchingDown",
			"overrideDialogueBucketId": "",
			"dialogueContent": [
				{
					"words": "Heads up, Commander-we've got a Directorate lance touching down!",
					"wordsColor": {
						"r": 1,
						"g": 1,
						"b": 1,
						"a": 1
					},
					"selectedCastDefId": "castDef_DariusDefault",
					"emote": "Default",
					"audioName": "m080_160_darius",
					"cameraFocusGuid": "a3397347-6f35-466a-acb9-670ea9587fc8",
					"cameraDistance": "Far",
					"cameraHeight": "Default",
					"revealRadius": 0
				}
			]
		},
		{
			"dialogue": {
				"EncounterObjectGuid": "28c377a3-55bc-4169-a49b-dfa914441e77"
			},
			"name": "Async_LostAFriendlyTurret",
			"overrideDialogueBucketId": "",
			"dialogueContent": [
				{
					"words": "We've lost a turret!",
					"wordsColor": {
						"r": 1,
						"g": 1,
						"b": 1,
						"a": 1
					},
					"selectedCastDefId": "castDef_FarahDefault",
					"emote": "Default",
					"audioName": "m080_380_farah",
					"cameraFocusGuid": "",
					"cameraDistance": "Far",
					"cameraHeight": "Default",
					"revealRadius": 0
				}
			]
		},
		{
			"dialogue": {
				"EncounterObjectGuid": "5db3cfc3-8477-4d58-9018-61d0a23d57f2"
			},
			"name": "Inter_TaurianAssaultMechsInbound",
			"overrideDialogueBucketId": "",
			"dialogueContent": [
				{
					"words": "Stay frosty! Assault 'Mechs inbound!",
					"wordsColor": {
						"r": 1,
						"g": 1,
						"b": 1,
						"a": 1
					},
					"selectedCastDefId": "castDef_DariusDefault",
					"emote": "Default",
					"audioName": "m080_180_darius",
					"cameraFocusGuid": "b7f28958-b122-4515-b7b1-ded84931303d",
					"cameraDistance": "Far",
					"cameraHeight": "Default",
					"revealRadius": 0
				}
			]
		},
		{
			"dialogue": {
				"EncounterObjectGuid": "3a650127-642e-4dea-8cfc-8d5e6a2f251d"
			},
			"name": "Inter_AerospaceInbound",
			"overrideDialogueBucketId": "",
			"dialogueContent": [
				{
					"words": "Commander, Farah? I've just touched down, but we've got a problem. I have a squadron of Directorate aerospace fighters on radar, and they're headed our way.",
					"wordsColor": {
						"r": 1,
						"g": 1,
						"b": 1,
						"a": 1
					},
					"selectedCastDefId": "castDef_SumireDefault",
					"emote": "Default",
					"audioName": "m080_190_sumire",
					"cameraFocusGuid": "",
					"cameraDistance": "Far",
					"cameraHeight": "Default",
					"revealRadius": 0
				},
				{
					"words": "Damn it. We need to clear out of here before they arrive. How much time have we got?",
					"wordsColor": {
						"r": 1,
						"g": 1,
						"b": 1,
						"a": 1
					},
					"selectedCastDefId": "castDef_DariusDefault",
					"emote": "Default",
					"audioName": "m080_200_darius",
					"cameraFocusGuid": "",
					"cameraDistance": "Far",
					"cameraHeight": "Default",
					"revealRadius": 0
				},
				{
					"words": "Not much... and they're carrying enough hardware to blow our Leopard to hell and back again.",
					"wordsColor": {
						"r": 1,
						"g": 1,
						"b": 1,
						"a": 1
					},
					"selectedCastDefId": "castDef_SumireDefault",
					"emote": "Default",
					"audioName": "m080_210_sumire",
					"cameraFocusGuid": "",
					"cameraDistance": "Far",
					"cameraHeight": "Default",
					"revealRadius": 0
				},
				{
					"words": "I can do this. Just keep the Directorate off me, Commander-I need only a few more minutes.",
					"wordsColor": {
						"r": 1,
						"g": 1,
						"b": 1,
						"a": 1
					},
					"selectedCastDefId": "castDef_FarahDefault",
					"emote": "Default",
					"audioName": "m080_220_farah",
					"cameraFocusGuid": "",
					"cameraDistance": "Far",
					"cameraHeight": "Default",
					"revealRadius": 0
				}
			]
		},
		{
			"dialogue": {
				"EncounterObjectGuid": "6a973931-555f-45d4-9b6a-4ce0eb8debdc"
			},
			"name": "Inter_TimeToBugOut",
			"overrideDialogueBucketId": "",
			"dialogueContent": [
				{
					"words": "Farah, we are OUT OF TIME. Those fighters are almost within weapons range, I need to come get you <i>NOW</i>. ",
					"wordsColor": {
						"r": 1,
						"g": 1,
						"b": 1,
						"a": 1
					},
					"selectedCastDefId": "castDef_SumireDefault",
					"emote": "Default",
					"audioName": "m080_230_sumire",
					"cameraFocusGuid": "",
					"cameraDistance": "Far",
					"cameraHeight": "Default",
					"revealRadius": 0
				},
				{
					"words": "Remote trigger armed, explosives primed... I'm ready! Meet me at the evac point and we'll get the hell out of here!",
					"wordsColor": {
						"r": 1,
						"g": 1,
						"b": 1,
						"a": 1
					},
					"selectedCastDefId": "castDef_FarahDefault",
					"emote": "Default",
					"audioName": "m080_240_farah",
					"cameraFocusGuid": "",
					"cameraDistance": "Far",
					"cameraHeight": "Default",
					"revealRadius": 0
				}
			]
		},
		{
			"dialogue": {
				"EncounterObjectGuid": "2fc51042-1781-492a-b0e2-365ea587a45b"
			},
			"name": "Async_OstergaardAnnounce",
			"overrideDialogueBucketId": "",
			"dialogueContent": [
				{
					"words": "Attention, forces of the Arano Restoration! This is Commodore Samuel Ostergaard, formerly of the Concord Navy. As of today, I no longer serve my country; I come to you as a grieving father, not a Taurian sailor. My actions are my own.",
					"wordsColor": {
						"r": 1,
						"g": 1,
						"b": 1,
						"a": 1
					},
					"selectedCastDefId": "castDef_OstergaardDefault",
					"emote": "Default",
					"audioName": "m080_390_ostergaard",
					"cameraFocusGuid": "",
					"cameraDistance": "Far",
					"cameraHeight": "Default",
					"revealRadius": -1
				},
				{
					"words": "In three minutes' time, my ship will enter weapons range of your position. At that time, your lives will come to an abrupt end. I suggest that you pray to whatever gods- [sound of alarm klaxons] [confused shouting] [static]",
					"wordsColor": {
						"r": 1,
						"g": 1,
						"b": 1,
						"a": 1
					},
					"selectedCastDefId": "castDef_OstergaardDefault",
					"emote": "Default",
					"audioName": "m080_400_ostergaard",
					"cameraFocusGuid": "",
					"cameraDistance": "Far",
					"cameraHeight": "Default",
					"revealRadius": -1
				}
			]
		}
	],
	"disableNegotations": true,
	"disableLanceConfiguration": false,
	"disableCancelButton": true,
	"disableAfterAction": false,
	"contractRewardOverride": 5236000,
	"travelOnly": false,
	"useTravelCostPenalty": false,
	"usesExpiration": false,
	"expirationTimeOverride": -1,
	"negotiatedSalary": 0.5,
	"negotiatedSalvage": 0.5,
	"excludedFromProceduralGeneration": true,
	"player1Team": {
		"encounterLayerData": {
			"EncounterObjectGuid": "702670dc-8be5-4cfd-9512-b0a454a0d7f5"
		},
		"teamGuid": "bf40fd39-ccf9-47c4-94a6-061809681140",
		"teamName": "Player 1",
		"faction": "Player1sMercUnit",
		"teamLeaderCastDefId": "castDef_TeamLeader_Current",
		"lanceOverrideList": [
			{
				"lanceSpawner": {
					"EncounterObjectGuid": "723a18fd-385b-480c-8099-d0989293c9c7"
				},
				"name": "PlayerLanceSpawner",
				"lanceDefId": "Manual",
				"lanceTagSet": {
					"items": [],
					"tagSetSourceFile": ""
				},
				"lanceExcludedTagSet": {
					"items": [],
					"tagSetSourceFile": "Tags/LanceTags"
				},
				"spawnEffectTags": {
					"items": [],
					"tagSetSourceFile": "Tags/SpawnEffectTags"
				},
				"lanceDifficultyAdjustment": 0,
				"selectedLanceDefId": "",
				"selectedLanceDifficulty": 0,
				"unitSpawnPointOverrideList": [
					{
						"unitSpawnPoint": {
							"EncounterObjectGuid": "2eaa68b4-dddf-4603-ab12-d626e29a4eed"
						},
						"customUnitName": "",
						"customHeraldryDefId": "",
						"unitType": "UNDEFINED",
						"unitDefId": "",
						"unitTagSet": {
							"items": [],
							"tagSetSourceFile": ""
						},
						"unitExcludedTagSet": {
							"items": [],
							"tagSetSourceFile": "Tags/UnitTags"
						},
						"spawnEffectTags": {
							"items": [],
							"tagSetSourceFile": "Tags/SpawnEffectTags"
						},
						"pilotDefId": "pilot_default",
						"pilotTagSet": {
							"items": [],
							"tagSetSourceFile": ""
						},
						"pilotExcludedTagSet": {
							"items": [],
							"tagSetSourceFile": "Tags/PilotTags"
						},
						"selectedUnitType": "UNDEFINED",
						"selectedUnitDefId": "",
						"selectedPilotDefId": ""
					},
					{
						"unitSpawnPoint": {
							"EncounterObjectGuid": "7e98c79f-6a66-454a-a48e-702d2daaba85"
						},
						"customUnitName": "",
						"customHeraldryDefId": "",
						"unitType": "UNDEFINED",
						"unitDefId": "",
						"unitTagSet": {
							"items": [],
							"tagSetSourceFile": ""
						},
						"unitExcludedTagSet": {
							"items": [],
							"tagSetSourceFile": "Tags/UnitTags"
						},
						"spawnEffectTags": {
							"items": [],
							"tagSetSourceFile": "Tags/SpawnEffectTags"
						},
						"pilotDefId": "pilot_default",
						"pilotTagSet": {
							"items": [],
							"tagSetSourceFile": ""
						},
						"pilotExcludedTagSet": {
							"items": [],
							"tagSetSourceFile": "Tags/PilotTags"
						},
						"selectedUnitType": "UNDEFINED",
						"selectedUnitDefId": "",
						"selectedPilotDefId": ""
					},
					{
						"unitSpawnPoint": {
							"EncounterObjectGuid": "c73dacbc-42b0-4910-9bc7-908b7a2c282e"
						},
						"customUnitName": "",
						"customHeraldryDefId": "",
						"unitType": "UNDEFINED",
						"unitDefId": "",
						"unitTagSet": {
							"items": [],
							"tagSetSourceFile": ""
						},
						"unitExcludedTagSet": {
							"items": [],
							"tagSetSourceFile": "Tags/UnitTags"
						},
						"spawnEffectTags": {
							"items": [],
							"tagSetSourceFile": "Tags/SpawnEffectTags"
						},
						"pilotDefId": "pilot_default",
						"pilotTagSet": {
							"items": [],
							"tagSetSourceFile": ""
						},
						"pilotExcludedTagSet": {
							"items": [],
							"tagSetSourceFile": "Tags/PilotTags"
						},
						"selectedUnitType": "UNDEFINED",
						"selectedUnitDefId": "",
						"selectedPilotDefId": ""
					},
					{
						"unitSpawnPoint": {
							"EncounterObjectGuid": "55c1659f-5ef4-413f-abb5-99e6de4ea7f8"
						},
						"customUnitName": "",
						"customHeraldryDefId": "",
						"unitType": "UNDEFINED",
						"unitDefId": "",
						"unitTagSet": {
							"items": [],
							"tagSetSourceFile": ""
						},
						"unitExcludedTagSet": {
							"items": [],
							"tagSetSourceFile": "Tags/UnitTags"
						},
						"spawnEffectTags": {
							"items": [],
							"tagSetSourceFile": "Tags/SpawnEffectTags"
						},
						"pilotDefId": "pilot_default",
						"pilotTagSet": {
							"items": [],
							"tagSetSourceFile": ""
						},
						"pilotExcludedTagSet": {
							"items": [],
							"tagSetSourceFile": "Tags/PilotTags"
						},
						"selectedUnitType": "UNDEFINED",
						"selectedUnitDefId": "",
						"selectedPilotDefId": ""
					}
				]
			}
		]
	},
	"player2Team": {
		"encounterLayerData": {
			"EncounterObjectGuid": "702670dc-8be5-4cfd-9512-b0a454a0d7f5"
		},
		"teamGuid": "757173dd-b4e1-4bb5-9bee-d78e623cc867",
		"teamName": "Player 2",
		"faction": "Player2sMercUnit",
		"teamLeaderCastDefId": "castDef_TeamLeader_Current",
		"lanceOverrideList": []
	},
	"employerTeam": {
		"encounterLayerData": {
			"EncounterObjectGuid": "702670dc-8be5-4cfd-9512-b0a454a0d7f5"
		},
		"teamGuid": "ecc8d4f2-74b4-465d-adf6-84445e5dfc230",
		"teamName": "Aurigan Restoration",
		"faction": "AuriganRestoration",
		"teamLeaderCastDefId": "castDef_TeamLeader_Current",
		"lanceOverrideList": [
			{
				"lanceSpawner": {
					"EncounterObjectGuid": "5c8c3a50-fccb-40d7-8b82-a5d781ac0f25"
				},
				"name": "LanceSpawner_TurretsFriendly",
				"lanceDefId": "Manual",
				"lanceTagSet": {
					"items": [],
					"tagSetSourceFile": ""
				},
				"lanceExcludedTagSet": {
					"items": [],
					"tagSetSourceFile": "Tags/LanceTags"
				},
				"spawnEffectTags": {
					"items": [],
					"tagSetSourceFile": "Tags/SpawnEffectTags"
				},
				"lanceDifficultyAdjustment": 0,
				"selectedLanceDefId": "",
				"selectedLanceDifficulty": 0,
				"unitSpawnPointOverrideList": []
			},
			{
				"lanceSpawner": {
					"EncounterObjectGuid": "5fe83f59-f532-4aa2-b082-abf15953ef0a"
				},
				"name": "EscortLance",
				"lanceDefId": "Manual",
				"lanceTagSet": {
					"items": [],
					"tagSetSourceFile": ""
				},
				"lanceExcludedTagSet": {
					"items": [],
					"tagSetSourceFile": "Tags/LanceTags"
				},
				"spawnEffectTags": {
					"items": [],
					"tagSetSourceFile": "Tags/SpawnEffectTags"
				},
				"lanceDifficultyAdjustment": 0,
				"selectedLanceDefId": "",
				"selectedLanceDifficulty": 0,
				"unitSpawnPointOverrideList": [
					{
						"unitSpawnPoint": {
							"EncounterObjectGuid": "fccea33e-64ef-45c8-8977-d735da3e7019"
						},
						"customUnitName": "",
						"customHeraldryDefId": "",
						"unitType": "Vehicle",
						"unitDefId": "vehicledef_APC_Sleipnir",
						"unitTagSet": {
							"items": [],
							"tagSetSourceFile": ""
						},
						"unitExcludedTagSet": {
							"items": [],
							"tagSetSourceFile": "Tags/UnitTags"
						},
						"spawnEffectTags": {
							"items": [],
							"tagSetSourceFile": "Tags/SpawnEffectTags"
						},
						"pilotDefId": "pilot_d10_scout",
						"pilotTagSet": {
							"items": [],
							"tagSetSourceFile": ""
						},
						"pilotExcludedTagSet": {
							"items": [],
							"tagSetSourceFile": "Tags/PilotTags"
						},
						"selectedUnitType": "UNDEFINED",
						"selectedUnitDefId": "",
						"selectedPilotDefId": ""
					}
				]
			},
			{
				"lanceSpawner": {
					"EncounterObjectGuid": "f7360e67-4485-43d0-a4fd-532cfc877099"
				},
				"name": "EscortLance",
				"lanceDefId": "Manual",
				"lanceTagSet": {
					"items": [],
					"tagSetSourceFile": ""
				},
				"lanceExcludedTagSet": {
					"items": [],
					"tagSetSourceFile": "Tags/LanceTags"
				},
				"spawnEffectTags": {
					"items": [],
					"tagSetSourceFile": "Tags/SpawnEffectTags"
				},
				"lanceDifficultyAdjustment": 0,
				"selectedLanceDefId": "",
				"selectedLanceDifficulty": 0,
				"unitSpawnPointOverrideList": [
					{
						"unitSpawnPoint": {
							"EncounterObjectGuid": "36bddd93-1483-4817-aba5-bff64ad49905"
						},
						"customUnitName": "",
						"customHeraldryDefId": "",
						"unitType": "Vehicle",
						"unitDefId": "vehicledef_APC_Sleipnir",
						"unitTagSet": {
							"items": [],
							"tagSetSourceFile": ""
						},
						"unitExcludedTagSet": {
							"items": [],
							"tagSetSourceFile": "Tags/UnitTags"
						},
						"spawnEffectTags": {
							"items": [],
							"tagSetSourceFile": "Tags/SpawnEffectTags"
						},
						"pilotDefId": "pilot_d10_scout",
						"pilotTagSet": {
							"items": [],
							"tagSetSourceFile": ""
						},
						"pilotExcludedTagSet": {
							"items": [],
							"tagSetSourceFile": "Tags/PilotTags"
						},
						"selectedUnitType": "UNDEFINED",
						"selectedUnitDefId": "",
						"selectedPilotDefId": ""
					}
				]
			},
			{
				"lanceSpawner": {
					"EncounterObjectGuid": "edffdde1-7d30-4fcd-8026-965291ae5636"
				},
				"name": "EscortLance",
				"lanceDefId": "Manual",
				"lanceTagSet": {
					"items": [],
					"tagSetSourceFile": ""
				},
				"lanceExcludedTagSet": {
					"items": [],
					"tagSetSourceFile": "Tags/LanceTags"
				},
				"spawnEffectTags": {
					"items": [],
					"tagSetSourceFile": "Tags/SpawnEffectTags"
				},
				"lanceDifficultyAdjustment": 0,
				"selectedLanceDefId": "",
				"selectedLanceDifficulty": 0,
				"unitSpawnPointOverrideList": [
					{
						"unitSpawnPoint": {
							"EncounterObjectGuid": "c178f518-d85a-4685-9a93-49bd40ad7b23"
						},
						"customUnitName": "",
						"customHeraldryDefId": "",
						"unitType": "Vehicle",
						"unitDefId": "vehicledef_SCHREK",
						"unitTagSet": {
							"items": [],
							"tagSetSourceFile": ""
						},
						"unitExcludedTagSet": {
							"items": [],
							"tagSetSourceFile": "Tags/UnitTags"
						},
						"spawnEffectTags": {
							"items": [],
							"tagSetSourceFile": "Tags/SpawnEffectTags"
						},
						"pilotDefId": "pilot_d10_sharpshooter",
						"pilotTagSet": {
							"items": [],
							"tagSetSourceFile": ""
						},
						"pilotExcludedTagSet": {
							"items": [],
							"tagSetSourceFile": "Tags/PilotTags"
						},
						"selectedUnitType": "UNDEFINED",
						"selectedUnitDefId": "",
						"selectedPilotDefId": ""
					},
					{
						"unitSpawnPoint": {
							"EncounterObjectGuid": "b29d21ee-31cf-4b10-b824-06901d842596"
						},
						"customUnitName": "",
						"customHeraldryDefId": "",
						"unitType": "Vehicle",
						"unitDefId": "vehicledef_SCHREK",
						"unitTagSet": {
							"items": [],
							"tagSetSourceFile": ""
						},
						"unitExcludedTagSet": {
							"items": [],
							"tagSetSourceFile": "Tags/UnitTags"
						},
						"spawnEffectTags": {
							"items": [],
							"tagSetSourceFile": "Tags/SpawnEffectTags"
						},
						"pilotDefId": "pilot_d10_sharpshooter",
						"pilotTagSet": {
							"items": [],
							"tagSetSourceFile": ""
						},
						"pilotExcludedTagSet": {
							"items": [],
							"tagSetSourceFile": "Tags/PilotTags"
						},
						"selectedUnitType": "UNDEFINED",
						"selectedUnitDefId": "",
						"selectedPilotDefId": ""
					}
				]
			}
		]
	},
	"targetTeam": {
		"encounterLayerData": {
			"EncounterObjectGuid": "702670dc-8be5-4cfd-9512-b0a454a0d7f5"
		},
		"teamGuid": "be77cadd-e245-4240-a93e-b99cc98902a5",
		"teamName": "Target",
		"faction": "AuriganDirectorate",
		"teamLeaderCastDefId": "castDef_TeamLeader_Current",
		"lanceOverrideList": [
			{
				"lanceSpawner": {
					"EncounterObjectGuid": "fa7bc85e-03c6-4229-8901-588e11723118"
				},
				"name": "DestroyLanceSpawner",
				"lanceDefId": "Tagged",
				"lanceTagSet": {
					"items": [
						"lance_type_battle"
					],
					"tagSetSourceFile": ""
				},
				"lanceExcludedTagSet": {
					"items": [],
					"tagSetSourceFile": "Tags/LanceTags"
				},
				"spawnEffectTags": {
					"items": [],
					"tagSetSourceFile": "Tags/SpawnEffectTags"
				},
				"lanceDifficultyAdjustment": 0,
				"selectedLanceDefId": "",
				"selectedLanceDifficulty": 0,
				"unitSpawnPointOverrideList": [
					{
						"unitSpawnPoint": {
							"EncounterObjectGuid": "dea06fa1-965d-4da5-91b1-df5c675b9ddb"
						},
						"customUnitName": "",
						"customHeraldryDefId": "",
						"unitType": "Mech",
						"unitDefId": "UseLance",
						"unitTagSet": {
							"items": [
								"role-brawler",
								"mech",
								"KSBeta",
								"heavy"
							],
							"tagSetSourceFile": ""
						},
						"unitExcludedTagSet": {
							"items": [],
							"tagSetSourceFile": "Tags/UnitTags"
						},
						"spawnEffectTags": {
							"items": [],
							"tagSetSourceFile": "Tags/SpawnEffectTags"
						},
						"pilotDefId": "pilot_d7_defender",
						"pilotTagSet": {
							"items": [],
							"tagSetSourceFile": ""
						},
						"pilotExcludedTagSet": {
							"items": [],
							"tagSetSourceFile": "Tags/PilotTags"
						},
						"selectedUnitType": "UNDEFINED",
						"selectedUnitDefId": "",
						"selectedPilotDefId": ""
					},
					{
						"unitSpawnPoint": {
							"EncounterObjectGuid": "703a96ee-1790-4533-abf6-f9c5bebe8f6e"
						},
						"customUnitName": "",
						"customHeraldryDefId": "",
						"unitType": "Mech",
						"unitDefId": "UseLance",
						"unitTagSet": {
							"items": [
								"role-sniper",
								"ready",
								"medium",
								"mech",
								"KSBeta"
							],
							"tagSetSourceFile": ""
						},
						"unitExcludedTagSet": {
							"items": [],
							"tagSetSourceFile": "Tags/UnitTags"
						},
						"spawnEffectTags": {
							"items": [],
							"tagSetSourceFile": "Tags/SpawnEffectTags"
						},
						"pilotDefId": "pilot_d7_sentinel",
						"pilotTagSet": {
							"items": [],
							"tagSetSourceFile": ""
						},
						"pilotExcludedTagSet": {
							"items": [],
							"tagSetSourceFile": "Tags/PilotTags"
						},
						"selectedUnitType": "UNDEFINED",
						"selectedUnitDefId": "",
						"selectedPilotDefId": ""
					},
					{
						"unitSpawnPoint": {
							"EncounterObjectGuid": "b12f3982-7524-4789-884f-7ab6c1211734"
						},
						"customUnitName": "",
						"customHeraldryDefId": "",
						"unitType": "Mech",
						"unitDefId": "UseLance",
						"unitTagSet": {
							"items": [
								"role-sniper",
								"ready",
								"light",
								"mech",
								"KSBeta"
							],
							"tagSetSourceFile": ""
						},
						"unitExcludedTagSet": {
							"items": [],
							"tagSetSourceFile": "Tags/UnitTags"
						},
						"spawnEffectTags": {
							"items": [],
							"tagSetSourceFile": "Tags/SpawnEffectTags"
						},
						"pilotDefId": "pilot_d7_scout",
						"pilotTagSet": {
							"items": [],
							"tagSetSourceFile": ""
						},
						"pilotExcludedTagSet": {
							"items": [],
							"tagSetSourceFile": "Tags/PilotTags"
						},
						"selectedUnitType": "UNDEFINED",
						"selectedUnitDefId": "",
						"selectedPilotDefId": ""
					},
					{
						"unitSpawnPoint": {
							"EncounterObjectGuid": "dc8d430c-37db-4dd8-81d9-c0b01596500e"
						},
						"customUnitName": "",
						"customHeraldryDefId": "",
						"unitType": "Mech",
						"unitDefId": "UseLance",
						"unitTagSet": {
							"items": [
								"role-sniper",
								"KSBeta",
								"heavy",
								"mech"
							],
							"tagSetSourceFile": ""
						},
						"unitExcludedTagSet": {
							"items": [],
							"tagSetSourceFile": "Tags/UnitTags"
						},
						"spawnEffectTags": {
							"items": [],
							"tagSetSourceFile": "Tags/SpawnEffectTags"
						},
						"pilotDefId": "pilot_d7_gunner",
						"pilotTagSet": {
							"items": [],
							"tagSetSourceFile": ""
						},
						"pilotExcludedTagSet": {
							"items": [],
							"tagSetSourceFile": "Tags/PilotTags"
						},
						"selectedUnitType": "UNDEFINED",
						"selectedUnitDefId": "",
						"selectedPilotDefId": ""
					}
				]
			},
			{
				"lanceSpawner": {
					"EncounterObjectGuid": "89523eb0-26ee-4b40-84aa-0eba5fd2812b"
				},
				"name": "LanceSpawner_Turrets_Alpha",
				"lanceDefId": "Manual",
				"lanceTagSet": {
					"items": [],
					"tagSetSourceFile": ""
				},
				"lanceExcludedTagSet": {
					"items": [],
					"tagSetSourceFile": "Tags/LanceTags"
				},
				"spawnEffectTags": {
					"items": [],
					"tagSetSourceFile": "Tags/SpawnEffectTags"
				},
				"lanceDifficultyAdjustment": 0,
				"selectedLanceDefId": "",
				"selectedLanceDifficulty": 0,
				"unitSpawnPointOverrideList": [
					{
						"unitSpawnPoint": {
							"EncounterObjectGuid": "7006508b-0ca8-413c-b5d9-402288b0de46"
						},
						"customUnitName": "",
						"customHeraldryDefId": "",
						"unitType": "Turret",
						"unitDefId": "turretdef_Standard_LRM",
						"unitTagSet": {
							"items": [],
							"tagSetSourceFile": ""
						},
						"unitExcludedTagSet": {
							"items": [],
							"tagSetSourceFile": "Tags/UnitTags"
						},
						"spawnEffectTags": {
							"items": [],
							"tagSetSourceFile": "Tags/SpawnEffectTags"
						},
						"pilotDefId": "pilot_d7_turret",
						"pilotTagSet": {
							"items": [],
							"tagSetSourceFile": "Tags/PilotTags"
						},
						"pilotExcludedTagSet": {
							"items": [],
							"tagSetSourceFile": "Tags/PilotTags"
						},
						"selectedUnitType": "UNDEFINED",
						"selectedUnitDefId": "",
						"selectedPilotDefId": ""
					},
					{
						"unitSpawnPoint": {
							"EncounterObjectGuid": "703828f9-7ef8-4a65-92a0-28a77b55102a"
						},
						"customUnitName": "",
						"customHeraldryDefId": "",
						"unitType": "Turret",
						"unitDefId": "turretdef_Standard_LRM",
						"unitTagSet": {
							"items": [],
							"tagSetSourceFile": ""
						},
						"unitExcludedTagSet": {
							"items": [],
							"tagSetSourceFile": "Tags/UnitTags"
						},
						"spawnEffectTags": {
							"items": [],
							"tagSetSourceFile": "Tags/SpawnEffectTags"
						},
						"pilotDefId": "pilot_d7_turret",
						"pilotTagSet": {
							"items": [],
							"tagSetSourceFile": "Tags/PilotTags"
						},
						"pilotExcludedTagSet": {
							"items": [],
							"tagSetSourceFile": "Tags/PilotTags"
						},
						"selectedUnitType": "UNDEFINED",
						"selectedUnitDefId": "",
						"selectedPilotDefId": ""
					},
					{
						"unitSpawnPoint": {
							"EncounterObjectGuid": "92590f88-1c90-4f7d-9016-46a1fe9958e0"
						},
						"customUnitName": "",
						"customHeraldryDefId": "",
						"unitType": "Turret",
						"unitDefId": "turretdef_Heavy_Shredder",
						"unitTagSet": {
							"items": [],
							"tagSetSourceFile": ""
						},
						"unitExcludedTagSet": {
							"items": [],
							"tagSetSourceFile": "Tags/UnitTags"
						},
						"spawnEffectTags": {
							"items": [],
							"tagSetSourceFile": "Tags/SpawnEffectTags"
						},
						"pilotDefId": "pilot_d7_turret",
						"pilotTagSet": {
							"items": [],
							"tagSetSourceFile": ""
						},
						"pilotExcludedTagSet": {
							"items": [],
							"tagSetSourceFile": "Tags/PilotTags"
						},
						"selectedUnitType": "UNDEFINED",
						"selectedUnitDefId": "",
						"selectedPilotDefId": ""
					},
					{
						"unitSpawnPoint": {
							"EncounterObjectGuid": "182743dd-4aa8-4823-be22-8820aacf3b0e"
						},
						"customUnitName": "",
						"customHeraldryDefId": "",
						"unitType": "Turret",
						"unitDefId": "turretdef_Heavy_Laser",
						"unitTagSet": {
							"items": [],
							"tagSetSourceFile": ""
						},
						"unitExcludedTagSet": {
							"items": [],
							"tagSetSourceFile": "Tags/UnitTags"
						},
						"spawnEffectTags": {
							"items": [],
							"tagSetSourceFile": "Tags/SpawnEffectTags"
						},
						"pilotDefId": "pilot_d7_turret",
						"pilotTagSet": {
							"items": [],
							"tagSetSourceFile": ""
						},
						"pilotExcludedTagSet": {
							"items": [],
							"tagSetSourceFile": "Tags/PilotTags"
						},
						"selectedUnitType": "UNDEFINED",
						"selectedUnitDefId": "",
						"selectedPilotDefId": ""
					}
				]
			},
			{
				"lanceSpawner": {
					"EncounterObjectGuid": "42c2afa1-a302-4d80-a013-0eb184ffb11a"
				},
				"name": "LanceSpawner_Turrets_Bravo",
				"lanceDefId": "Manual",
				"lanceTagSet": {
					"items": [],
					"tagSetSourceFile": "Tags/LanceTags"
				},
				"lanceExcludedTagSet": {
					"items": [],
					"tagSetSourceFile": "Tags/LanceTags"
				},
				"spawnEffectTags": {
					"items": [],
					"tagSetSourceFile": "Tags/SpawnEffectTags"
				},
				"lanceDifficultyAdjustment": 0,
				"selectedLanceDefId": "",
				"selectedLanceDifficulty": 0,
				"unitSpawnPointOverrideList": [
					{
						"unitSpawnPoint": {
							"EncounterObjectGuid": "6f67a3ee-ae0b-4bcd-800c-4ac0ae14ea42"
						},
						"customUnitName": "",
						"customHeraldryDefId": "",
						"unitType": "Turret",
						"unitDefId": "turretdef_Heavy_Sniper",
						"unitTagSet": {
							"items": [],
							"tagSetSourceFile": ""
						},
						"unitExcludedTagSet": {
							"items": [],
							"tagSetSourceFile": "Tags/UnitTags"
						},
						"spawnEffectTags": {
							"items": [],
							"tagSetSourceFile": "Tags/SpawnEffectTags"
						},
						"pilotDefId": "pilot_d7_turret",
						"pilotTagSet": {
							"items": [],
							"tagSetSourceFile": ""
						},
						"pilotExcludedTagSet": {
							"items": [],
							"tagSetSourceFile": "Tags/PilotTags"
						},
						"selectedUnitType": "UNDEFINED",
						"selectedUnitDefId": "",
						"selectedPilotDefId": ""
					},
					{
						"unitSpawnPoint": {
							"EncounterObjectGuid": "b0ea3d73-ab96-40c8-88b0-7ada46054381"
						},
						"customUnitName": "",
						"customHeraldryDefId": "",
						"unitType": "Turret",
						"unitDefId": "turretdef_Heavy_Sniper",
						"unitTagSet": {
							"items": [],
							"tagSetSourceFile": ""
						},
						"unitExcludedTagSet": {
							"items": [],
							"tagSetSourceFile": "Tags/UnitTags"
						},
						"spawnEffectTags": {
							"items": [],
							"tagSetSourceFile": "Tags/SpawnEffectTags"
						},
						"pilotDefId": "pilot_d7_turret",
						"pilotTagSet": {
							"items": [],
							"tagSetSourceFile": ""
						},
						"pilotExcludedTagSet": {
							"items": [],
							"tagSetSourceFile": "Tags/PilotTags"
						},
						"selectedUnitType": "UNDEFINED",
						"selectedUnitDefId": "",
						"selectedPilotDefId": ""
					},
					{
						"unitSpawnPoint": {
							"EncounterObjectGuid": "9cdd1ff4-3192-4850-abf7-a714cdc61667"
						},
						"customUnitName": "",
						"customHeraldryDefId": "",
						"unitType": "Turret",
						"unitDefId": "turretdef_Heavy_Sniper",
						"unitTagSet": {
							"items": [],
							"tagSetSourceFile": ""
						},
						"unitExcludedTagSet": {
							"items": [],
							"tagSetSourceFile": "Tags/UnitTags"
						},
						"spawnEffectTags": {
							"items": [],
							"tagSetSourceFile": "Tags/SpawnEffectTags"
						},
						"pilotDefId": "pilot_d7_turret",
						"pilotTagSet": {
							"items": [],
							"tagSetSourceFile": "Tags/PilotTags"
						},
						"pilotExcludedTagSet": {
							"items": [],
							"tagSetSourceFile": "Tags/PilotTags"
						},
						"selectedUnitType": "UNDEFINED",
						"selectedUnitDefId": "",
						"selectedPilotDefId": ""
					},
					{
						"unitSpawnPoint": {
							"EncounterObjectGuid": "ae3671ab-f39a-49be-b4fc-73d23ef859d5"
						},
						"customUnitName": "",
						"customHeraldryDefId": "",
						"unitType": "Turret",
						"unitDefId": "turretdef_Heavy_Shredder",
						"unitTagSet": {
							"items": [],
							"tagSetSourceFile": ""
						},
						"unitExcludedTagSet": {
							"items": [],
							"tagSetSourceFile": "Tags/UnitTags"
						},
						"spawnEffectTags": {
							"items": [],
							"tagSetSourceFile": "Tags/SpawnEffectTags"
						},
						"pilotDefId": "pilot_d7_turret",
						"pilotTagSet": {
							"items": [],
							"tagSetSourceFile": "Tags/PilotTags"
						},
						"pilotExcludedTagSet": {
							"items": [],
							"tagSetSourceFile": "Tags/PilotTags"
						},
						"selectedUnitType": "UNDEFINED",
						"selectedUnitDefId": "",
						"selectedPilotDefId": ""
					}
				]
			},
			{
				"lanceSpawner": {
					"EncounterObjectGuid": "977c0cdb-446f-4d35-8116-9cee79eaba36"
				},
				"name": "TaurianAssaults",
				"lanceDefId": "Tagged",
				"lanceTagSet": {
					"items": [
						"lance_type_battle"
					],
					"tagSetSourceFile": ""
				},
				"lanceExcludedTagSet": {
					"items": [],
					"tagSetSourceFile": "Tags/LanceTags"
				},
				"spawnEffectTags": {
					"items": [],
					"tagSetSourceFile": "Tags/SpawnEffectTags"
				},
				"lanceDifficultyAdjustment": 0,
				"selectedLanceDefId": "",
				"selectedLanceDifficulty": 0,
				"unitSpawnPointOverrideList": [
					{
						"unitSpawnPoint": {
							"EncounterObjectGuid": "b7f28958-b122-4515-b7b1-ded84931303d"
						},
						"customUnitName": "",
						"customHeraldryDefId": "",
						"unitType": "Mech",
						"unitDefId": "UseLance",
						"unitTagSet": {
							"items": [
								"unit_assault",
								"unit_mech"
							],
							"tagSetSourceFile": ""
						},
						"unitExcludedTagSet": {
							"items": [],
							"tagSetSourceFile": "Tags/UnitTags"
						},
						"spawnEffectTags": {
							"items": [],
							"tagSetSourceFile": "Tags/SpawnEffectTags"
						},
						"pilotDefId": "pilot_d7_gladiator",
						"pilotTagSet": {
							"items": [],
							"tagSetSourceFile": ""
						},
						"pilotExcludedTagSet": {
							"items": [],
							"tagSetSourceFile": "Tags/PilotTags"
						},
						"selectedUnitType": "UNDEFINED",
						"selectedUnitDefId": "",
						"selectedPilotDefId": ""
					},
					{
						"unitSpawnPoint": {
							"EncounterObjectGuid": "8708aad2-b3cc-4372-90e4-9f4623e13cff"
						},
						"customUnitName": "",
						"customHeraldryDefId": "",
						"unitType": "Mech",
						"unitDefId": "UseLance",
						"unitTagSet": {
							"items": [
								"unit_assault",
								"unit_mech"
							],
							"tagSetSourceFile": ""
						},
						"unitExcludedTagSet": {
							"items": [],
							"tagSetSourceFile": "Tags/UnitTags"
						},
						"spawnEffectTags": {
							"items": [],
							"tagSetSourceFile": "Tags/SpawnEffectTags"
						},
						"pilotDefId": "pilot_d7_brawler",
						"pilotTagSet": {
							"items": [],
							"tagSetSourceFile": ""
						},
						"pilotExcludedTagSet": {
							"items": [],
							"tagSetSourceFile": "Tags/PilotTags"
						},
						"selectedUnitType": "UNDEFINED",
						"selectedUnitDefId": "",
						"selectedPilotDefId": ""
					},
					{
						"unitSpawnPoint": {
							"EncounterObjectGuid": "811b8994-93b3-4d73-9e69-79cade10a120"
						},
						"customUnitName": "",
						"customHeraldryDefId": "",
						"unitType": "Mech",
						"unitDefId": "UseLance",
						"unitTagSet": {
							"items": [
								"unit_assault",
								"unit_mech"
							],
							"tagSetSourceFile": ""
						},
						"unitExcludedTagSet": {
							"items": [],
							"tagSetSourceFile": "Tags/UnitTags"
						},
						"spawnEffectTags": {
							"items": [],
							"tagSetSourceFile": "Tags/SpawnEffectTags"
						},
						"pilotDefId": "pilot_d7_gunner",
						"pilotTagSet": {
							"items": [],
							"tagSetSourceFile": ""
						},
						"pilotExcludedTagSet": {
							"items": [],
							"tagSetSourceFile": "Tags/PilotTags"
						},
						"selectedUnitType": "UNDEFINED",
						"selectedUnitDefId": "",
						"selectedPilotDefId": ""
					},
					{
						"unitSpawnPoint": {
							"EncounterObjectGuid": "0b985ec1-ec0c-42bf-a511-350c38de275b"
						},
						"customUnitName": "",
						"customHeraldryDefId": "",
						"unitType": "Mech",
						"unitDefId": "UseLance",
						"unitTagSet": {
							"items": [],
							"tagSetSourceFile": ""
						},
						"unitExcludedTagSet": {
							"items": [],
							"tagSetSourceFile": "Tags/UnitTags"
						},
						"spawnEffectTags": {
							"items": [],
							"tagSetSourceFile": "Tags/SpawnEffectTags"
						},
						"pilotDefId": "pilot_d6_tactician",
						"pilotTagSet": {
							"items": [],
							"tagSetSourceFile": ""
						},
						"pilotExcludedTagSet": {
							"items": [],
							"tagSetSourceFile": "Tags/PilotTags"
						},
						"selectedUnitType": "UNDEFINED",
						"selectedUnitDefId": "",
						"selectedPilotDefId": ""
					}
				]
			},
			{
				"lanceSpawner": {
					"EncounterObjectGuid": "c6d3c448-f946-4500-85de-445708d8f6f2"
				},
				"name": "DirectorateReinforcements",
				"lanceDefId": "lancedef_mech_d8_dynamic_HeavyBattle",
				"lanceTagSet": {
					"items": [],
					"tagSetSourceFile": ""
				},
				"lanceExcludedTagSet": {
					"items": [],
					"tagSetSourceFile": "Tags/LanceTags"
				},
				"spawnEffectTags": {
					"items": [],
					"tagSetSourceFile": "Tags/SpawnEffectTags"
				},
				"lanceDifficultyAdjustment": 0,
				"selectedLanceDefId": "",
				"selectedLanceDifficulty": 0,
				"unitSpawnPointOverrideList": [
					{
						"unitSpawnPoint": {
							"EncounterObjectGuid": "a3397347-6f35-466a-acb9-670ea9587fc8"
						},
						"customUnitName": "",
						"customHeraldryDefId": "",
						"unitType": "Mech",
						"unitDefId": "mechDef_InheritLance",
						"unitTagSet": {
							"items": [
								"unit_medium",
								"unit_mech",
								"unit_jumpOK",
								"unit_indirectFire"
							],
							"tagSetSourceFile": "Tags/UnitTags"
						},
						"unitExcludedTagSet": {
							"items": [],
							"tagSetSourceFile": "Tags/UnitTags"
						},
						"spawnEffectTags": {
							"items": [],
							"tagSetSourceFile": "Tags/SpawnEffectTags"
						},
						"pilotDefId": "pilotDef_InheritLance",
						"pilotTagSet": {
							"items": [],
							"tagSetSourceFile": ""
						},
						"pilotExcludedTagSet": {
							"items": [],
							"tagSetSourceFile": "Tags/PilotTags"
						},
						"selectedUnitType": "UNDEFINED",
						"selectedUnitDefId": "",
						"selectedPilotDefId": ""
					},
					{
						"unitSpawnPoint": {
							"EncounterObjectGuid": "1cb551df-6aab-4742-9555-d66a8e00d6fa"
						},
						"customUnitName": "",
						"customHeraldryDefId": "",
						"unitType": "Mech",
						"unitDefId": "mechDef_InheritLance",
						"unitTagSet": {
							"items": [
								"unit_medium",
								"unit_mech",
								"unit_jumpOK"
							],
							"tagSetSourceFile": "Tags/UnitTags"
						},
						"unitExcludedTagSet": {
							"items": [],
							"tagSetSourceFile": "Tags/UnitTags"
						},
						"spawnEffectTags": {
							"items": [],
							"tagSetSourceFile": "Tags/SpawnEffectTags"
						},
						"pilotDefId": "pilotDef_InheritLance",
						"pilotTagSet": {
							"items": [],
							"tagSetSourceFile": ""
						},
						"pilotExcludedTagSet": {
							"items": [],
							"tagSetSourceFile": "Tags/PilotTags"
						},
						"selectedUnitType": "UNDEFINED",
						"selectedUnitDefId": "",
						"selectedPilotDefId": ""
					},
					{
						"unitSpawnPoint": {
							"EncounterObjectGuid": "a1733dd1-2a0b-4385-ad2e-f4e4ede1a2ff"
						},
						"customUnitName": "",
						"customHeraldryDefId": "",
						"unitType": "Mech",
						"unitDefId": "mechDef_InheritLance",
						"unitTagSet": {
							"items": [
								"unit_mech"
							],
							"tagSetSourceFile": "Tags/UnitTags"
						},
						"unitExcludedTagSet": {
							"items": [],
							"tagSetSourceFile": "Tags/UnitTags"
						},
						"spawnEffectTags": {
							"items": [],
							"tagSetSourceFile": "Tags/SpawnEffectTags"
						},
						"pilotDefId": "pilotDef_InheritLance",
						"pilotTagSet": {
							"items": [],
							"tagSetSourceFile": ""
						},
						"pilotExcludedTagSet": {
							"items": [],
							"tagSetSourceFile": "Tags/PilotTags"
						},
						"selectedUnitType": "UNDEFINED",
						"selectedUnitDefId": "",
						"selectedPilotDefId": ""
					},
					{
						"unitSpawnPoint": {
							"EncounterObjectGuid": "34a9334a-2c05-4132-be99-407555bda5ee"
						},
						"customUnitName": "",
						"customHeraldryDefId": "",
						"unitType": "Mech",
						"unitDefId": "mechDef_InheritLance",
						"unitTagSet": {
							"items": [
								"unit_mech",
								"unit_jumpOK",
								"unit_heavy"
							],
							"tagSetSourceFile": "Tags/UnitTags"
						},
						"unitExcludedTagSet": {
							"items": [],
							"tagSetSourceFile": "Tags/UnitTags"
						},
						"spawnEffectTags": {
							"items": [],
							"tagSetSourceFile": "Tags/SpawnEffectTags"
						},
						"pilotDefId": "pilotDef_InheritLance",
						"pilotTagSet": {
							"items": [],
							"tagSetSourceFile": ""
						},
						"pilotExcludedTagSet": {
							"items": [],
							"tagSetSourceFile": "Tags/PilotTags"
						},
						"selectedUnitType": "UNDEFINED",
						"selectedUnitDefId": "",
						"selectedPilotDefId": ""
					}
				]
			}
		]
	},
	"targetsAllyTeam": {
		"encounterLayerData": {
			"EncounterObjectGuid": "702670dc-8be5-4cfd-9512-b0a454a0d7f5"
		},
		"teamGuid": "31151ed6-cfc2-467e-98c4-9ae5bea784cf",
		"teamName": "Target's Ally",
		"faction": "INVALID_UNSET",
		"teamLeaderCastDefId": "castDef_TeamLeader_Current",
		"lanceOverrideList": []
	},
	"neutralToAllTeam": {
		"encounterLayerData": {
			"EncounterObjectGuid": "702670dc-8be5-4cfd-9512-b0a454a0d7f5"
		},
		"teamGuid": "61612bb3-abf9-4586-952a-0559fa9dcd75",
		"teamName": "Neutral to All",
		"faction": "INVALID_UNSET",
		"teamLeaderCastDefId": "castDef_TeamLeader_Current",
		"lanceOverrideList": [
			{
				"lanceSpawner": {
					"EncounterObjectGuid": "8945481a-74d6-4059-800b-08f0528913d1"
				},
				"name": "LanceSpawner_TurretsNeutral",
				"lanceDefId": "Manual",
				"lanceTagSet": {
					"items": [],
					"tagSetSourceFile": ""
				},
				"lanceExcludedTagSet": {
					"items": [],
					"tagSetSourceFile": "Tags/LanceTags"
				},
				"spawnEffectTags": {
					"items": [],
					"tagSetSourceFile": "Tags/SpawnEffectTags"
				},
				"lanceDifficultyAdjustment": 0,
				"selectedLanceDefId": "",
				"selectedLanceDifficulty": 0,
				"unitSpawnPointOverrideList": []
			}
		]
	},
	"hostileToAllTeam": {
		"encounterLayerData": {
			"EncounterObjectGuid": "702670dc-8be5-4cfd-9512-b0a454a0d7f5"
		},
		"teamGuid": "3c9f3a20-ab03-4bcb-8ab6-b1ef0442bbf0",
		"teamName": "Hostile to All",
		"faction": "INVALID_UNSET",
		"teamLeaderCastDefId": "castDef_TeamLeader_Current",
		"lanceOverrideList": []
	}
}
