{
    "ID": "Sword_7_GunboatDiplomacy",
    "contractName": "Extraction",
    "contractDisplayStyle": "HeavyMetalFlashpointCampaign",
    "difficulty": 6,
    "difficultyUIModifier": 1,
    "weight": 1,
    "scope": "STANDARD",
    "finalDifficulty": 0,
    "shortDescription": "The Directorate has captured Lord Madeira, and we're going to get him back. We have his transponder coordinates, and we know that he's on the move. We're going to make planetfall, rescue Alexander, and recover the evidence he risked his life to bring us. And we will bring ruin to anyone who stands in our way.",
    "longDescription": "Lady Arano's said it all, {COMMANDER.FirstName}. We don't leave our people behind, and Lord Madeira's an important asset to the Restoration. He's on our crew. Let's go get him.",
    "salvagePotential": 24,
    "requirementList": [],
    "OnContractSuccessResults": [],
    "OnContractFailureResults": [],
    "contractType": "Story_7_GunboatDiplomacy",
    "encounterPlayStyle": "SinglePlayer",
    "maxNumberOfPlayerUnits": 4,
    "lanceMinTonnage": -1,
    "lanceMaxTonnage": -1,
    "mechMinTonnages": [
        -1,
        -1,
        -1,
        -1
    ],
    "mechMaxTonnages": [
        -1,
        -1,
        -1,
        -1
    ],
    "mapMood": "Mission7",
    "startingFogOfWarVisibility": "Surveyed",
    "contractObjectiveList": [
        {
            "contractObjective": {
                "EncounterObjectGuid": "731a4fbc-4beb-4e04-8ab1-d41cd981ac9e"
            },
            "title": "Attempt to Rescue Lord Alexander Madeira",
            "description": "",
            "isPrimary": true,
            "overrideIsRequiredForMission": null,
            "forPlayer": "Player1",
            "objectiveGuids": [
                "9328888c-b9c3-4a39-b5b7-2cd4aaa08032",
                "f6199573-0fcc-4065-b38a-76c9fa182ca8",
                "3a4192be-2a53-4383-94ac-19c08883ea5f",
                "c02cca7e-6e2c-4a3d-beb0-f9af713a466f",
                "c6e18b66-a6bf-4dc4-89ea-52f936bb8130",
                "35aa7722-3820-4c17-9c51-ecfb90c07c80",
                "b5d27beb-7b53-4e0a-b250-2786ec4cb9a5",
                "11b667b5-a09d-4cf1-bd13-1ae12579b567",
                "3a4192be-2a53-4383-94ac-19c08883ea5f",
                "123a0806-d3cf-420c-84a5-b386a9847f15"
            ]
        },
        {
            "contractObjective": {
                "EncounterObjectGuid": "6bda90b1-8336-419c-9427-8000156d35ac"
            },
            "title": "Lady Kamea Arano must survive",
            "description": "",
            "isPrimary": true,
            "overrideIsRequiredForMission": null,
            "forPlayer": "Player1",
            "objectiveGuids": []
        }
    ],
    "objectiveList": [
        {
            "objective": {
                "EncounterObjectGuid": "f6199573-0fcc-4065-b38a-76c9fa182ca8"
            },
            "title": "Secure the Area to Rescue Alexander",
            "description": "",
            "isPrimary": true,
            "overrideIsRequiredForContractObjective": null,
            "OnSuccessResults": [],
            "OnFailureResults": []
        },
        {
            "objective": {
                "EncounterObjectGuid": "9328888c-b9c3-4a39-b5b7-2cd4aaa08032"
            },
            "title": "Ensure Kamea Survives",
            "description": "",
            "isPrimary": true,
            "overrideIsRequiredForContractObjective": null,
            "OnSuccessResults": [],
            "OnFailureResults": []
        },
        {
            "objective": {
                "EncounterObjectGuid": "2a00e303-67d1-4c6c-82d6-321e5c1eef25"
            },
            "title": "HasEnteredFocusRegionHiddenFlag",
            "description": "",
            "isPrimary": false,
            "overrideIsRequiredForContractObjective": null,
            "OnSuccessResults": [],
            "OnFailureResults": []
        },
        {
            "objective": {
                "EncounterObjectGuid": "3a4192be-2a53-4383-94ac-19c08883ea5f"
            },
            "title": "Rescue Alexander",
            "description": "",
            "isPrimary": true,
            "overrideIsRequiredForContractObjective": null,
            "OnSuccessResults": [],
            "OnFailureResults": []
        },
        {
            "objective": {
                "EncounterObjectGuid": "c02cca7e-6e2c-4a3d-beb0-f9af713a466f"
            },
            "title": "Destroy the Ambushers",
            "description": "",
            "isPrimary": true,
            "overrideIsRequiredForContractObjective": null,
            "OnSuccessResults": [],
            "OnFailureResults": []
        },
        {
            "objective": {
                "EncounterObjectGuid": "11b667b5-a09d-4cf1-bd13-1ae12579b567"
            },
            "title": "Destroy Reinforcements",
            "description": "",
            "isPrimary": true,
            "overrideIsRequiredForContractObjective": null,
            "OnSuccessResults": [],
            "OnFailureResults": []
        },
        {
            "objective": {
                "EncounterObjectGuid": "48ae9fad-cdcb-419e-9387-ad1aaf24ce9d"
            },
            "title": "Hidden Wave Timer",
            "description": "",
            "isPrimary": false,
            "overrideIsRequiredForContractObjective": null,
            "OnSuccessResults": [],
            "OnFailureResults": []
        },
        {
            "objective": {
                "EncounterObjectGuid": "682eb02e-8f21-460f-b8d2-5b1c44cecd04"
            },
            "title": "Objective_Wave1Flag",
            "description": "",
            "isPrimary": false,
            "overrideIsRequiredForContractObjective": null,
            "OnSuccessResults": [],
            "OnFailureResults": []
        },
        {
            "objective": {
                "EncounterObjectGuid": "c6e18b66-a6bf-4dc4-89ea-52f936bb8130"
            },
            "title": "Download the Data",
            "description": "",
            "isPrimary": true,
            "overrideIsRequiredForContractObjective": null,
            "OnSuccessResults": [],
            "OnFailureResults": []
        },
        {
            "objective": {
                "EncounterObjectGuid": "35aa7722-3820-4c17-9c51-ecfb90c07c80"
            },
            "title": "Complete the Data Download in Time",
            "description": "",
            "isPrimary": true,
            "overrideIsRequiredForContractObjective": null,
            "OnSuccessResults": [],
            "OnFailureResults": []
        },
        {
            "objective": {
                "EncounterObjectGuid": "b5d27beb-7b53-4e0a-b250-2786ec4cb9a5"
            },
            "title": "Destroy Reinforcements",
            "description": "",
            "isPrimary": false,
            "overrideIsRequiredForContractObjective": null,
            "OnSuccessResults": [],
            "OnFailureResults": []
        },
        {
            "objective": {
                "EncounterObjectGuid": "2ab36385-c73a-42c7-ac1a-4a38d4343be0"
            },
            "title": "Objective_Wave2Flag",
            "description": "",
            "isPrimary": false,
            "overrideIsRequiredForContractObjective": null,
            "OnSuccessResults": [],
            "OnFailureResults": []
        },
        {
            "objective": {
                "EncounterObjectGuid": "123a0806-d3cf-420c-84a5-b386a9847f15"
            },
            "title": "Get to the evac zone",
            "description": "",
            "isPrimary": true,
            "overrideIsRequiredForContractObjective": null,
            "OnSuccessResults": [],
            "OnFailureResults": []
        }
    ],
    "artilleryObjectiveList": [],
    "buildingList": [],
    "chunkList": [],
    "cameraFocusHelperList": [
        {
            "name": "PlayerLanceSpawner",
            "encounterObject": {
                "EncounterObjectGuid": "76b654a6-4f2c-4a6f-86e6-d4cf868335fe"
            }
        },
        {
            "name": "1stBaseMechs",
            "encounterObject": {
                "EncounterObjectGuid": "78d828f6-847f-4710-ab3f-e45f4b066464"
            }
        },
        {
            "name": "1stBaseTurrets",
            "encounterObject": {
                "EncounterObjectGuid": "ee80a2b3-1c0d-4f2e-8ffb-f649d2ee68a5"
            }
        },
        {
            "name": "DestroyLanceSpawner_1stAmbush",
            "encounterObject": {
                "EncounterObjectGuid": "fddf5e8b-07c6-492b-861e-2d9c2bde80ee"
            }
        },
        {
            "name": "LanceSpawner",
            "encounterObject": {
                "EncounterObjectGuid": "8cf55dc4-4d27-4a99-ade3-e595122c2058"
            }
        },
        {
            "name": "LanceSpawner",
            "encounterObject": {
                "EncounterObjectGuid": "32a1ff52-ae80-4aa5-9724-db4d14a20650"
            }
        },
        {
            "name": "LanceSpawner (1)",
            "encounterObject": {
                "EncounterObjectGuid": "4fe461ca-58e9-4d7c-90dd-3e23aa038aeb"
            }
        },
        {
            "name": "Region_Occupy_1stBase",
            "encounterObject": {
                "EncounterObjectGuid": "a85da736-7a2e-4cc6-aff3-feb9d73fc7e1"
            }
        },
        {
            "name": "Download Region",
            "encounterObject": {
                "EncounterObjectGuid": "ac26bc2c-b995-466f-afaa-5fdd3a456892"
            }
        },
        {
            "name": "AI Priority Region",
            "encounterObject": {
                "EncounterObjectGuid": "7527b14b-ba06-4ac3-8a8b-fd34d374e3fd"
            }
        },
        {
            "name": "Region_Escape",
            "encounterObject": {
                "EncounterObjectGuid": "be4644cb-8385-4afe-9f56-93bc0d58d4eb"
            }
        },
        {
            "name": "WorldPoint_FocusDepot",
            "encounterObject": {
                "EncounterObjectGuid": "832034e3-0bcb-4176-b289-103aff88646d"
            }
        },
        {
            "name": "WorldPoint_Convoy",
            "encounterObject": {
                "EncounterObjectGuid": "50429d35-9c87-4922-bf8d-2e827548b43a"
            }
        },
        {
            "name": "WorldPoint_FocusAmbush",
            "encounterObject": {
                "EncounterObjectGuid": "9fcd60fb-95f5-4997-b9fc-8397becbb6dd"
            }
        }
    ],
    "dialogueList": [
        {
            "dialogue": {
                "EncounterObjectGuid": "73df8d9c-a274-48fd-98c9-2bd0d7860e83"
            },
            "name": "MissionStartDialogue",
            "overrideDialogueBucketId": "",
            "dialogueContent": [
                {
                    "words": "How are we looking, Darius?",
                    "wordsColor": {
                        "r": 1,
                        "g": 1,
                        "b": 1,
                        "a": 1
                    },
                    "selectedCastDefId": "castDef_KameaDefault",
                    "emote": "Default",
                    "audioName": "NONE",
                    "cameraFocusGuid": "",
                    "cameraDistance": "Far",
                    "cameraHeight": "Default",
                    "revealRadius": -1
                },
                {
                    "words": "Bad news. The APC holding Lord Madeira has already reached the facilty ahead. Whatever we're going to do, we need to do it fast. Our arrival won't stay a secret for long.",
                    "wordsColor": {
                        "r": 1,
                        "g": 1,
                        "b": 1,
                        "a": 1
                    },
                    "selectedCastDefId": "castDef_DariusDefault",
                    "emote": "Default",
                    "audioName": "NONE",
                    "cameraFocusGuid": "832034e3-0bcb-4176-b289-103aff88646d",
                    "cameraDistance": "Medium",
                    "cameraHeight": "Default",
                    "revealRadius": 150
                },
              {
                "words": "I need Alexander by my side if we are going beat my Uncle and win this war. Cut him out of that facility, Commander. We will get that data after he is recovered.",
                "wordsColor": {
                  "r": 1,
                  "g": 1,
                  "b": 1,
                  "a": 1
                },
                "selectedCastDefId": "castDef_KameaDefault",
                "emote": "Default",
                "audioName": "NONE",
                "cameraFocusGuid": "832034e3-0bcb-4176-b289-103aff88646d",
                "cameraDistance": "Medium",
                "cameraHeight": "Default",
                "revealRadius": 50
              }
            ]
        },
        {
            "dialogue": {
                "EncounterObjectGuid": "4011a4c3-cba2-4d22-b2b3-3b19a3297ab9"
            },
            "name": "MissionSuccessDialogue",
            "overrideDialogueBucketId": "",
            "dialogueContent": [
                {
                    "words": "What is this, Cousin? You're <i>running?</i> Leaving Lord Madeira behind? I thought that you would do anything for each other.",
                    "wordsColor": {
                        "r": 1,
                        "g": 1,
                        "b": 1,
                        "a": 1
                    },
                    "selectedCastDefId": "castDef_VictoriaDefault",
                    "emote": "Default",
                    "audioName": "NONE",
                    "cameraFocusGuid": "",
                    "cameraDistance": "Far",
                    "cameraHeight": "Default",
                    "revealRadius": -1
                },
                {
                    "words": "I <i>will</i> take him back from you, Victoria. Personally.",
                    "wordsColor": {
                        "r": 1,
                        "g": 1,
                        "b": 1,
                        "a": 1
                    },
                    "selectedCastDefId": "castDef_KameaDefault",
                    "emote": "Default",
                    "audioName": "NONE",
                    "cameraFocusGuid": "",
                    "cameraDistance": "Far",
                    "cameraHeight": "Default",
                    "revealRadius": -1
                },
                {
                    "words": "I look forward to it, Kamea. In the interim, know that your dearest friend will languish as <i>I</i> languished in Lord Karosas's dungeons. I will make him suffer in your stead.",
                    "wordsColor": {
                        "r": 1,
                        "g": 1,
                        "b": 1,
                        "a": 1
                    },
                    "selectedCastDefId": "castDef_VictoriaDefault",
                    "emote": "Default",
                    "audioName": "NONE",
                    "cameraFocusGuid": "",
                    "cameraDistance": "Far",
                    "cameraHeight": "Default",
                    "revealRadius": -1
                },
                {
                    "words": "I know what I'm abandoning him to, Victoria-as does he. Alexander is more courageous than either of us, and if you hurt him, I will kill you myself. I swear that on my father's name.",
                    "wordsColor": {
                        "r": 1,
                        "g": 1,
                        "b": 1,
                        "a": 1
                    },
                    "selectedCastDefId": "castDef_KameaDefault",
                    "emote": "Default",
                    "audioName": "NONE",
                    "cameraFocusGuid": "",
                    "cameraDistance": "Far",
                    "cameraHeight": "Default",
                    "revealRadius": -1
                }
            ]
        },
        {
            "dialogue": {
                "EncounterObjectGuid": "d3d33d95-9ed7-4686-b9eb-954ebe51cc02"
            },
            "name": "MissionFailureDialogue",
            "overrideDialogueBucketId": "",
            "dialogueContent": []
        },
        {
            "dialogue": {
                "EncounterObjectGuid": "1c0cc7ed-7e9a-4e37-be6b-e82cf444f5d8"
            },
            "name": "MissionSuccessDialogue_AutoCompleteAlternate",
            "overrideDialogueBucketId": "",
            "dialogueContent": [
                {
                    "words": "All targets eliminated. Sit tight, and I can collect you from where you are at right now.\r",
                    "wordsColor": {
                        "r": 1,
                        "g": 1,
                        "b": 1,
                        "a": 1
                    },
                    "selectedCastDefId": "castDef_SumireDefault",
                    "emote": "Default",
                    "audioName": "NONE",
                    "cameraFocusGuid": "",
                    "cameraDistance": "Far",
                    "cameraHeight": "Default",
                    "revealRadius": -1
                },
                {
                    "words": "What is this, cousin? You're <i>running?</i> Leaving Lord Madeira behind? I thought that you would do anything for each other.",
                    "wordsColor": {
                        "r": 1,
                        "g": 1,
                        "b": 1,
                        "a": 1
                    },
                    "selectedCastDefId": "castDef_VictoriaDefault",
                    "emote": "Default",
                    "audioName": "NONE",
                    "cameraFocusGuid": "",
                    "cameraDistance": "Far",
                    "cameraHeight": "Default",
                    "revealRadius": -1
                },
                {
                    "words": "I <i>will</i> take him back from you, Victoria. Personally.",
                    "wordsColor": {
                        "r": 1,
                        "g": 1,
                        "b": 1,
                        "a": 1
                    },
                    "selectedCastDefId": "castDef_KameaDefault",
                    "emote": "Default",
                    "audioName": "NONE",
                    "cameraFocusGuid": "",
                    "cameraDistance": "Far",
                    "cameraHeight": "Default",
                    "revealRadius": -1
                },
                {
                    "words": "I look forward to it, Kamea. In the interim, know that your dearest friend will languish as <i>I</i> languished in Lord Karosas's dungeons. I will make him suffer in your stead.",
                    "wordsColor": {
                        "r": 1,
                        "g": 1,
                        "b": 1,
                        "a": 1
                    },
                    "selectedCastDefId": "castDef_VictoriaDefault",
                    "emote": "Default",
                    "audioName": "NONE",
                    "cameraFocusGuid": "",
                    "cameraDistance": "Far",
                    "cameraHeight": "Default",
                    "revealRadius": -1
                },
                {
                    "words": "I know what I'm abandoning him to, Victoria-as does he. Alexander is more courageous than either of us, and if you hurt him, I will kill you myself. I swear that on my father's name.",
                    "wordsColor": {
                        "r": 1,
                        "g": 1,
                        "b": 1,
                        "a": 1
                    },
                    "selectedCastDefId": "castDef_KameaDefault",
                    "emote": "Default",
                    "audioName": "NONE",
                    "cameraFocusGuid": "",
                    "cameraDistance": "Far",
                    "cameraHeight": "Default",
                    "revealRadius": -1
                }
            ]
        },
        {
            "dialogue": {
                "EncounterObjectGuid": "74c7f3f3-1abb-4b59-ac31-b902d0fe21f1"
            },
            "name": "Async_AmbushLaunched",
            "overrideDialogueBucketId": "",
            "dialogueContent": [
                {
                    "words": "New sensor contacts! I've got hostile units converging on your location!",
                    "wordsColor": {
                        "r": 1,
                        "g": 1,
                        "b": 1,
                        "a": 1
                    },
                    "selectedCastDefId": "castDef_DariusDefault",
                    "emote": "Default",
                    "audioName": "m070_310_darius",
                    "cameraFocusGuid": "",
                    "cameraDistance": "Far",
                    "cameraHeight": "Default",
                    "revealRadius": 100
                },
                {
                    "words": "Damn you, Victoria! Taking hostages is a coward's move. If you wanted to fight me, you should've come yourself!",
                    "wordsColor": {
                        "r": 1,
                        "g": 1,
                        "b": 1,
                        "a": 1
                    },
                    "selectedCastDefId": "castDef_KameaDefault",
                    "emote": "Default",
                    "audioName": "m070_320_kamea",
                    "cameraFocusGuid": "",
                    "cameraDistance": "Far",
                    "cameraHeight": "Default",
                    "revealRadius": -1
                },
                {
                    "words": "When I send you to hell, be sure to tell Lord Karosas that.",
                    "wordsColor": {
                        "r": 1,
                        "g": 1,
                        "b": 1,
                        "a": 1
                    },
                    "selectedCastDefId": "castDef_VictoriaDefault",
                    "emote": "Default",
                    "audioName": "m070_330_victoria",
                    "cameraFocusGuid": "",
                    "cameraDistance": "Far",
                    "cameraHeight": "Default",
                    "revealRadius": -1
                }
            ]
        },
        {
            "dialogue": {
                "EncounterObjectGuid": "660cb26d-2138-45bf-98e1-19962672bc73"
            },
            "name": "Async_AlexanderVictoria",
            "overrideDialogueBucketId": "",
            "dialogueContent": [
                {
                    "words": "Enough of these games, Kamea. Do you want to win little Alex back? Come and find me. We'll be waiting for you... won't we, Lord Madeira? ",
                    "wordsColor": {
                        "r": 1,
                        "g": 1,
                        "b": 1,
                        "a": 1
                    },
                    "selectedCastDefId": "castDef_VictoriaDefault",
                    "emote": "Default",
                    "audioName": "m070_350_victoria",
                    "cameraFocusGuid": "",
                    "cameraDistance": "Far",
                    "cameraHeight": "Default",
                    "revealRadius": -1
                },
                {
                    "words": "I'm sorry, Kamea. I evaded capture for as long as I could, but- [loud cracking sound] [muffled cry of pain]",
                    "wordsColor": {
                        "r": 1,
                        "g": 1,
                        "b": 1,
                        "a": 1
                    },
                    "selectedCastDefId": "castDef_MadeiraDefault",
                    "emote": "Default",
                    "audioName": "m070_360_alexander",
                    "cameraFocusGuid": "",
                    "cameraDistance": "Far",
                    "cameraHeight": "Default",
                    "revealRadius": -1
                },
                {
                    "words": "That sound you just heard was his jaw, Kamea... it was every bit as fragile as I'd thought it would be. Consider this a promise kept from our first reunion.",
                    "wordsColor": {
                        "r": 1,
                        "g": 1,
                        "b": 1,
                        "a": 1
                    },
                    "selectedCastDefId": "castDef_VictoriaDefault",
                    "emote": "Default",
                    "audioName": "m070_370_victoria",
                    "cameraFocusGuid": "",
                    "cameraDistance": "Far",
                    "cameraHeight": "Default",
                    "revealRadius": -1
                },
                {
                    "words": "I'm coming for you, Victoria! Do you hear me?!",
                    "wordsColor": {
                        "r": 1,
                        "g": 1,
                        "b": 1,
                        "a": 1
                    },
                    "selectedCastDefId": "castDef_KameaDefault",
                    "emote": "Default",
                    "audioName": "m070_380_kamea",
                    "cameraFocusGuid": "",
                    "cameraDistance": "Far",
                    "cameraHeight": "Default",
                    "revealRadius": -1
                },
                {
                    "words": "COMMUNICATION TERMINATED.",
                    "wordsColor": {
                        "r": 1,
                        "g": 1,
                        "b": 1,
                        "a": 1
                    },
                    "selectedCastDefId": "castDef_Computer",
                    "emote": "Default",
                    "audioName": "m070_390_com",
                    "cameraFocusGuid": "",
                    "cameraDistance": "Far",
                    "cameraHeight": "Default",
                    "revealRadius": -1
                }
            ]
        },
        {
            "dialogue": {
                "EncounterObjectGuid": "3210c73c-f9a7-48a8-a3f9-28e1ba028264"
            },
            "name": "Async_KameaHasMadeHerChoice",
            "overrideDialogueBucketId": "",
            "dialogueContent": [
                {
                    "words": "Every fiber of my being is screaming at me to not abandon Lord Madeira. To drop everything and rescue him, as I know he'd rescue me. In leaving him, I betray myself.\r",
                    "wordsColor": {
                        "r": 1,
                        "g": 1,
                        "b": 1,
                        "a": 1
                    },
                    "selectedCastDefId": "castDef_KameaDefault",
                    "emote": "Default",
                    "audioName": "m070_400_kamea",
                    "cameraFocusGuid": "",
                    "cameraDistance": "Far",
                    "cameraHeight": "Default",
                    "revealRadius": -1
                },
                {
                    "words": "It's the right call, and it's what he wanted you to do. For your people. ",
                    "wordsColor": {
                        "r": 1,
                        "g": 1,
                        "b": 1,
                        "a": 1
                    },
                    "selectedCastDefId": "castDef_DariusDefault",
                    "emote": "Default",
                    "audioName": "m070_410_darius",
                    "cameraFocusGuid": "",
                    "cameraDistance": "Far",
                    "cameraHeight": "Default",
                    "revealRadius": -1
                },
                {
                    "words": "But Alexander...",
                    "wordsColor": {
                        "r": 1,
                        "g": 1,
                        "b": 1,
                        "a": 1
                    },
                    "selectedCastDefId": "castDef_KameaDefault",
                    "emote": "Default",
                    "audioName": "m070_420_kamea",
                    "cameraFocusGuid": "",
                    "cameraDistance": "Far",
                    "cameraHeight": "Default",
                    "revealRadius": -1
                },
                {
                    "words": "He'll live. Have faith in that, and press on. It's the only thing you <i>can</i> do.",
                    "wordsColor": {
                        "r": 1,
                        "g": 1,
                        "b": 1,
                        "a": 1
                    },
                    "selectedCastDefId": "castDef_DariusDefault",
                    "emote": "Default",
                    "audioName": "m070_430_darius",
                    "cameraFocusGuid": "",
                    "cameraDistance": "Far",
                    "cameraHeight": "Default",
                    "revealRadius": -1
                }
            ]
        },
        {
            "dialogue": {
                "EncounterObjectGuid": "4371dde4-370f-4f9b-b9b4-9fb212cb25fe"
            },
            "name": "Async_VictoriaTaunt",
            "overrideDialogueBucketId": "",
            "dialogueContent": [
                {
                    "words": "Not bad, cousin... but I'm not finished with you yet.",
                    "wordsColor": {
                        "r": 1,
                        "g": 1,
                        "b": 1,
                        "a": 1
                    },
                    "selectedCastDefId": "castDef_VictoriaDefault",
                    "emote": "Default",
                    "audioName": "m070_340_victoria",
                    "cameraFocusGuid": "ee36eac1-c679-4dd1-9117-ebbe123739f9",
                    "cameraDistance": "Far",
                    "cameraHeight": "Default",
                    "revealRadius": -1
                }
            ]
        },
        {
            "dialogue": {
                "EncounterObjectGuid": "697a6a71-4b11-4880-bf5b-fb5e8912fb02"
            },
            "name": "Inter_BaseSecure",
            "overrideDialogueBucketId": "",
            "dialogueContent": [
                {
                    "words": "The defenders are elminated. Now secure that base so we can extract Alexander.",
                    "wordsColor": {
                        "r": 1,
                        "g": 1,
                        "b": 1,
                        "a": 1
                    },
                    "selectedCastDefId": "castDef_KameaDefault",
                    "emote": "Default",
                    "audioName": "NONE",
                    "cameraFocusGuid": "b6196c1a-6c64-4ae0-b486-1b8fa22c0471",
                    "cameraDistance": "Far",
                    "cameraHeight": "Default",
                    "revealRadius": -1
                }
            ]
        },
        {
            "dialogue": {
                "EncounterObjectGuid": "53ad0fdf-5750-441c-b827-073c4cb7e498"
            },
            "name": "Inter_AlexanderIsNotThere",
            "overrideDialogueBucketId": "",
            "dialogueContent": [
              {
                "words": "Well done, Commander. Farah, do you have a fix on Lord Madeira's exact location?",
                "wordsColor": {
                  "r": 1,
                  "g": 1,
                  "b": 1,
                  "a": 1
                },
                "selectedCastDefId": "castDef_DariusDefault",
                "emote": "Default",
                "audioName": "NONE",
                "cameraFocusGuid": "",
                "cameraDistance": "Far",
                "cameraHeight": "Default",
                "revealRadius": -1
              },
                {
                    "words": "Working on it, Darius. I just need a minute to - ",
                    "wordsColor": {
                        "r": 1,
                        "g": 1,
                        "b": 1,
                        "a": 1
                    },
                    "selectedCastDefId": "castDef_FarahDefault",
                    "emote": "Default",
                    "audioName": "NONE",
                    "cameraFocusGuid": "",
                    "cameraDistance": "Far",
                    "cameraHeight": "Default",
                    "revealRadius": -1
                },
                {
                    "words": "You won't find your lapdog in that facility, however long you search, Cousin. Little Alex kneels at my feet as we speak.",
                    "wordsColor": {
                        "r": 1,
                        "g": 1,
                        "b": 1,
                        "a": 1
                    },
                  "selectedCastDefId": "castDef_VictoriaDefault",
                    "emote": "Default",
                    "audioName": "NONE",
                    "cameraFocusGuid": "",
                    "cameraDistance": "Far",
                    "cameraHeight": "Default",
                    "revealRadius": -1
                },
                {
                    "words": "Get out of here, Kamea! She's using me as bait!",
                    "wordsColor": {
                        "r": 1,
                        "g": 1,
                        "b": 1,
                        "a": 1
                    },
                    "selectedCastDefId": "castDef_MadeiraDefault",
                    "emote": "Default",
                    "audioName": "NONE",
                    "cameraFocusGuid": "",
                    "cameraDistance": "Far",
                    "cameraHeight": "Default",
                    "revealRadius": -1
                },
                {
                    "words": "It's true, Kamea. Alexander was excellent bait. And now this war comes to an end.",
                    "wordsColor": {
                        "r": 1,
                        "g": 1,
                        "b": 1,
                        "a": 1
                    },
                    "selectedCastDefId": "castDef_VictoriaDefault",
                    "emote": "Default",
                    "audioName": "NONE",
                    "cameraFocusGuid": "",
                    "cameraDistance": "Far",
                    "cameraHeight": "Default",
                    "revealRadius": -1
                }
            ]
        },
        {
            "dialogue": {
                "EncounterObjectGuid": "54e1b29b-9ef1-498a-b242-4ae2cfb49c56"
            },
            "name": "Inter_FarahIsLookingForAlexandersLocation",
            "overrideDialogueBucketId": "",
            "dialogueContent": [
                {
                    "words": "The Directorate must've learned about Lord Madeira's subdermal transponder and cloned the signal. Keep fighting down there-Sumire and I are working to get a fix on his actual location.",
                    "wordsColor": {
                        "r": 1,
                        "g": 1,
                        "b": 1,
                        "a": 1
                    },
                    "selectedCastDefId": "castDef_FarahDefault",
                    "emote": "Default",
                    "audioName": "NONE",
                    "cameraFocusGuid": "",
                    "cameraDistance": "Far",
                    "cameraHeight": "Default",
                    "revealRadius": -1
                },
                {
                    "words": "Work quickly, Dr. Murad. This could be our only chance at finding him!",
                    "wordsColor": {
                        "r": 1,
                        "g": 1,
                        "b": 1,
                        "a": 1
                    },
                    "selectedCastDefId": "castDef_KameaDefault",
                    "emote": "Default",
                    "audioName": "NONE",
                    "cameraFocusGuid": "",
                    "cameraDistance": "Far",
                    "cameraHeight": "Default",
                    "revealRadius": -1
                }
            ]
        },
        {
            "dialogue": {
                "EncounterObjectGuid": "956fd9b2-173a-4b47-b444-0ad85d97a594"
            },
            "name": "Inter_KameaMakesHerChoice",
            "overrideDialogueBucketId": "",
            "dialogueContent": [
                {
                    "words": "Lady Arano, I've got a fix on Lord Madeira's transponder signal. He's being moved-it looks like they're taking him to the most heavily-reinforced Directorate stronghold on Guldra.",
                    "wordsColor": {
                        "r": 1,
                        "g": 1,
                        "b": 1,
                        "a": 1
                    },
                    "selectedCastDefId": "castDef_FarahDefault",
                    "emote": "Default",
                    "audioName": "NONE",
                    "cameraFocusGuid": "",
                    "cameraDistance": "Far",
                    "cameraHeight": "Default",
                    "revealRadius": -1
                },
                {
                    "words": "Ms. Meyer! I need you to pick us up in the Leopard. It's the only way we can reach him before it's too late.",
                    "wordsColor": {
                        "r": 1,
                        "g": 1,
                        "b": 1,
                        "a": 1
                    },
                    "selectedCastDefId": "castDef_KameaDefault",
                    "emote": "Default",
                    "audioName": "NONE",
                    "cameraFocusGuid": "",
                    "cameraDistance": "Far",
                    "cameraHeight": "Default",
                    "revealRadius": -1
                },
                {
                    "words": "That's a negative, Lady Arano. I'm reading dozens of antiaircraft guns and missile turrets around that stronghold. If I tried to fly you in, they'd blow me out of the sky.",
                    "wordsColor": {
                        "r": 1,
                        "g": 1,
                        "b": 1,
                        "a": 1
                    },
                    "selectedCastDefId": "castDef_SumireDefault",
                    "emote": "Default",
                    "audioName": "NONE",
                    "cameraFocusGuid": "",
                    "cameraDistance": "Far",
                    "cameraHeight": "Default",
                    "revealRadius": -1
                },
                {
                    "words": "Damn it. What are our options?",
                    "wordsColor": {
                        "r": 1,
                        "g": 1,
                        "b": 1,
                        "a": 1
                    },
                    "selectedCastDefId": "castDef_KameaDefault",
                    "emote": "Default",
                    "audioName": "NONE",
                    "cameraFocusGuid": "",
                    "cameraDistance": "Far",
                    "cameraHeight": "Default",
                    "revealRadius": -1
                },
                {
                    "words": "If you take off at a dead sprint, you might be able to catch them. It'll be pretty dicey, though-I'm seeing a lot of 'Mechs between you and Lord Madeira. And we'll have no time to retrieve the evidence that he gathered.",
                    "wordsColor": {
                        "r": 1,
                        "g": 1,
                        "b": 1,
                        "a": 1
                    },
                    "selectedCastDefId": "castDef_FarahDefault",
                    "emote": "Default",
                    "audioName": "NONE",
                    "cameraFocusGuid": "",
                    "cameraDistance": "Far",
                    "cameraHeight": "Default",
                    "revealRadius": -1
                },
                {
                    "words": "The evidence can wait, we have to... [tense exhalation] ...Damn it.",
                    "wordsColor": {
                        "r": 1,
                        "g": 1,
                        "b": 1,
                        "a": 1
                    },
                    "selectedCastDefId": "castDef_KameaDefault",
                    "emote": "Default",
                    "audioName": "NONE",
                    "cameraFocusGuid": "",
                    "cameraDistance": "Far",
                    "cameraHeight": "Default",
                    "revealRadius": -1
                },
                {
                    "words": "...That intel is vital to our war effort, and it's nearly in our grasp. I... [long pause] ...I cannot risk the future of the Reach for one man. Mr. Oliveira, I need you to give me the coordinates of Lord Madeira's dead drop. Forgive me, Alexander, but your rescue will have to wait.",
                    "wordsColor": {
                        "r": 1,
                        "g": 1,
                        "b": 1,
                        "a": 1
                    },
                    "selectedCastDefId": "castDef_KameaDefault",
                    "emote": "Default",
                    "audioName": "NONE",
                    "cameraFocusGuid": "",
                    "cameraDistance": "Far",
                    "cameraHeight": "Default",
                    "revealRadius": -1
                },
                {
                    "words": "Roger that, Lady Arano-I'm marking the coordinates on your map now. Commander we show multiple dropships inbound, as soon as you have the Data get out of there!",
                    "wordsColor": {
                        "r": 1,
                        "g": 1,
                        "b": 1,
                        "a": 1
                    },
                    "selectedCastDefId": "castDef_DariusDefault",
                    "emote": "Default",
                    "audioName": "NONE",
                    "cameraFocusGuid": "ac26bc2c-b995-466f-afaa-5fdd3a456892",
                    "cameraDistance": "Far",
                    "cameraHeight": "Default",
                    "revealRadius": -1
                }
            ]
        },
        {
            "dialogue": {
                "EncounterObjectGuid": "a6c16a8c-2078-446c-b2f4-a607374242fe"
            },
            "name": "Inter_DataDownloading",
            "overrideDialogueBucketId": "",
            "dialogueContent": [
                {
                    "words": "We're receiving the data now, Lady Arano. Commander, I'm gonna have to ask you to keep one of your 'Mechs near that relay until the upload is finished.\n",
                    "wordsColor": {
                        "r": 1,
                        "g": 1,
                        "b": 1,
                        "a": 1
                    },
                    "selectedCastDefId": "castDef_DariusDefault",
                    "emote": "Default",
                    "audioName": "NONE",
                    "cameraFocusGuid": "",
                    "cameraDistance": "Far",
                    "cameraHeight": "Default",
                    "revealRadius": -1
                }
            ]
        },
        {
            "dialogue": {
                "EncounterObjectGuid": "a8bdfc6a-b8f3-4150-8314-31a60bf785d8"
            },
            "name": "Inter_DataDownloadComplete",
            "overrideDialogueBucketId": "",
            "dialogueContent": [
                {
                    "words": "Transmission complete, Lady Arano - we have the package in hand and Sumire is on her way. ",
                    "wordsColor": {
                        "r": 1,
                        "g": 1,
                        "b": 1,
                        "a": 1
                    },
                    "selectedCastDefId": "castDef_DariusDefault",
                    "emote": "Default",
                    "audioName": "NONE",
                    "cameraFocusGuid": "be4644cb-8385-4afe-9f56-93bc0d58d4eb",
                    "cameraDistance": "Far",
                    "cameraHeight": "Default",
                    "revealRadius": -1
                }
            ]
        },
        {
            "dialogue": {
                "EncounterObjectGuid": "4d099664-5ddd-462d-a658-ad197639c164"
            },
            "name": "Inter_ThatsLastShipCommander",
            "overrideDialogueBucketId": "",
            "dialogueContent": [
                {
                    "words": "That's the last inbound hostile dropship from the landing force we have the window we need to evac.",
                    "wordsColor": {
                        "r": 1,
                        "g": 1,
                        "b": 1,
                        "a": 1
                    },
                    "selectedCastDefId": "castDef_DariusDefault",
                    "emote": "Default",
                    "audioName": "NONE",
                    "cameraFocusGuid": "ec9f82ab-0359-40f7-836f-626d130259dc",
                    "cameraDistance": "Medium",
                    "cameraHeight": "Default",
                    "revealRadius": -1
                },
                {
                    "words": "Destroying my cousin's landing force would show her the costs of her treachery and I am willing pay. However getting that recovering that data is still our priority.",
                    "wordsColor": {
                        "r": 1,
                        "g": 1,
                        "b": 1,
                        "a": 1
                    },
                    "selectedCastDefId": "castDef_KameaDefault",
                    "emote": "Default",
                    "audioName": "NONE",
                    "cameraFocusGuid": "e6a62fce-57da-47f8-ba23-34c254c98171",
                    "cameraDistance": "Medium",
                    "cameraHeight": "Default",
                    "revealRadius": -1
                }
            ]
        }
    ],
    "overrideAutoCompleteDialogueId": "1c0cc7ed-7e9a-4e37-be6b-e82cf444f5d8",
    "disableNegotations": true,
    "disableLanceConfiguration": false,
    "disableCancelButton": false,
    "disableAfterAction": false,
    "contractRewardOverride": 4966000,
    "travelOnly": false,
    "useTravelCostPenalty": false,
    "usesExpiration": false,
    "expirationTimeOverride": -1,
    "negotiatedSalary": 0.5,
    "negotiatedSalvage": 0.5,
    "player1Team": {
        "encounterLayerData": {
            "EncounterObjectGuid": "e9ef5048-8e77-4e43-9678-ebb66d788919"
        },
        "teamGuid": "bf40fd39-ccf9-47c4-94a6-061809681140",
        "teamName": "Player 1",
        "faction": "Player1sMercUnit",
        "teamLeaderCastDefId": "castDef_TeamLeader_Current",
        "lanceOverrideList": [
            {
                "lanceSpawner": {
                    "EncounterObjectGuid": "76b654a6-4f2c-4a6f-86e6-d4cf868335fe"
                },
                "name": "PlayerLanceSpawner",
                "lanceDefId": "Manual",
                "lanceTagSet": {
                    "items": [],
                    "tagSetSourceFile": ""
                },
                "lanceExcludedTagSet": {
                    "items": [],
                    "tagSetSourceFile": "Tags/LanceTags"
                },
                "spawnEffectTags": {
                    "items": [],
                    "tagSetSourceFile": "tags/SpawnEffectTags"
                },
                "lanceDifficultyAdjustment": 0,
                "selectedLanceDefId": null,
                "selectedLanceDifficulty": 0,
                "unitSpawnPointOverrideList": [
                    {
                        "unitSpawnPoint": {
                            "EncounterObjectGuid": "ec9d2280-ca9a-4d90-8a20-963d8a4c0a39"
                        },
                        "customUnitName": "",
                        "customHeraldryDefId": "heraldrydef_restoration",
                        "unitType": "Mech",
                        "unitDefId": "mechdef_atlas_AS7-D-HK",
                        "unitTagSet": {
                            "items": [],
                            "tagSetSourceFile": ""
                        },
                        "unitExcludedTagSet": {
                            "items": [],
                            "tagSetSourceFile": "Tags/UnitTags"
                        },
                        "spawnEffectTags": {
                            "items": [],
                            "tagSetSourceFile": "Tags/SpawnEffectTags"
                        },
                        "pilotDefId": "pilot_story_kamea_mid",
                        "pilotTagSet": {
                            "items": [],
                            "tagSetSourceFile": ""
                        },
                        "pilotExcludedTagSet": {
                            "items": [],
                            "tagSetSourceFile": "Tags/PilotTags"
                        },
                        "selectedUnitType": "UNDEFINED",
                        "selectedUnitDefId": null,
                        "selectedPilotDefId": null
                    },
                    {
                        "unitSpawnPoint": {
                            "EncounterObjectGuid": "ebc06b6a-c5a8-4165-95ce-480bcf335570"
                        },
                        "customUnitName": "",
                        "customHeraldryDefId": "",
                        "unitType": "UNDEFINED",
                        "unitDefId": "",
                        "unitTagSet": {
                            "items": [],
                            "tagSetSourceFile": ""
                        },
                        "unitExcludedTagSet": {
                            "items": [],
                            "tagSetSourceFile": "Tags/UnitTags"
                        },
                        "spawnEffectTags": {
                            "items": [],
                            "tagSetSourceFile": "tags/SpawnEffectTags"
                        },
                        "pilotDefId": "pilot_default",
                        "pilotTagSet": {
                            "items": [],
                            "tagSetSourceFile": ""
                        },
                        "pilotExcludedTagSet": {
                            "items": [],
                            "tagSetSourceFile": "Tags/PilotTags"
                        },
                        "selectedUnitType": "UNDEFINED",
                        "selectedUnitDefId": null,
                        "selectedPilotDefId": null
                    },
                    {
                        "unitSpawnPoint": {
                            "EncounterObjectGuid": "d50f1e9d-0a0b-4dc8-9a06-a33233aaa8a1"
                        },
                        "customUnitName": "",
                        "customHeraldryDefId": "",
                        "unitType": "UNDEFINED",
                        "unitDefId": "",
                        "unitTagSet": {
                            "items": [],
                            "tagSetSourceFile": ""
                        },
                        "unitExcludedTagSet": {
                            "items": [],
                            "tagSetSourceFile": "Tags/UnitTags"
                        },
                        "spawnEffectTags": {
                            "items": [],
                            "tagSetSourceFile": "tags/SpawnEffectTags"
                        },
                        "pilotDefId": "pilot_default",
                        "pilotTagSet": {
                            "items": [],
                            "tagSetSourceFile": ""
                        },
                        "pilotExcludedTagSet": {
                            "items": [],
                            "tagSetSourceFile": "Tags/PilotTags"
                        },
                        "selectedUnitType": "UNDEFINED",
                        "selectedUnitDefId": null,
                        "selectedPilotDefId": null
                    },
                    {
                        "unitSpawnPoint": {
                            "EncounterObjectGuid": "461141c2-f956-49a5-b2c6-6f951b957a94"
                        },
                        "customUnitName": "",
                        "customHeraldryDefId": "",
                        "unitType": "UNDEFINED",
                        "unitDefId": "",
                        "unitTagSet": {
                            "items": [],
                            "tagSetSourceFile": ""
                        },
                        "unitExcludedTagSet": {
                            "items": [],
                            "tagSetSourceFile": "Tags/UnitTags"
                        },
                        "spawnEffectTags": {
                            "items": [],
                            "tagSetSourceFile": "Tags/SpawnEffectTags"
                        },
                        "pilotDefId": "pilot_default",
                        "pilotTagSet": {
                            "items": [],
                            "tagSetSourceFile": ""
                        },
                        "pilotExcludedTagSet": {
                            "items": [],
                            "tagSetSourceFile": "Tags/PilotTags"
                        },
                        "selectedUnitType": "UNDEFINED",
                        "selectedUnitDefId": null,
                        "selectedPilotDefId": null
                    }
                ]
            }
        ]
    },
    "player2Team": {
        "encounterLayerData": {
            "EncounterObjectGuid": "e9ef5048-8e77-4e43-9678-ebb66d788919"
        },
        "teamGuid": "757173dd-b4e1-4bb5-9bee-d78e623cc867",
        "teamName": "Player 2",
        "faction": "Player2sMercUnit",
        "teamLeaderCastDefId": "castDef_TeamLeader_Current",
        "lanceOverrideList": []
    },
    "employerTeam": {
        "encounterLayerData": {
            "EncounterObjectGuid": "e9ef5048-8e77-4e43-9678-ebb66d788919"
        },
        "teamGuid": "ecc8d4f2-74b4-465d-adf6-84445e5dfc230",
        "teamName": "Employer",
        "faction": "AuriganRestoration",
        "teamLeaderCastDefId": "castDef_TeamLeader_Current",
        "lanceOverrideList": []
    },
    "targetTeam": {
        "encounterLayerData": {
            "EncounterObjectGuid": "e9ef5048-8e77-4e43-9678-ebb66d788919"
        },
        "teamGuid": "be77cadd-e245-4240-a93e-b99cc98902a5",
        "teamName": "Target",
        "faction": "AuriganDirectorate",
        "teamLeaderCastDefId": "castDef_TeamLeader_Current",
        "lanceOverrideList": [
            {
                "lanceSpawner": {
                    "EncounterObjectGuid": "78d828f6-847f-4710-ab3f-e45f4b066464"
                },
                "name": "1stBaseMechs",
                "lanceDefId": "Manual",
                "lanceTagSet": {
                    "items": [],
                    "tagSetSourceFile": "Tags/LanceTags"
                },
                "lanceExcludedTagSet": {
                    "items": [],
                    "tagSetSourceFile": "Tags/LanceTags"
                },
                "spawnEffectTags": {
                    "items": [
                        "spawn_poorly_maintained_75"
                    ],
                    "tagSetSourceFile": "tags/SpawnEffectTags"
                },
                "lanceDifficultyAdjustment": 0,
                "selectedLanceDefId": null,
                "selectedLanceDifficulty": 0,
                "unitSpawnPointOverrideList": [
                    {
                        "unitSpawnPoint": {
                            "EncounterObjectGuid": "e389bdd4-b1d0-4b36-a004-a77474ff9d4f"
                        },
                        "customUnitName": "",
                        "customHeraldryDefId": "",
                        "unitType": "Vehicle",
                        "unitDefId": "vehicledef_GALLEON",
                        "unitTagSet": {
                            "items": [],
                            "tagSetSourceFile": ""
                        },
                        "unitExcludedTagSet": {
                            "items": [],
                            "tagSetSourceFile": "Tags/UnitTags"
                        },
                        "spawnEffectTags": {
                            "items": [],
                            "tagSetSourceFile": "tags/SpawnEffectTags"
                        },
                        "pilotDefId": "pilot_d7_BL_myrmidon",
                        "pilotTagSet": {
                            "items": [],
                            "tagSetSourceFile": ""
                        },
                        "pilotExcludedTagSet": {
                            "items": [],
                            "tagSetSourceFile": "Tags/PilotTags"
                        },
                        "selectedUnitType": "UNDEFINED",
                        "selectedUnitDefId": null,
                        "selectedPilotDefId": null
                    },
                    {
                        "unitSpawnPoint": {
                            "EncounterObjectGuid": "5692e30d-af0f-43c8-b5f6-2840e31c20af"
                        },
                        "customUnitName": "",
                        "customHeraldryDefId": "",
                        "unitType": "Vehicle",
                        "unitDefId": "vehicledef_GALLEON",
                        "unitTagSet": {
                            "items": [],
                            "tagSetSourceFile": ""
                        },
                        "unitExcludedTagSet": {
                            "items": [],
                            "tagSetSourceFile": "Tags/UnitTags"
                        },
                        "spawnEffectTags": {
                            "items": [],
                            "tagSetSourceFile": "tags/SpawnEffectTags"
                        },
                        "pilotDefId": "pilot_d7_flanker",
                        "pilotTagSet": {
                            "items": [],
                            "tagSetSourceFile": ""
                        },
                        "pilotExcludedTagSet": {
                            "items": [],
                            "tagSetSourceFile": "Tags/PilotTags"
                        },
                        "selectedUnitType": "UNDEFINED",
                        "selectedUnitDefId": null,
                        "selectedPilotDefId": null
                    },
                    {
                        "unitSpawnPoint": {
                            "EncounterObjectGuid": "3a43aad7-bf1b-46eb-91fd-a07051db77ff"
                        },
                        "customUnitName": "",
                        "customHeraldryDefId": "",
                        "unitType": "Mech",
                        "unitDefId": "mechdef_dragon_DRG-1N",
                        "unitTagSet": {
                            "items": [],
                            "tagSetSourceFile": ""
                        },
                        "unitExcludedTagSet": {
                            "items": [],
                            "tagSetSourceFile": "Tags/UnitTags"
                        },
                        "spawnEffectTags": {
                            "items": [],
                            "tagSetSourceFile": "tags/SpawnEffectTags"
                        },
                        "pilotDefId": "pilot_d7_gladiator",
                        "pilotTagSet": {
                            "items": [],
                            "tagSetSourceFile": ""
                        },
                        "pilotExcludedTagSet": {
                            "items": [],
                            "tagSetSourceFile": "Tags/PilotTags"
                        },
                        "selectedUnitType": "UNDEFINED",
                        "selectedUnitDefId": null,
                        "selectedPilotDefId": null
                    }
                ]
            },
            {
                "lanceSpawner": {
                    "EncounterObjectGuid": "ee80a2b3-1c0d-4f2e-8ffb-f649d2ee68a5"
                },
                "name": "1stBaseTurrets",
                "lanceDefId": "Manual",
                "lanceTagSet": {
                    "items": [],
                    "tagSetSourceFile": "Tags/LanceTags"
                },
                "lanceExcludedTagSet": {
                    "items": [],
                    "tagSetSourceFile": "Tags/LanceTags"
                },
                "spawnEffectTags": {
                    "items": [
                        "spawn_poorly_maintained_75"
                    ],
                    "tagSetSourceFile": "tags/SpawnEffectTags"
                },
                "lanceDifficultyAdjustment": 0,
                "selectedLanceDefId": null,
                "selectedLanceDifficulty": 0,
                "unitSpawnPointOverrideList": [
                    {
                        "unitSpawnPoint": {
                            "EncounterObjectGuid": "1df12432-7a79-4841-9cec-be89420ee3b9"
                        },
                        "customUnitName": "",
                        "customHeraldryDefId": "",
                        "unitType": "Turret",
                        "unitDefId": "turretdef_Light_Sniper",
                        "unitTagSet": {
                            "items": [],
                            "tagSetSourceFile": ""
                        },
                        "unitExcludedTagSet": {
                            "items": [],
                            "tagSetSourceFile": "Tags/UnitTags"
                        },
                        "spawnEffectTags": {
                            "items": [],
                            "tagSetSourceFile": "tags/SpawnEffectTags"
                        },
                        "pilotDefId": "pilot_d3_turret",
                        "pilotTagSet": {
                            "items": [],
                            "tagSetSourceFile": ""
                        },
                        "pilotExcludedTagSet": {
                            "items": [],
                            "tagSetSourceFile": "Tags/PilotTags"
                        },
                        "selectedUnitType": "UNDEFINED",
                        "selectedUnitDefId": null,
                        "selectedPilotDefId": null
                    },
                    {
                        "unitSpawnPoint": {
                            "EncounterObjectGuid": "51e109b6-b0c7-4766-9a13-08994a2106bc"
                        },
                        "customUnitName": "",
                        "customHeraldryDefId": "",
                        "unitType": "Turret",
                        "unitDefId": "turretdef_Light_Laser",
                        "unitTagSet": {
                            "items": [],
                            "tagSetSourceFile": ""
                        },
                        "unitExcludedTagSet": {
                            "items": [],
                            "tagSetSourceFile": "Tags/UnitTags"
                        },
                        "spawnEffectTags": {
                            "items": [],
                            "tagSetSourceFile": "tags/SpawnEffectTags"
                        },
                        "pilotDefId": "pilot_d3_turret",
                        "pilotTagSet": {
                            "items": [],
                            "tagSetSourceFile": ""
                        },
                        "pilotExcludedTagSet": {
                            "items": [],
                            "tagSetSourceFile": "Tags/PilotTags"
                        },
                        "selectedUnitType": "UNDEFINED",
                        "selectedUnitDefId": null,
                        "selectedPilotDefId": null
                    },
                    {
                        "unitSpawnPoint": {
                            "EncounterObjectGuid": "2c45da59-9c08-409e-b99c-54194a238082"
                        },
                        "customUnitName": "",
                        "customHeraldryDefId": "",
                        "unitType": "Turret",
                        "unitDefId": "turretdef_Light_Laser",
                        "unitTagSet": {
                            "items": [],
                            "tagSetSourceFile": ""
                        },
                        "unitExcludedTagSet": {
                            "items": [],
                            "tagSetSourceFile": "Tags/UnitTags"
                        },
                        "spawnEffectTags": {
                            "items": [],
                            "tagSetSourceFile": "tags/SpawnEffectTags"
                        },
                        "pilotDefId": "pilot_d3_turret",
                        "pilotTagSet": {
                            "items": [],
                            "tagSetSourceFile": ""
                        },
                        "pilotExcludedTagSet": {
                            "items": [],
                            "tagSetSourceFile": "Tags/PilotTags"
                        },
                        "selectedUnitType": "UNDEFINED",
                        "selectedUnitDefId": null,
                        "selectedPilotDefId": null
                    }
                ]
            },
            {
                "lanceSpawner": {
                    "EncounterObjectGuid": "fddf5e8b-07c6-492b-861e-2d9c2bde80ee"
                },
                "name": "DestroyLanceSpawner_1stAmbush",
                "lanceDefId": "Manual",
                "lanceTagSet": {
                    "items": [],
                    "tagSetSourceFile": ""
                },
                "lanceExcludedTagSet": {
                    "items": [],
                    "tagSetSourceFile": "Tags/LanceTags"
                },
                "spawnEffectTags": {
                    "items": [],
                    "tagSetSourceFile": "tags/SpawnEffectTags"
                },
                "lanceDifficultyAdjustment": 0,
                "selectedLanceDefId": null,
                "selectedLanceDifficulty": 0,
                "unitSpawnPointOverrideList": [
                    {
                        "unitSpawnPoint": {
                            "EncounterObjectGuid": "37634f3f-6855-4572-b526-1fa66e770831"
                        },
                        "customUnitName": "",
                        "customHeraldryDefId": "",
                        "unitType": "Mech",
                        "unitDefId": "mechdef_hunchback_HBK-4P",
                        "unitTagSet": {
                            "items": [],
                            "tagSetSourceFile": ""
                        },
                        "unitExcludedTagSet": {
                            "items": [],
                            "tagSetSourceFile": "Tags/UnitTags"
                        },
                        "spawnEffectTags": {
                            "items": [],
                            "tagSetSourceFile": "tags/SpawnEffectTags"
                        },
                        "pilotDefId": "pilot_d4_pilot",
                        "pilotTagSet": {
                            "items": [],
                            "tagSetSourceFile": ""
                        },
                        "pilotExcludedTagSet": {
                            "items": [],
                            "tagSetSourceFile": "Tags/PilotTags"
                        },
                        "selectedUnitType": "UNDEFINED",
                        "selectedUnitDefId": null,
                        "selectedPilotDefId": null
                    },
                    {
                        "unitSpawnPoint": {
                            "EncounterObjectGuid": "c2f52419-e1ba-43db-bb53-f2d21eba4f8c"
                        },
                        "customUnitName": "",
                        "customHeraldryDefId": "",
                        "unitType": "Mech",
                        "unitDefId": "mechdef_trebuchet_TBT-5N",
                        "unitTagSet": {
                            "items": [],
                            "tagSetSourceFile": ""
                        },
                        "unitExcludedTagSet": {
                            "items": [],
                            "tagSetSourceFile": "Tags/UnitTags"
                        },
                        "spawnEffectTags": {
                            "items": [],
                            "tagSetSourceFile": "tags/SpawnEffectTags"
                        },
                        "pilotDefId": "pilot_d5_gunner",
                        "pilotTagSet": {
                            "items": [],
                            "tagSetSourceFile": ""
                        },
                        "pilotExcludedTagSet": {
                            "items": [],
                            "tagSetSourceFile": "Tags/PilotTags"
                        },
                        "selectedUnitType": "UNDEFINED",
                        "selectedUnitDefId": null,
                        "selectedPilotDefId": null
                    },
                    {
                        "unitSpawnPoint": {
                            "EncounterObjectGuid": "3ae6c2d2-470c-4c61-866a-1e2ff3cfb918"
                        },
                        "customUnitName": "",
                        "customHeraldryDefId": "",
                        "unitType": "Mech",
                        "unitDefId": "mechdef_panther_PNT-9R",
                        "unitTagSet": {
                            "items": [],
                            "tagSetSourceFile": ""
                        },
                        "unitExcludedTagSet": {
                            "items": [],
                            "tagSetSourceFile": "Tags/UnitTags"
                        },
                        "spawnEffectTags": {
                            "items": [],
                            "tagSetSourceFile": "tags/SpawnEffectTags"
                        },
                        "pilotDefId": "pilot_d6_BL_myrmidon",
                        "pilotTagSet": {
                            "items": [],
                            "tagSetSourceFile": ""
                        },
                        "pilotExcludedTagSet": {
                            "items": [],
                            "tagSetSourceFile": "Tags/PilotTags"
                        },
                        "selectedUnitType": "UNDEFINED",
                        "selectedUnitDefId": null,
                        "selectedPilotDefId": null
                    },
                    {
                        "unitSpawnPoint": {
                            "EncounterObjectGuid": "39045acd-b014-45d3-8bdd-6c0f3a91cb99"
                        },
                        "customUnitName": "",
                        "customHeraldryDefId": "",
                        "unitType": "Mech",
                        "unitDefId": "mechdef_wolverine_WVR-6K",
                        "unitTagSet": {
                            "items": [],
                            "tagSetSourceFile": ""
                        },
                        "unitExcludedTagSet": {
                            "items": [],
                            "tagSetSourceFile": "Tags/UnitTags"
                        },
                        "spawnEffectTags": {
                            "items": [],
                            "tagSetSourceFile": "tags/SpawnEffectTags"
                        },
                        "pilotDefId": "pilot_d7_gunner",
                        "pilotTagSet": {
                            "items": [],
                            "tagSetSourceFile": ""
                        },
                        "pilotExcludedTagSet": {
                            "items": [],
                            "tagSetSourceFile": "Tags/PilotTags"
                        },
                        "selectedUnitType": "UNDEFINED",
                        "selectedUnitDefId": null,
                        "selectedPilotDefId": null
                    },
                    {
                        "unitSpawnPoint": {
                            "EncounterObjectGuid": "b66b88f8-4d31-4289-b3dd-2356272f4d19"
                        },
                        "customUnitName": "",
                        "customHeraldryDefId": "",
                        "unitType": "Vehicle",
                        "unitDefId": "vehicledef_CARRIER_SRM",
                        "unitTagSet": {
                            "items": [],
                            "tagSetSourceFile": "tags/UnitTags"
                        },
                        "unitExcludedTagSet": {
                            "items": [],
                            "tagSetSourceFile": "tags/UnitTags"
                        },
                        "spawnEffectTags": {
                            "items": [],
                            "tagSetSourceFile": "tags/SpawnEffectTags"
                        },
                        "pilotDefId": "pilot_d5_gunner",
                        "pilotTagSet": {
                            "items": [],
                            "tagSetSourceFile": "tags/PilotTags"
                        },
                        "pilotExcludedTagSet": {
                            "items": [],
                            "tagSetSourceFile": "tags/PilotTags"
                        },
                        "selectedUnitType": "UNDEFINED",
                        "selectedUnitDefId": null,
                        "selectedPilotDefId": null
                    }
                ]
            },
            {
                "lanceSpawner": {
                    "EncounterObjectGuid": "8cf55dc4-4d27-4a99-ade3-e595122c2058"
                },
                "name": "LanceSpawner",
                "lanceDefId": "Manual",
                "lanceTagSet": {
                    "items": [],
                    "tagSetSourceFile": "Tags/LanceTags"
                },
                "lanceExcludedTagSet": {
                    "items": [],
                    "tagSetSourceFile": "Tags/LanceTags"
                },
                "spawnEffectTags": {
                    "items": [],
                    "tagSetSourceFile": "tags/SpawnEffectTags"
                },
                "lanceDifficultyAdjustment": 0,
                "selectedLanceDefId": null,
                "selectedLanceDifficulty": 0,
                "unitSpawnPointOverrideList": [
                    {
                        "unitSpawnPoint": {
                            "EncounterObjectGuid": "ee36eac1-c679-4dd1-9117-ebbe123739f9"
                        },
                        "customUnitName": "",
                        "customHeraldryDefId": "",
                        "unitType": "Mech",
                        "unitDefId": "mechdef_firestarter_FS9-H",
                        "unitTagSet": {
                            "items": [],
                            "tagSetSourceFile": ""
                        },
                        "unitExcludedTagSet": {
                            "items": [],
                            "tagSetSourceFile": "Tags/UnitTags"
                        },
                        "spawnEffectTags": {
                            "items": [],
                            "tagSetSourceFile": "tags/SpawnEffectTags"
                        },
                        "pilotDefId": "pilot_d7_gunner",
                        "pilotTagSet": {
                            "items": [],
                            "tagSetSourceFile": ""
                        },
                        "pilotExcludedTagSet": {
                            "items": [],
                            "tagSetSourceFile": "Tags/PilotTags"
                        },
                        "selectedUnitType": "UNDEFINED",
                        "selectedUnitDefId": null,
                        "selectedPilotDefId": null
                    },
                    {
                        "unitSpawnPoint": {
                            "EncounterObjectGuid": "4519ba3e-e647-46f8-ae38-7d9aabfbb3cb"
                        },
                        "customUnitName": "",
                        "customHeraldryDefId": "",
                        "unitType": "Mech",
                        "unitDefId": "mechdef_firestarter_FS9-H",
                        "unitTagSet": {
                            "items": [],
                            "tagSetSourceFile": ""
                        },
                        "unitExcludedTagSet": {
                            "items": [],
                            "tagSetSourceFile": "Tags/UnitTags"
                        },
                        "spawnEffectTags": {
                            "items": [],
                            "tagSetSourceFile": "tags/SpawnEffectTags"
                        },
                        "pilotDefId": "pilot_d7_BL_sentinel",
                        "pilotTagSet": {
                            "items": [],
                            "tagSetSourceFile": ""
                        },
                        "pilotExcludedTagSet": {
                            "items": [],
                            "tagSetSourceFile": "Tags/PilotTags"
                        },
                        "selectedUnitType": "UNDEFINED",
                        "selectedUnitDefId": null,
                        "selectedPilotDefId": null
                    },
                    {
                        "unitSpawnPoint": {
                            "EncounterObjectGuid": "e118981d-8a41-4bf6-b83c-2e7f5680b2be"
                        },
                        "customUnitName": "",
                        "customHeraldryDefId": "",
                        "unitType": "Mech",
                        "unitDefId": "mechdef_firestarter_FS9-H",
                        "unitTagSet": {
                            "items": [],
                            "tagSetSourceFile": ""
                        },
                        "unitExcludedTagSet": {
                            "items": [],
                            "tagSetSourceFile": "Tags/UnitTags"
                        },
                        "spawnEffectTags": {
                            "items": [],
                            "tagSetSourceFile": "tags/SpawnEffectTags"
                        },
                        "pilotDefId": "pilot_d7_flanker",
                        "pilotTagSet": {
                            "items": [],
                            "tagSetSourceFile": ""
                        },
                        "pilotExcludedTagSet": {
                            "items": [],
                            "tagSetSourceFile": "Tags/PilotTags"
                        },
                        "selectedUnitType": "UNDEFINED",
                        "selectedUnitDefId": null,
                        "selectedPilotDefId": null
                    },
                    {
                        "unitSpawnPoint": {
                            "EncounterObjectGuid": "83ad038a-52ff-4de7-a2d8-35e7ed847119"
                        },
                        "customUnitName": "",
                        "customHeraldryDefId": "",
                        "unitType": "Mech",
                        "unitDefId": "mechdef_kintaro_KTO-18",
                        "unitTagSet": {
                            "items": [],
                            "tagSetSourceFile": ""
                        },
                        "unitExcludedTagSet": {
                            "items": [],
                            "tagSetSourceFile": "Tags/UnitTags"
                        },
                        "spawnEffectTags": {
                            "items": [],
                            "tagSetSourceFile": "tags/SpawnEffectTags"
                        },
                        "pilotDefId": "pilot_d7_BL_myrmidon",
                        "pilotTagSet": {
                            "items": [],
                            "tagSetSourceFile": ""
                        },
                        "pilotExcludedTagSet": {
                            "items": [],
                            "tagSetSourceFile": "Tags/PilotTags"
                        },
                        "selectedUnitType": "UNDEFINED",
                        "selectedUnitDefId": null,
                        "selectedPilotDefId": null
                    }
                ]
            },
            {
                "lanceSpawner": {
                    "EncounterObjectGuid": "32a1ff52-ae80-4aa5-9724-db4d14a20650"
                },
                "name": "LanceSpawner",
                "lanceDefId": "Manual",
                "lanceTagSet": {
                    "items": [],
                    "tagSetSourceFile": "Tags/LanceTags"
                },
                "lanceExcludedTagSet": {
                    "items": [],
                    "tagSetSourceFile": "Tags/LanceTags"
                },
                "spawnEffectTags": {
                    "items": [],
                    "tagSetSourceFile": "tags/SpawnEffectTags"
                },
                "lanceDifficultyAdjustment": 0,
                "selectedLanceDefId": null,
                "selectedLanceDifficulty": 0,
                "unitSpawnPointOverrideList": [
                    {
                        "unitSpawnPoint": {
                            "EncounterObjectGuid": "ec9f82ab-0359-40f7-836f-626d130259dc"
                        },
                        "customUnitName": "",
                        "customHeraldryDefId": "",
                        "unitType": "Vehicle",
                        "unitDefId": "vehicledef_CARRIER_LRM",
                        "unitTagSet": {
                            "items": [],
                            "tagSetSourceFile": ""
                        },
                        "unitExcludedTagSet": {
                            "items": [],
                            "tagSetSourceFile": "Tags/UnitTags"
                        },
                        "spawnEffectTags": {
                            "items": [],
                            "tagSetSourceFile": "tags/SpawnEffectTags"
                        },
                        "pilotDefId": "pilot_d7_BL_sentinel",
                        "pilotTagSet": {
                            "items": [],
                            "tagSetSourceFile": ""
                        },
                        "pilotExcludedTagSet": {
                            "items": [],
                            "tagSetSourceFile": "Tags/PilotTags"
                        },
                        "selectedUnitType": "UNDEFINED",
                        "selectedUnitDefId": null,
                        "selectedPilotDefId": null
                    },
                    {
                        "unitSpawnPoint": {
                            "EncounterObjectGuid": "22295e63-06a4-4a7f-b4d1-f1ba5222afab"
                        },
                        "customUnitName": "",
                        "customHeraldryDefId": "",
                        "unitType": "Mech",
                        "unitDefId": "mechdef_blackknight_BL-6-KNT",
                        "unitTagSet": {
                            "items": [],
                            "tagSetSourceFile": ""
                        },
                        "unitExcludedTagSet": {
                            "items": [],
                            "tagSetSourceFile": "Tags/UnitTags"
                        },
                        "spawnEffectTags": {
                            "items": [],
                            "tagSetSourceFile": "tags/SpawnEffectTags"
                        },
                        "pilotDefId": "pilot_d7_gunner",
                        "pilotTagSet": {
                            "items": [],
                            "tagSetSourceFile": ""
                        },
                        "pilotExcludedTagSet": {
                            "items": [],
                            "tagSetSourceFile": "Tags/PilotTags"
                        },
                        "selectedUnitType": "UNDEFINED",
                        "selectedUnitDefId": null,
                        "selectedPilotDefId": null
                    }
                ]
            },
            {
                "lanceSpawner": {
                    "EncounterObjectGuid": "4fe461ca-58e9-4d7c-90dd-3e23aa038aeb"
                },
                "name": "LanceSpawner (1)",
                "lanceDefId": "Manual",
                "lanceTagSet": {
                    "items": [],
                    "tagSetSourceFile": "Tags/LanceTags"
                },
                "lanceExcludedTagSet": {
                    "items": [],
                    "tagSetSourceFile": "Tags/LanceTags"
                },
                "spawnEffectTags": {
                    "items": [],
                    "tagSetSourceFile": "tags/SpawnEffectTags"
                },
                "lanceDifficultyAdjustment": 0,
                "selectedLanceDefId": null,
                "selectedLanceDifficulty": 0,
                "unitSpawnPointOverrideList": [
                    {
                        "unitSpawnPoint": {
                            "EncounterObjectGuid": "e6a62fce-57da-47f8-ba23-34c254c98171"
                        },
                        "customUnitName": "",
                        "customHeraldryDefId": "",
                        "unitType": "Mech",
                        "unitDefId": "mechdef_commando_COM-1B",
                        "unitTagSet": {
                            "items": [],
                            "tagSetSourceFile": ""
                        },
                        "unitExcludedTagSet": {
                            "items": [],
                            "tagSetSourceFile": "Tags/UnitTags"
                        },
                        "spawnEffectTags": {
                            "items": [],
                            "tagSetSourceFile": "tags/SpawnEffectTags"
                        },
                        "pilotDefId": "pilot_d7_BL_rover",
                        "pilotTagSet": {
                            "items": [],
                            "tagSetSourceFile": ""
                        },
                        "pilotExcludedTagSet": {
                            "items": [],
                            "tagSetSourceFile": "Tags/PilotTags"
                        },
                        "selectedUnitType": "UNDEFINED",
                        "selectedUnitDefId": null,
                        "selectedPilotDefId": null
                    },
                    {
                        "unitSpawnPoint": {
                            "EncounterObjectGuid": "47e5c931-e9f3-45db-9c62-cfb51aec48d9"
                        },
                        "customUnitName": "",
                        "customHeraldryDefId": "",
                        "unitType": "Mech",
                        "unitDefId": "mechdef_jenner_JR7-D",
                        "unitTagSet": {
                            "items": [],
                            "tagSetSourceFile": ""
                        },
                        "unitExcludedTagSet": {
                            "items": [],
                            "tagSetSourceFile": "Tags/UnitTags"
                        },
                        "spawnEffectTags": {
                            "items": [],
                            "tagSetSourceFile": "tags/SpawnEffectTags"
                        },
                        "pilotDefId": "pilot_d7_flanker",
                        "pilotTagSet": {
                            "items": [],
                            "tagSetSourceFile": ""
                        },
                        "pilotExcludedTagSet": {
                            "items": [],
                            "tagSetSourceFile": "Tags/PilotTags"
                        },
                        "selectedUnitType": "UNDEFINED",
                        "selectedUnitDefId": null,
                        "selectedPilotDefId": null
                    }
                ]
            }
        ]
    },
    "targetsAllyTeam": {
        "encounterLayerData": {
            "EncounterObjectGuid": "e9ef5048-8e77-4e43-9678-ebb66d788919"
        },
        "teamGuid": "31151ed6-cfc2-467e-98c4-9ae5bea784cf",
        "teamName": "Target's Ally",
        "faction": "INVALID_UNSET",
        "teamLeaderCastDefId": "castDef_TeamLeader_Current",
        "lanceOverrideList": []
    },
    "neutralToAllTeam": {
        "encounterLayerData": {
            "EncounterObjectGuid": "e9ef5048-8e77-4e43-9678-ebb66d788919"
        },
        "teamGuid": "61612bb3-abf9-4586-952a-0559fa9dcd75",
        "teamName": "Neutral to All",
        "faction": "AuriganDirectorate",
        "teamLeaderCastDefId": "castDef_TeamLeader_Current",
        "lanceOverrideList": []
    },
    "hostileToAllTeam": {
        "encounterLayerData": {
            "EncounterObjectGuid": "e9ef5048-8e77-4e43-9678-ebb66d788919"
        },
        "teamGuid": "3c9f3a20-ab03-4bcb-8ab6-b1ef0442bbf0",
        "teamName": "Hostile to All",
        "faction": "INVALID_UNSET",
        "teamLeaderCastDefId": "castDef_TeamLeader_Current",
        "lanceOverrideList": []
    }
}
