{
	"ID": "Sword_6a_Escape",
	"contractName": "ESCAPE",
	"contractDisplayStyle": "HeavyMetalFlashpointCampaign",
	"difficulty": 6,
	"difficultyUIModifier": 0,
	"weight": 1,
	"scope": "STANDARD",
	"finalDifficulty": 0,
	"shortDescription": "The elevator just rumbled to a halt. I don't know how much firepower Ostergaard is going to throw our way once we're clear of the doors, but I'm counting on you to lead us through this, {COMMANDER.Callsign}. Now let's see what these Star League-era 'Mechs can do.",
	"longDescription": "Get Yang and Lady Arano to the <i>Delfinas</i>, {COMMANDER.FirstName}. That's the only thing that matters.",
	"salvagePotential": 30,
	"requirementList": [],
	"OnContractSuccessResults": [],
	"OnContractFailureResults": [],
	"contractTypeID": "Story_6B_TreasureTrove",
	"encounterPlayStyle": "SinglePlayer",
	"maxNumberOfPlayerUnits": 4,
	"mapMood": "Mission6",
	"startingFogOfWarVisibility": "Surveyed",
	"contractObjectiveList": [
		{
			"contractObjective": {
				"EncounterObjectGuid": "0e846ae0-b6b5-4910-aaf7-304ccc33ea72"
			},
			"title": "Survive the Taurian attack",
			"description": "",
			"isPrimary": true,
			"forPlayer": "Player1",
			"objectiveGuids": [
				"6cbd0f23-5d3c-4550-b749-40fc33fc0afb",
				"126370f8-f784-4e64-b9b6-baed41aba098",
				"39c76170-65e8-43b8-b543-6737ec2867cb",
				"ed62c80b-f50e-4bad-b6bc-31441740874f",
				"f138ae35-0e7c-4e27-a987-df1fff9d95f0",
				"347234d1-6d70-428e-874d-56cdd4c29751"
			]
		},
		{
			"contractObjective": {
				"EncounterObjectGuid": "0a5ad495-0b7d-4ac3-a416-7101f934120c"
			},
			"title": "Proceed to the <i>ARS Delfinas</i> for extraction",
			"description": "",
			"isPrimary": true,
			"forPlayer": "Player1",
			"objectiveGuids": []
		},
		{
			"contractObjective": {
				"EncounterObjectGuid": "9cc67631-917c-45da-a7b8-105327527791"
			},
			"title": "Lady Kamea Arano must survive",
			"description": "",
			"isPrimary": true,
			"forPlayer": "Player1",
			"objectiveGuids": []
		}
	],
	"objectiveList": [
		{
			"objective": {
				"EncounterObjectGuid": "c5621962-8ee0-47b8-8f4e-b775c91a247f"
			},
			"title": "Defeat the Taurian Ambush",
			"description": "",
			"isPrimary": false,
			"OnSuccessResults": [],
			"OnFailureResults": []
		},
		{
			"objective": {
				"EncounterObjectGuid": "6cbd0f23-5d3c-4550-b749-40fc33fc0afb"
			},
			"title": "Kamea Must Survive",
			"description": "",
			"isPrimary": false,
			"OnSuccessResults": [],
			"OnFailureResults": []
		},
		{
			"objective": {
				"EncounterObjectGuid": "ed62c80b-f50e-4bad-b6bc-31441740874f"
			},
			"title": "Proceed to the Dropship",
			"description": "",
			"isPrimary": false,
			"OnSuccessResults": [],
			"OnFailureResults": []
		},
		{
			"objective": {
				"EncounterObjectGuid": "39c76170-65e8-43b8-b543-6737ec2867cb"
			},
			"title": "Destroy Wave 1",
			"description": "",
			"isPrimary": false,
			"OnSuccessResults": [],
			"OnFailureResults": []
		},
		{
			"objective": {
				"EncounterObjectGuid": "1edeaf68-2a4d-403e-aafd-37c949e31b47"
			},
			"title": "Artillery hits in ",
			"description": "",
			"isPrimary": false,
			"OnSuccessResults": [],
			"OnFailureResults": []
		},
		{
			"objective": {
				"EncounterObjectGuid": "293f1741-839f-47e3-9f1a-c20d992f228d"
			},
			"title": "Inviso Bomb Trigger Objective",
			"description": "",
			"isPrimary": false,
			"OnSuccessResults": [],
			"OnFailureResults": []
		},
		{
			"objective": {
				"EncounterObjectGuid": "1c43d567-9041-4160-acff-bf96f55aa809"
			},
			"title": "Ostagaard Talking",
			"description": "",
			"isPrimary": false,
			"OnSuccessResults": [],
			"OnFailureResults": []
		},
		{
			"objective": {
				"EncounterObjectGuid": "126370f8-f784-4e64-b9b6-baed41aba098"
			},
			"title": "Get to the Secondary LZ",
			"description": "",
			"isPrimary": false,
			"OnSuccessResults": [],
			"OnFailureResults": []
		},
		{
			"objective": {
				"EncounterObjectGuid": "f138ae35-0e7c-4e27-a987-df1fff9d95f0"
			},
			"title": "Destroy Wave 2",
			"description": "",
			"isPrimary": false,
			"OnSuccessResults": [],
			"OnFailureResults": []
		},
		{
			"objective": {
				"EncounterObjectGuid": "3a4192be-2a53-4383-94ac-19c08883ea5f"
			},
			"title": "Blow The Ship Up",
			"description": "",
			"isPrimary": false,
			"OnSuccessResults": [],
			"OnFailureResults": []
		},
		{
			"objective": {
				"EncounterObjectGuid": "e5c08edf-289d-4f09-91ad-0277c47fb3c8"
			},
			"title": "Artillery hits in ",
			"description": "",
			"isPrimary": false,
			"OnSuccessResults": [],
			"OnFailureResults": []
		},
		{
			"objective": {
				"EncounterObjectGuid": "875e0c31-8872-4577-a929-b22092b3f142"
			},
			"title": "HiddenObjectiveTimer",
			"description": "",
			"isPrimary": false,
			"OnSuccessResults": [],
			"OnFailureResults": []
		},
		{
			"objective": {
				"EncounterObjectGuid": "82b1b363-b13d-4c83-87a6-8d76e68a143d"
			},
			"title": "Artillery hits in ",
			"description": "",
			"isPrimary": false,
			"OnSuccessResults": [],
			"OnFailureResults": []
		},
		{
			"objective": {
				"EncounterObjectGuid": "cc9c8a1b-45b5-4668-9b02-50adfd812ca9"
			},
			"title": "03TimerObjective",
			"description": "",
			"isPrimary": false,
			"OnSuccessResults": [],
			"OnFailureResults": []
		},
		{
			"objective": {
				"EncounterObjectGuid": "2540a515-1e99-496d-a873-934038a4fb25"
			},
			"title": "03TimerObjective",
			"description": "",
			"isPrimary": false,
			"OnSuccessResults": [],
			"OnFailureResults": []
		},
		{
			"objective": {
				"EncounterObjectGuid": "0eebf462-a270-440a-a1f5-97ea7c6ebb62"
			},
			"title": "Artillery hits in ",
			"description": "",
			"isPrimary": false,
			"OnSuccessResults": [],
			"OnFailureResults": []
		},
		{
			"objective": {
				"EncounterObjectGuid": "3dd16c13-3ded-41d1-8ea1-26e13ed98077"
			},
			"title": "04TimerObjective",
			"description": "",
			"isPrimary": false,
			"OnSuccessResults": [],
			"OnFailureResults": []
		},
		{
			"objective": {
				"EncounterObjectGuid": "9f437743-ede8-4139-af08-6271d53e687c"
			},
			"title": "Artillery hits in ",
			"description": "",
			"isPrimary": false,
			"OnSuccessResults": [],
			"OnFailureResults": []
		},
		{
			"objective": {
				"EncounterObjectGuid": "122c3b77-07b8-432d-b158-7284c4811bd9"
			},
			"title": "04TimerObjective",
			"description": "",
			"isPrimary": false,
			"OnSuccessResults": [],
			"OnFailureResults": []
		},
		{
			"objective": {
				"EncounterObjectGuid": "cd22594a-e59a-4964-bd79-cfc0a6c96042"
			},
			"title": "Artillery hits in ",
			"description": "",
			"isPrimary": false,
			"OnSuccessResults": [],
			"OnFailureResults": []
		},
		{
			"objective": {
				"EncounterObjectGuid": "e2e3c0b4-4df9-45b1-82d4-b14f0798497e"
			},
			"title": "03TimerObjective",
			"description": "",
			"isPrimary": false,
			"OnSuccessResults": [],
			"OnFailureResults": []
		},
		{
			"objective": {
				"EncounterObjectGuid": "79caf400-db85-411b-997a-76c9db2b52f0"
			},
			"title": "Artillery hits in ",
			"description": "",
			"isPrimary": false,
			"OnSuccessResults": [],
			"OnFailureResults": []
		},
		{
			"objective": {
				"EncounterObjectGuid": "dedfa839-a311-43f9-a5d0-0a89bc302749"
			},
			"title": "HiddenObjectiveTimer",
			"description": "",
			"isPrimary": false,
			"OnSuccessResults": [],
			"OnFailureResults": []
		},
		{
			"objective": {
				"EncounterObjectGuid": "347234d1-6d70-428e-874d-56cdd4c29751"
			},
			"title": "HIDDEN_FinalOstegaardDialog",
			"description": "",
			"isPrimary": false,
			"OnSuccessResults": [],
			"OnFailureResults": []
		}
	],
	"buildingList": [],
	"chunkList": [],
	"cameraFocusHelperList": [
		{
			"name": "PlayerLanceSpawner",
			"encounterObject": {
				"EncounterObjectGuid": "577981ac-40a8-4a8e-9c27-16e5a96d0c7a"
			}
		},
		{
			"name": "01_TargetLance",
			"encounterObject": {
				"EncounterObjectGuid": "10e8686f-8d19-4058-9541-119c4dff041c"
			}
		},
		{
			"name": "01_TargetLance",
			"encounterObject": {
				"EncounterObjectGuid": "4e1ebbb5-4de5-46cd-8060-d8932fe639c7"
			}
		},
		{
			"name": "03_EnemyLance",
			"encounterObject": {
				"EncounterObjectGuid": "0a028007-ea29-462e-921e-98277602828b"
			}
		},
		{
			"name": "01_Region_GetToLZ",
			"encounterObject": {
				"EncounterObjectGuid": "5979a1e9-316a-449a-b0b2-5931cc917e50"
			}
		},
		{
			"name": "02_Region",
			"encounterObject": {
				"EncounterObjectGuid": "df15e014-941f-4b53-98b4-ade1f33328d6"
			}
		},
		{
			"name": "02_Region_TriggerDoorBlast",
			"encounterObject": {
				"EncounterObjectGuid": "e320492b-3ca2-4bcd-a4ea-8fa38be7f075"
			}
		},
		{
			"name": "03_Region_Occupy",
			"encounterObject": {
				"EncounterObjectGuid": "a901de4c-d61e-465b-be94-753476057b28"
			}
		},
		{
			"name": "04_Region_Occupy",
			"encounterObject": {
				"EncounterObjectGuid": "a85da736-7a2e-4cc6-aff3-feb9d73fc7e1"
			}
		},
		{
			"name": "05a_Region",
			"encounterObject": {
				"EncounterObjectGuid": "915cf933-7df4-47b8-be50-55fbefc8453c"
			}
		},
		{
			"name": "03_Region",
			"encounterObject": {
				"EncounterObjectGuid": "4458f629-89f8-4c48-9343-0b132515c5b1"
			}
		},
		{
			"name": "04_Region",
			"encounterObject": {
				"EncounterObjectGuid": "ac1c554f-c0a2-4da8-923b-93204a88f6b0"
			}
		},
		{
			"name": "06_Region",
			"encounterObject": {
				"EncounterObjectGuid": "309ab5c9-f116-4e1b-99fa-d53481d00e78"
			}
		},
		{
			"name": "07_Region",
			"encounterObject": {
				"EncounterObjectGuid": "c9352ea2-644f-471e-b653-e1788684db2a"
			}
		},
		{
			"name": "08_Region",
			"encounterObject": {
				"EncounterObjectGuid": "9cca1679-689b-497a-8ec9-af4f977ddce1"
			}
		},
		{
			"name": "09_Region_Occupy",
			"encounterObject": {
				"EncounterObjectGuid": "a04ed045-db8d-48ac-b90f-f9c460f95c81"
			}
		},
		{
			"name": "chrPrfVhcl_leopard-MANAGED",
			"encounterObject": {
				"EncounterObjectGuid": "81b28128-9604-4069-8777-a4ec301b500b"
			}
		},
		{
			"name": "chrPrfVhcl_union-MANAGED",
			"encounterObject": {
				"EncounterObjectGuid": "63fd776b-5bf4-4efc-9189-6530da2f5be0"
			}
		}
	],
	"dialogueList": [
		{
			"dialogue": {
				"EncounterObjectGuid": "73df8d9c-a274-48fd-98c9-2bd0d7860e83"
			},
			"name": "MissionStartDialogue",
			"overrideDialogueBucketId": "",
			"dialogueContent": [
				{
					"words": "Lady Kamea Arano of the Arano Restoration! On the behalf of the Taurian Concordat, I hereby command you to... oh, <i>shit</i>. <i>Iberia</i>, they're piloting <i>SLDF BattleMechs</i>! We need reinforcements, <i>now</i>!",
					"wordsColor": {
						"r": 1,
						"g": 1,
						"b": 1,
						"a": 1
					},
					"selectedCastDefId": "castDef_SE06b_TaurianReconLanceLeader",
					"emote": "Default",
					"audioName": "NONE",
					"cameraFocusGuid": "",
					"cameraDistance": "Far",
					"cameraHeight": "Default",
					"revealRadius": -1
				},
				{
					"words": "MECHWARRIORS! Our way home is on the other side of these Taurians.",
					"wordsColor": {
						"r": 1,
						"g": 1,
						"b": 1,
						"a": 1
					},
					"selectedCastDefId": "castDef_KameaDefault",
					"emote": "Default",
					"audioName": "NONE",
					"cameraFocusGuid": "5979a1e9-316a-449a-b0b2-5931cc917e50",
					"cameraDistance": "Medium",
					"cameraHeight": "Default",
					"revealRadius": -1
				},
				{
					"words": "Push through them and FIGHT! <i>FOR THE REACH</i>!",
					"wordsColor": {
						"r": 1,
						"g": 1,
						"b": 1,
						"a": 1
					},
					"selectedCastDefId": "castDef_KameaDefault",
					"emote": "Default",
					"audioName": "NONE",
					"cameraFocusGuid": "d918e4f1-2ea4-4b7f-9df8-539e363fb5f5",
					"cameraDistance": "Far",
					"cameraHeight": "Default",
					"revealRadius": -1
				}
			]
		},
		{
			"dialogue": {
				"EncounterObjectGuid": "4011a4c3-cba2-4d22-b2b3-3b19a3297ab9"
			},
			"name": "MissionSuccessDialogue",
			"overrideDialogueBucketId": "",
			"dialogueContent": [
				{
					"words": "I've got you, Lady Arano. Setting a return course to the <i>Argo</i>-we need to fall back to Restoration space while we still can.",
					"wordsColor": {
						"r": 1,
						"g": 1,
						"b": 1,
						"a": 1
					},
					"selectedCastDefId": "castDef_SumireDefault",
					"emote": "Default",
					"audioName": "NONE",
					"cameraFocusGuid": "",
					"cameraDistance": "Far",
					"cameraHeight": "Default",
					"revealRadius": -1
				},
				{
					"words": "Thank you, Ms. Meyer... and you, Commander. You've saved my life... the both of you.",
					"wordsColor": {
						"r": 1,
						"g": 1,
						"b": 1,
						"a": 1
					},
					"selectedCastDefId": "castDef_KameaDefault",
					"emote": "Default",
					"audioName": "NONE",
					"cameraFocusGuid": "",
					"cameraDistance": "Far",
					"cameraHeight": "Default",
					"revealRadius": -1
				},
				{
					"words": "I wouldn't be too sure about that. If the Taurians-<i>my people</i>-are on the Directorate's side? I don't know if any of us will ever be safe again.",
					"wordsColor": {
						"r": 1,
						"g": 1,
						"b": 1,
						"a": 1
					},
					"selectedCastDefId": "castDef_SumireDefault",
					"emote": "Default",
					"audioName": "NONE",
					"cameraFocusGuid": "",
					"cameraDistance": "Far",
					"cameraHeight": "Default",
					"revealRadius": -1
				}
			]
		},
		{
			"dialogue": {
				"EncounterObjectGuid": "d3d33d95-9ed7-4686-b9eb-954ebe51cc02"
			},
			"name": "MissionFailureDialogue",
			"overrideDialogueBucketId": "",
			"dialogueContent": [
				{
					"words": "Lady Arano, I need a status report! Do you read me? ...Lady Arano, please respond!",
					"wordsColor": {
						"r": 1,
						"g": 1,
						"b": 1,
						"a": 1
					},
					"selectedCastDefId": "castDef_DariusDefault",
					"emote": "Default",
					"audioName": "NONE",
					"cameraFocusGuid": "",
					"cameraDistance": "Far",
					"cameraHeight": "Default",
					"revealRadius": -1
				}
			]
		},
		{
			"dialogue": {
				"EncounterObjectGuid": "4c6cc4d3-b1b8-487a-9656-5953bf31e785"
			},
			"name": "[DEPRECATED]Inter_InitialEnemiesDown1",
			"overrideDialogueBucketId": "",
			"dialogueContent": [
				{
					"words": "Looks like we've got a clear path to the DropShip. Won't last long, though.",
					"wordsColor": {
						"r": 1,
						"g": 1,
						"b": 1,
						"a": 1
					},
					"selectedCastDefId": "castDef_YangDefault",
					"emote": "Default",
					"audioName": "NONE",
					"cameraFocusGuid": "",
					"cameraDistance": "Far",
					"cameraHeight": "Default",
					"revealRadius": -1
				},
				{
					"words": "Understood. We're moving out.",
					"wordsColor": {
						"r": 1,
						"g": 1,
						"b": 1,
						"a": 1
					},
					"selectedCastDefId": "castDef_KameaDefault",
					"emote": "Default",
					"audioName": "NONE",
					"cameraFocusGuid": "",
					"cameraDistance": "Far",
					"cameraHeight": "Default",
					"revealRadius": -1
				}
			]
		},
		{
			"dialogue": {
				"EncounterObjectGuid": "362c6101-e276-41d8-9adb-33d27ebb8214"
			},
			"name": "Async_InitialEnemiesDown2",
			"overrideDialogueBucketId": "",
			"dialogueContent": [
				{
					"words": "Just a heads-up-when we get to a safe distance, I'm gonna set off a little surprise I left behind for our Taurian friends.",
					"wordsColor": {
						"r": 1,
						"g": 1,
						"b": 1,
						"a": 1
					},
					"selectedCastDefId": "castDef_YangDefault",
					"emote": "Default",
					"audioName": "m065_310_yang",
					"cameraFocusGuid": "",
					"cameraDistance": "Far",
					"cameraHeight": "Default",
					"revealRadius": -1
				},
				{
					"words": "Surprise?\r",
					"wordsColor": {
						"r": 1,
						"g": 1,
						"b": 1,
						"a": 1
					},
					"selectedCastDefId": "castDef_KameaArano01",
					"emote": "Default",
					"audioName": "m065_320_kamea",
					"cameraFocusGuid": "",
					"cameraDistance": "Far",
					"cameraHeight": "Default",
					"revealRadius": -1
				},
				{
					"words": "You'll see. Trust me, you're gonna love it.",
					"wordsColor": {
						"r": 1,
						"g": 1,
						"b": 1,
						"a": 1
					},
					"selectedCastDefId": "castDef_YangDefault",
					"emote": "Default",
					"audioName": "m065_330_yang",
					"cameraFocusGuid": "",
					"cameraDistance": "Far",
					"cameraHeight": "Default",
					"revealRadius": -1
				}
			]
		},
		{
			"dialogue": {
				"EncounterObjectGuid": "5bf034e8-0943-4cf6-8fb2-96b5ef29bd3b"
			},
			"name": "Inter_YangBombsBase1",
			"overrideDialogueBucketId": "",
			"dialogueContent": [
				{
					"words": "Okay, this distance should be good. Hold on just a second, aaand...",
					"wordsColor": {
						"r": 1,
						"g": 1,
						"b": 1,
						"a": 1
					},
					"selectedCastDefId": "castDef_YangDefault",
					"emote": "Default",
					"audioName": "NONE",
					"cameraFocusGuid": "",
					"cameraDistance": "Far",
					"cameraHeight": "Default",
					"revealRadius": 0
				}
			]
		},
		{
			"dialogue": {
				"EncounterObjectGuid": "196ec87b-0487-4029-8dd9-9a6e8f4545df"
			},
			"name": "Inter_YangBombsBase2",
			"overrideDialogueBucketId": "",
			"dialogueContent": [
				{
					"words": "Surpriiise.",
					"wordsColor": {
						"r": 1,
						"g": 1,
						"b": 1,
						"a": 1
					},
					"selectedCastDefId": "castDef_YangDefault",
					"emote": "Default",
					"audioName": "NONE",
					"cameraFocusGuid": "",
					"cameraDistance": "Far",
					"cameraHeight": "Default",
					"revealRadius": -1
				},
				{
					"words": "Yang, was that...?",
					"wordsColor": {
						"r": 1,
						"g": 1,
						"b": 1,
						"a": 1
					},
					"selectedCastDefId": "castDef_KameaDefault",
					"emote": "Default",
					"audioName": "NONE",
					"cameraFocusGuid": "",
					"cameraDistance": "Far",
					"cameraHeight": "Default",
					"revealRadius": -1
				},
				{
					"words": "Castle Nautilus, yeah. When I saw that the Taurians were gonna take it away from us, I planted a couple of demo charges in the armory, right next to the ammunition dump. That rumble you just felt was about a thousand tons of high-explosives cooking off at once.",
					"wordsColor": {
						"r": 1,
						"g": 1,
						"b": 1,
						"a": 1
					},
					"selectedCastDefId": "castDef_YangDefault",
					"emote": "Default",
					"audioName": "NONE",
					"cameraFocusGuid": "",
					"cameraDistance": "Far",
					"cameraHeight": "Default",
					"revealRadius": -1
				},
				{
					"words": "You destroyed it. An SLDF Castle full of priceless technology-gone.",
					"wordsColor": {
						"r": 1,
						"g": 1,
						"b": 1,
						"a": 1
					},
					"selectedCastDefId": "castDef_KameaDefault",
					"emote": "Default",
					"audioName": "NONE",
					"cameraFocusGuid": "",
					"cameraDistance": "Far",
					"cameraHeight": "Default",
					"revealRadius": -1
				},
				{
					"words": "Well, I wasn't about to let the Taurians have it. They're shooting at us, remember?",
					"wordsColor": {
						"r": 1,
						"g": 1,
						"b": 1,
						"a": 1
					},
					"selectedCastDefId": "castDef_YangDefault",
					"emote": "Default",
					"audioName": "NONE",
					"cameraFocusGuid": "",
					"cameraDistance": "Far",
					"cameraHeight": "Default",
					"revealRadius": -1
				},
				{
					"words": "Yes, Mr. Virtanen, of course. You're right-it had to be done.",
					"wordsColor": {
						"r": 1,
						"g": 1,
						"b": 1,
						"a": 1
					},
					"selectedCastDefId": "castDef_KameaDefault",
					"emote": "Default",
					"audioName": "NONE",
					"cameraFocusGuid": "",
					"cameraDistance": "Far",
					"cameraHeight": "Default",
					"revealRadius": -1
				}
			]
		},
		{
			"dialogue": {
				"EncounterObjectGuid": "b4cbb287-4393-4128-8999-2208649c5f5d"
			},
			"name": "Async_Ostergaard1",
			"overrideDialogueBucketId": "",
			"dialogueContent": [
				{
					"words": "Run, Lady Arano. Run as far as you can. I will find you all the same.",
					"wordsColor": {
						"r": 1,
						"g": 1,
						"b": 1,
						"a": 1
					},
					"selectedCastDefId": "castDef_OstergaardDefault",
					"emote": "Default",
					"audioName": "m065_340_ostegaard",
					"cameraFocusGuid": "",
					"cameraDistance": "Far",
					"cameraHeight": "Default",
					"revealRadius": -1
				}
			]
		},
		{
			"dialogue": {
				"EncounterObjectGuid": "035e8ec9-3f26-4fd8-afae-15532980b266"
			},
			"name": "Async_Ostergaard2",
			"overrideDialogueBucketId": "",
			"dialogueContent": [
				{
					"words": "My forces are closing in on you, Lady Arano. Your time is running out.",
					"wordsColor": {
						"r": 1,
						"g": 1,
						"b": 1,
						"a": 1
					},
					"selectedCastDefId": "castDef_OstergaardDefault",
					"emote": "Default",
					"audioName": "m065_350_ostegaard",
					"cameraFocusGuid": "",
					"cameraDistance": "Far",
					"cameraHeight": "Default",
					"revealRadius": -1
				}
			]
		},
		{
			"dialogue": {
				"EncounterObjectGuid": "6b47a65c-fbc6-4e06-840e-89506743cb68"
			},
			"name": "Async_Ostergaard3",
			"overrideDialogueBucketId": "",
			"dialogueContent": [
				{
					"words": "I will rain fire on your lance and smile as it burns.",
					"wordsColor": {
						"r": 1,
						"g": 1,
						"b": 1,
						"a": 1
					},
					"selectedCastDefId": "castDef_OstergaardDefault",
					"emote": "Default",
					"audioName": "m065_360_ostegaard",
					"cameraFocusGuid": "",
					"cameraDistance": "Far",
					"cameraHeight": "Default",
					"revealRadius": -1
				}
			]
		},
		{
			"dialogue": {
				"EncounterObjectGuid": "0db96396-19bb-48e2-84ed-a6a0f3f2fffa"
			},
			"name": "Inter_DropShipReached1",
			"overrideDialogueBucketId": "",
			"dialogueContent": [
				{
					"words": "This is Lady Arano to the <i>ARS Delfinas</i>. Captain Grigas, do you read me?",
					"wordsColor": {
						"r": 1,
						"g": 1,
						"b": 1,
						"a": 1
					},
					"selectedCastDefId": "castDef_KameaDefault",
					"emote": "Default",
					"audioName": "NONE",
					"cameraFocusGuid": "",
					"cameraDistance": "Far",
					"cameraHeight": "Default",
					"revealRadius": -1
				},
				{
					"words": "Lady Arano, thank the gods! We've got a visual on you and your lance-get your people on board and we'll get you out of here.",
					"wordsColor": {
						"r": 1,
						"g": 1,
						"b": 1,
						"a": 1
					},
					"selectedCastDefId": "castDef_SE06_KarosasCaptainDefault",
					"emote": "Default",
					"audioName": "NONE",
					"cameraFocusGuid": "d4532862-0ffd-43f7-bca0-4c2e60fd8330",
					"cameraDistance": "Far",
					"cameraHeight": "Default",
					"revealRadius": 100
				},
				{
					"words": "Thank you, Captain- Wait. What was that?",
					"wordsColor": {
						"r": 1,
						"g": 1,
						"b": 1,
						"a": 1
					},
					"selectedCastDefId": "castDef_KameaDefault",
					"emote": "Default",
					"audioName": "NONE",
					"cameraFocusGuid": "d4532862-0ffd-43f7-bca0-4c2e60fd8330",
					"cameraDistance": "Far",
					"cameraHeight": "Default",
					"revealRadius": 100
				}
			]
		},
		{
			"dialogue": {
				"EncounterObjectGuid": "89b2d441-b743-400d-82a1-2ee10a84720f"
			},
			"name": "Async_DropShipReached2",
			"overrideDialogueBucketId": "",
			"dialogueContent": [
				{
					"words": "I told you that you would die here. Say goodbye to your ride home.",
					"wordsColor": {
						"r": 1,
						"g": 1,
						"b": 1,
						"a": 1
					},
					"selectedCastDefId": "castDef_OstergaardDefault",
					"emote": "Default",
					"audioName": "m065_370_ostegaard",
					"cameraFocusGuid": "",
					"cameraDistance": "Far",
					"cameraHeight": "Default",
					"revealRadius": -1
				},
				{
					"words": "Ah, shit! INCOMING!",
					"wordsColor": {
						"r": 1,
						"g": 1,
						"b": 1,
						"a": 1
					},
					"selectedCastDefId": "castDef_YangDefault",
					"emote": "Default",
					"audioName": "m065_380_yang",
					"cameraFocusGuid": "",
					"cameraDistance": "Far",
					"cameraHeight": "Default",
					"revealRadius": -1
				}
			]
		},
		{
			"dialogue": {
				"EncounterObjectGuid": "9d539324-344e-4fcb-9210-81a015743888"
			},
			"name": "Inter_DropShipDestroyed1",
			"overrideDialogueBucketId": "",
			"dialogueContent": [
				{
					"words": "That was an unarmed support ship, you animal! There was no need for you to target it!",
					"wordsColor": {
						"r": 1,
						"g": 1,
						"b": 1,
						"a": 1
					},
					"selectedCastDefId": "castDef_KameaDefault",
					"emote": "Default",
					"audioName": "NONE",
					"cameraFocusGuid": "",
					"cameraDistance": "Far",
					"cameraHeight": "Default",
					"revealRadius": -1
				},
				{
					"words": "Tell that to the crew of the <i>Newgrange</i>.",
					"wordsColor": {
						"r": 1,
						"g": 1,
						"b": 1,
						"a": 1
					},
					"selectedCastDefId": "castDef_OstergaardDefault",
					"emote": "Default",
					"audioName": "NONE",
					"cameraFocusGuid": "",
					"cameraDistance": "Far",
					"cameraHeight": "Default",
					"revealRadius": -1
				},
				{
					"words": "How do you know about that? ...Ostergaard?! Answer me!",
					"wordsColor": {
						"r": 1,
						"g": 1,
						"b": 1,
						"a": 1
					},
					"selectedCastDefId": "castDef_KameaDefault",
					"emote": "Default",
					"audioName": "NONE",
					"cameraFocusGuid": "",
					"cameraDistance": "Far",
					"cameraHeight": "Default",
					"revealRadius": -1
				},
				{
					"words": "He cut the line. What's the status of the Leopard, Doc?",
					"wordsColor": {
						"r": 1,
						"g": 1,
						"b": 1,
						"a": 1
					},
					"selectedCastDefId": "castDef_YangDefault",
					"emote": "Default",
					"audioName": "NONE",
					"cameraFocusGuid": "",
					"cameraDistance": "Far",
					"cameraHeight": "Default",
					"revealRadius": -1
				},
				{
					"words": "Docking clamps are still locked down tight, but I've opened the doors to Engineering. [static] We can manually disengage the clamps from there.",
					"wordsColor": {
						"r": 1,
						"g": 1,
						"b": 1,
						"a": 1
					},
					"selectedCastDefId": "castDef_FarahDefault",
					"emote": "Default",
					"audioName": "NONE",
					"cameraFocusGuid": "",
					"cameraDistance": "Far",
					"cameraHeight": "Default",
					"revealRadius": -1
				},
				{
					"words": "I'll go prep her for takeoff. [static] Darius, I'll need your help with the clamps.",
					"wordsColor": {
						"r": 1,
						"g": 1,
						"b": 1,
						"a": 1
					},
					"selectedCastDefId": "castDef_SumireDefault",
					"emote": "Default",
					"audioName": "NONE",
					"cameraFocusGuid": "",
					"cameraDistance": "Far",
					"cameraHeight": "Default",
					"revealRadius": -1
				},
				{
					"words": "Yeah, I'm on it. Lady Arano, I suggest that you head deeper into the valley. They'll have a harder time targeting you with their artillery in there. [static] And keep your eyes on the sky-Meyer will be on her way directly.",
					"wordsColor": {
						"r": 1,
						"g": 1,
						"b": 1,
						"a": 1
					},
					"selectedCastDefId": "castDef_DariusDefault",
					"emote": "Default",
					"audioName": "NONE",
					"cameraFocusGuid": "",
					"cameraDistance": "Far",
					"cameraHeight": "Default",
					"revealRadius": -1
				}
			]
		},
		{
			"dialogue": {
				"EncounterObjectGuid": "a4f9686a-365f-453c-b603-b1d1376e52a5"
			},
			"name": "Async_AssaultMechsSpotted",
			"overrideDialogueBucketId": "",
			"dialogueContent": [
				{
					"words": "Lady Arano! We've got incoming assault 'Mechs!",
					"wordsColor": {
						"r": 1,
						"g": 1,
						"b": 1,
						"a": 1
					},
					"selectedCastDefId": "castDef_YangDefault",
					"emote": "Default",
					"audioName": "m065_390_yang",
					"cameraFocusGuid": "",
					"cameraDistance": "Far",
					"cameraHeight": "Default",
					"revealRadius": -1
				},
				{
					"words": "Just another obstacle to overcome. <i>FOR THE RESTORATION!</i>",
					"wordsColor": {
						"r": 1,
						"g": 1,
						"b": 1,
						"a": 1
					},
					"selectedCastDefId": "castDef_KameaArano01",
					"emote": "Default",
					"audioName": "m065_400_kamea",
					"cameraFocusGuid": "a901de4c-d61e-465b-be94-753476057b28",
					"cameraDistance": "Far",
					"cameraHeight": "Default",
					"revealRadius": -1
				}
			]
		},
		{
			"dialogue": {
				"EncounterObjectGuid": "8c8cf0ec-3ee8-4cf2-b04a-b463f7a8ca67"
			},
			"name": "Inter_AllEnemiesDead",
			"overrideDialogueBucketId": "",
			"dialogueContent": [
				{
					"words": "Looks like that's the last of them. Sumire, you have a clear approach for pickup!",
					"wordsColor": {
						"r": 1,
						"g": 1,
						"b": 1,
						"a": 1
					},
					"selectedCastDefId": "castDef_KameaArano01",
					"emote": "Default",
					"audioName": "NONE",
					"cameraFocusGuid": "",
					"cameraDistance": "Far",
					"cameraHeight": "Default",
					"revealRadius": -1
				},
				{
					"words": "Copy that. I'm bringing her in hot, so make sure you're ready to leave.",
					"wordsColor": {
						"r": 1,
						"g": 1,
						"b": 1,
						"a": 1
					},
					"selectedCastDefId": "castDef_SumireDefault",
					"emote": "Default",
					"audioName": "NONE",
					"cameraFocusGuid": "",
					"cameraDistance": "Far",
					"cameraHeight": "Default",
					"revealRadius": -1
				},
				{
					"words": "I was sure half an hour ago! I don't ever want to set foot on this godforsaken hunk of ice ever again!",
					"wordsColor": {
						"r": 1,
						"g": 1,
						"b": 1,
						"a": 1
					},
					"selectedCastDefId": "castDef_YangDefault",
					"emote": "Default",
					"audioName": "NONE",
					"cameraFocusGuid": "",
					"cameraDistance": "Far",
					"cameraHeight": "Default",
					"revealRadius": -1
				}
			]
		},
		{
			"dialogue": {
				"EncounterObjectGuid": "4c8c034a-fe51-4c97-80b3-ef43264044cf"
			},
			"name": "Async_OstergaardFinal",
			"overrideDialogueBucketId": "",
			"dialogueContent": [
				{
					"words": "Go ahead and run, Lady Kamea-you won't get far. I volunteered for this shit assignment so I could have the <i>pleasure</i> of hunting you down. And when I catch you, I will make you <i>pay</i> for the death of my son.",
					"wordsColor": {
						"r": 1,
						"g": 1,
						"b": 1,
						"a": 1
					},
					"selectedCastDefId": "castDef_OstergaardDefault",
					"emote": "Default",
					"audioName": "m065_410_ostegaard",
					"cameraFocusGuid": "",
					"cameraDistance": "Far",
					"cameraHeight": "Default",
					"revealRadius": -1
				}
			]
		},
		{
			"dialogue": {
				"EncounterObjectGuid": "f11225ee-1bed-4f63-82cd-0834dce18091"
			},
			"name": "Inter_PostOstergaardFinal",
			"overrideDialogueBucketId": "",
			"dialogueContent": [
				{
					"words": "Your son was aboard the <i>Newgrange</i>, wasn't he? That's what this is about.",
					"wordsColor": {
						"r": 1,
						"g": 1,
						"b": 1,
						"a": 1
					},
					"selectedCastDefId": "castDef_KameaDefault",
					"emote": "Default",
					"audioName": "NONE",
					"cameraFocusGuid": "",
					"cameraDistance": "Far",
					"cameraHeight": "Default",
					"revealRadius": -1
				},
				{
					"words": "He was the <i>captain</i> of the <i>Newgrange</i>. You spoke with him. I listened to his flight recorder-I <i>heard you</i> order his death.",
					"wordsColor": {
						"r": 1,
						"g": 1,
						"b": 1,
						"a": 1
					},
					"selectedCastDefId": "castDef_OstergaardDefault",
					"emote": "Default",
					"audioName": "NONE",
					"cameraFocusGuid": "",
					"cameraDistance": "Far",
					"cameraHeight": "Default",
					"revealRadius": -1
				},
				{
					"words": "If that is the truth, then you know that I asked him to stand down.",
					"wordsColor": {
						"r": 1,
						"g": 1,
						"b": 1,
						"a": 1
					},
					"selectedCastDefId": "castDef_KameaDefault",
					"emote": "Default",
					"audioName": "NONE",
					"cameraFocusGuid": "",
					"cameraDistance": "Far",
					"cameraHeight": "Default",
					"revealRadius": -1
				},
				{
					"words": "He was <i>under orders</i>. He <i>couldn't</i> stand down. But even if he could, do you think it would matter? He was my <i>son</i>.",
					"wordsColor": {
						"r": 1,
						"g": 1,
						"b": 1,
						"a": 1
					},
					"selectedCastDefId": "castDef_OstergaardDefault",
					"emote": "Default",
					"audioName": "NONE",
					"cameraFocusGuid": "",
					"cameraDistance": "Far",
					"cameraHeight": "Default",
					"revealRadius": -1
				},
				{
					"words": "Nothing you say or do can make this right. The only restitution I will accept is your death. And so, Lady Arano, I am coming for you. Pray that your uncle's soldiers reach you before I do.",
					"wordsColor": {
						"r": 1,
						"g": 1,
						"b": 1,
						"a": 1
					},
					"selectedCastDefId": "castDef_OstergaardDefault",
					"emote": "Default",
					"audioName": "NONE",
					"cameraFocusGuid": "",
					"cameraDistance": "Far",
					"cameraHeight": "Default",
					"revealRadius": -1
				}
			]
		}
	],
	"disableNegotations": true,
	"disableLanceConfiguration": true,
	"disableCancelButton": true,
	"disableAfterAction": false,
	"contractRewardOverride": 2834000,
	"travelOnly": false,
	"useTravelCostPenalty": false,
	"usesExpiration": false,
	"expirationTimeOverride": -1,
	"negotiatedSalary": 0.5,
	"negotiatedSalvage": 0.5,
	"excludedFromProceduralGeneration": true,
	"player1Team": {
		"encounterLayerData": {
			"EncounterObjectGuid": "fb6cc9f2-fe4c-4e2b-b492-9fae77a21776"
		},
		"teamGuid": "bf40fd39-ccf9-47c4-94a6-061809681140",
		"teamName": "Player 1",
		"faction": "AuriganRestoration",
		"teamLeaderCastDefId": "castDef_TeamLeader_Current",
		"lanceOverrideList": [
			{
				"lanceSpawner": {
					"EncounterObjectGuid": "577981ac-40a8-4a8e-9c27-16e5a96d0c7a"
				},
				"name": "PlayerLanceSpawner",
				"lanceDefId": "Manual",
				"lanceTagSet": {
					"items": [],
					"tagSetSourceFile": ""
				},
				"lanceExcludedTagSet": {
					"items": [],
					"tagSetSourceFile": "Tags/LanceTags"
				},
				"spawnEffectTags": {
					"items": [],
					"tagSetSourceFile": "Tags/SpawnEffectTags"
				},
				"lanceDifficultyAdjustment": 0,
				"selectedLanceDefId": "",
				"selectedLanceDifficulty": 0,
				"unitSpawnPointOverrideList": [
					{
						"unitSpawnPoint": {
							"EncounterObjectGuid": "d918e4f1-2ea4-4b7f-9df8-539e363fb5f5"
						},
						"customUnitName": "",
						"customHeraldryDefId": "heraldrydef_restoration",
						"unitType": "Mech",
						"unitDefId": "mechdef_atlas_AS7-D-H",
						"unitTagSet": {
							"items": [],
							"tagSetSourceFile": ""
						},
						"unitExcludedTagSet": {
							"items": [],
							"tagSetSourceFile": "Tags/UnitTags"
						},
						"spawnEffectTags": {
							"items": [],
							"tagSetSourceFile": "Tags/SpawnEffectTags"
						},
						"pilotDefId": "pilot_story_kamea_mid",
						"pilotTagSet": {
							"items": [],
							"tagSetSourceFile": ""
						},
						"pilotExcludedTagSet": {
							"items": [],
							"tagSetSourceFile": "Tags/PilotTags"
						},
						"selectedUnitType": "UNDEFINED",
						"selectedUnitDefId": "",
						"selectedPilotDefId": ""
					},
					{
						"unitSpawnPoint": {
							"EncounterObjectGuid": "e807e303-3847-4874-a8fb-530a04d7dac2"
						},
						"customUnitName": "",
						"customHeraldryDefId": "heraldrydef_restoration",
						"unitType": "Mech",
						"unitDefId": "mechdef_sorcerer_SRC-1CC",
						"unitTagSet": {
							"items": [],
							"tagSetSourceFile": ""
						},
						"unitExcludedTagSet": {
							"items": [],
							"tagSetSourceFile": "Tags/UnitTags"
						},
						"spawnEffectTags": {
							"items": [],
							"tagSetSourceFile": "Tags/SpawnEffectTags"
						},
						"pilotDefId": "pilot_story_KameaGuard1",
						"pilotTagSet": {
							"items": [],
							"tagSetSourceFile": ""
						},
						"pilotExcludedTagSet": {
							"items": [],
							"tagSetSourceFile": "Tags/PilotTags"
						},
						"selectedUnitType": "UNDEFINED",
						"selectedUnitDefId": "",
						"selectedPilotDefId": ""
					},
					{
						"unitSpawnPoint": {
							"EncounterObjectGuid": "c5b73d87-e7a2-4f6a-8f78-feb68c977826"
						},
						"customUnitName": "",
						"customHeraldryDefId": "heraldrydef_restoration",
						"unitType": "Mech",
						"unitDefId": "mechdef_blackknight_BL-6b-KNT",
						"unitTagSet": {
							"items": [],
							"tagSetSourceFile": ""
						},
						"unitExcludedTagSet": {
							"items": [],
							"tagSetSourceFile": "Tags/UnitTags"
						},
						"spawnEffectTags": {
							"items": [],
							"tagSetSourceFile": "Tags/SpawnEffectTags"
						},
						"pilotDefId": "pilot_story_KameaGuard2",
						"pilotTagSet": {
							"items": [],
							"tagSetSourceFile": ""
						},
						"pilotExcludedTagSet": {
							"items": [],
							"tagSetSourceFile": "Tags/PilotTags"
						},
						"selectedUnitType": "UNDEFINED",
						"selectedUnitDefId": "",
						"selectedPilotDefId": ""
					},
					{
						"unitSpawnPoint": {
							"EncounterObjectGuid": "09a52921-7de0-46c6-b2f8-7f992f819371"
						},
						"customUnitName": "",
						"customHeraldryDefId": "heraldrydef_restoration",
						"unitType": "Mech",
						"unitDefId": "mechdef_lancelot_LNC25-01sl",
						"unitTagSet": {
							"items": [],
							"tagSetSourceFile": ""
						},
						"unitExcludedTagSet": {
							"items": [],
							"tagSetSourceFile": "Tags/UnitTags"
						},
						"spawnEffectTags": {
							"items": [],
							"tagSetSourceFile": "Tags/SpawnEffectTags"
						},
						"pilotDefId": "pilot_story_KameaGuard3",
						"pilotTagSet": {
							"items": [],
							"tagSetSourceFile": ""
						},
						"pilotExcludedTagSet": {
							"items": [],
							"tagSetSourceFile": "Tags/PilotTags"
						},
						"selectedUnitType": "UNDEFINED",
						"selectedUnitDefId": "",
						"selectedPilotDefId": ""
					}
				]
			}
		]
	},
	"player2Team": {
		"encounterLayerData": {
			"EncounterObjectGuid": "fb6cc9f2-fe4c-4e2b-b492-9fae77a21776"
		},
		"teamGuid": "757173dd-b4e1-4bb5-9bee-d78e623cc867",
		"teamName": "Player 2",
		"faction": "Player2sMercUnit",
		"teamLeaderCastDefId": "castDef_TeamLeader_Current",
		"lanceOverrideList": []
	},
	"employerTeam": {
		"encounterLayerData": {
			"EncounterObjectGuid": "fb6cc9f2-fe4c-4e2b-b492-9fae77a21776"
		},
		"teamGuid": "ecc8d4f2-74b4-465d-adf6-84445e5dfc230",
		"teamName": "SLDF Auto Defenses (Hacked)",
		"faction": "INVALID_UNSET",
		"teamLeaderCastDefId": "castDef_TeamLeader_Current",
		"lanceOverrideList": []
	},
	"targetTeam": {
		"encounterLayerData": {
			"EncounterObjectGuid": "fb6cc9f2-fe4c-4e2b-b492-9fae77a21776"
		},
		"teamGuid": "be77cadd-e245-4240-a93e-b99cc98902a5",
		"teamName": "Target",
		"faction": "TaurianConcordat",
		"teamLeaderCastDefId": "castDef_TeamLeader_Current",
		"lanceOverrideList": [
			{
				"lanceSpawner": {
					"EncounterObjectGuid": "10e8686f-8d19-4058-9541-119c4dff041c"
				},
				"name": "01_TargetLance",
				"lanceDefId": "Manual",
				"lanceTagSet": {
					"items": [],
					"tagSetSourceFile": ""
				},
				"lanceExcludedTagSet": {
					"items": [],
					"tagSetSourceFile": "Tags/LanceTags"
				},
				"spawnEffectTags": {
					"items": [],
					"tagSetSourceFile": "Tags/SpawnEffectTags"
				},
				"lanceDifficultyAdjustment": 0,
				"selectedLanceDefId": "",
				"selectedLanceDifficulty": 0,
				"unitSpawnPointOverrideList": [
					{
						"unitSpawnPoint": {
							"EncounterObjectGuid": "f6a5d450-d3af-47f0-80d1-c5e53a4d8e45"
						},
						"customUnitName": "",
						"customHeraldryDefId": "",
						"unitType": "Mech",
						"unitDefId": "mechdef_whitworth_WTH-2",
						"unitTagSet": {
							"items": [],
							"tagSetSourceFile": ""
						},
						"unitExcludedTagSet": {
							"items": [],
							"tagSetSourceFile": "Tags/UnitTags"
						},
						"spawnEffectTags": {
							"items": [],
							"tagSetSourceFile": "Tags/SpawnEffectTags"
						},
						"pilotDefId": "pilot_d6_tactician",
						"pilotTagSet": {
							"items": [],
							"tagSetSourceFile": ""
						},
						"pilotExcludedTagSet": {
							"items": [],
							"tagSetSourceFile": "Tags/PilotTags"
						},
						"selectedUnitType": "UNDEFINED",
						"selectedUnitDefId": "",
						"selectedPilotDefId": ""
					},
					{
						"unitSpawnPoint": {
							"EncounterObjectGuid": "ae11ab47-d0ce-4980-b3b3-39c957c34a99"
						},
						"customUnitName": "",
						"customHeraldryDefId": "",
						"unitType": "Mech",
						"unitDefId": "mechdef_talos_TLS-1B",
						"unitTagSet": {
							"items": [],
							"tagSetSourceFile": ""
						},
						"unitExcludedTagSet": {
							"items": [],
							"tagSetSourceFile": "Tags/UnitTags"
						},
						"spawnEffectTags": {
							"items": [],
							"tagSetSourceFile": "Tags/SpawnEffectTags"
						},
						"pilotDefId": "pilot_d6_defender",
						"pilotTagSet": {
							"items": [],
							"tagSetSourceFile": ""
						},
						"pilotExcludedTagSet": {
							"items": [],
							"tagSetSourceFile": "Tags/PilotTags"
						},
						"selectedUnitType": "UNDEFINED",
						"selectedUnitDefId": "",
						"selectedPilotDefId": ""
					},
					{
						"unitSpawnPoint": {
							"EncounterObjectGuid": "3ad4f797-b397-44cf-9eaf-32e95383f288"
						},
						"customUnitName": "",
						"customHeraldryDefId": "",
						"unitType": "Mech",
						"unitDefId": "mechdef_toro_TR-A-6",
						"unitTagSet": {
							"items": [],
							"tagSetSourceFile": ""
						},
						"unitExcludedTagSet": {
							"items": [],
							"tagSetSourceFile": "Tags/UnitTags"
						},
						"spawnEffectTags": {
							"items": [],
							"tagSetSourceFile": "Tags/SpawnEffectTags"
						},
						"pilotDefId": "pilot_d6_gunner",
						"pilotTagSet": {
							"items": [],
							"tagSetSourceFile": ""
						},
						"pilotExcludedTagSet": {
							"items": [],
							"tagSetSourceFile": "Tags/PilotTags"
						},
						"selectedUnitType": "UNDEFINED",
						"selectedUnitDefId": "",
						"selectedPilotDefId": ""
					},
					{
						"unitSpawnPoint": {
							"EncounterObjectGuid": "58ca1b45-de34-4c7d-8482-145742b34a0f"
						},
						"customUnitName": "",
						"customHeraldryDefId": "",
						"unitType": "Mech",
						"unitDefId": "mechdef_ostroc_OSR-2C",
						"unitTagSet": {
							"items": [],
							"tagSetSourceFile": ""
						},
						"unitExcludedTagSet": {
							"items": [],
							"tagSetSourceFile": "Tags/UnitTags"
						},
						"spawnEffectTags": {
							"items": [
								"spawn_poorly_maintained_50"
							],
							"tagSetSourceFile": "Tags/SpawnEffectTags"
						},
						"pilotDefId": "pilot_d6_pilot",
						"pilotTagSet": {
							"items": [],
							"tagSetSourceFile": ""
						},
						"pilotExcludedTagSet": {
							"items": [],
							"tagSetSourceFile": "Tags/PilotTags"
						},
						"selectedUnitType": "UNDEFINED",
						"selectedUnitDefId": "",
						"selectedPilotDefId": ""
					}
				]
			},
			{
				"lanceSpawner": {
					"EncounterObjectGuid": "4e1ebbb5-4de5-46cd-8060-d8932fe639c7"
				},
				"name": "01_TargetLance",
				"lanceDefId": "Manual",
				"lanceTagSet": {
					"items": [],
					"tagSetSourceFile": ""
				},
				"lanceExcludedTagSet": {
					"items": [],
					"tagSetSourceFile": "Tags/LanceTags"
				},
				"spawnEffectTags": {
					"items": [],
					"tagSetSourceFile": "Tags/SpawnEffectTags"
				},
				"lanceDifficultyAdjustment": 0,
				"selectedLanceDefId": "",
				"selectedLanceDifficulty": 0,
				"unitSpawnPointOverrideList": [
					{
						"unitSpawnPoint": {
							"EncounterObjectGuid": "57c19183-a5c6-4567-a92d-f9a838fd307f"
						},
						"customUnitName": "",
						"customHeraldryDefId": "",
						"unitType": "Mech",
						"unitDefId": "mechdef_liberty_LBT-O",
						"unitTagSet": {
							"items": [],
							"tagSetSourceFile": ""
						},
						"unitExcludedTagSet": {
							"items": [],
							"tagSetSourceFile": "Tags/UnitTags"
						},
						"spawnEffectTags": {
							"items": [],
							"tagSetSourceFile": "Tags/SpawnEffectTags"
						},
						"pilotDefId": "pilot_d6_gunner",
						"pilotTagSet": {
							"items": [],
							"tagSetSourceFile": ""
						},
						"pilotExcludedTagSet": {
							"items": [],
							"tagSetSourceFile": "Tags/PilotTags"
						},
						"selectedUnitType": "UNDEFINED",
						"selectedUnitDefId": "",
						"selectedPilotDefId": ""
					},
					{
						"unitSpawnPoint": {
							"EncounterObjectGuid": "2bfcb85e-2aeb-411c-a960-1a81a5ac08ee"
						},
						"customUnitName": "",
						"customHeraldryDefId": "",
						"unitType": "Mech",
						"unitDefId": "mechdef_clint_CLNT-2-3U",
						"unitTagSet": {
							"items": [],
							"tagSetSourceFile": ""
						},
						"unitExcludedTagSet": {
							"items": [],
							"tagSetSourceFile": "Tags/UnitTags"
						},
						"spawnEffectTags": {
							"items": [],
							"tagSetSourceFile": "Tags/SpawnEffectTags"
						},
						"pilotDefId": "pilot_d6_gunner",
						"pilotTagSet": {
							"items": [],
							"tagSetSourceFile": ""
						},
						"pilotExcludedTagSet": {
							"items": [],
							"tagSetSourceFile": "Tags/PilotTags"
						},
						"selectedUnitType": "UNDEFINED",
						"selectedUnitDefId": "",
						"selectedPilotDefId": ""
					},
					{
						"unitSpawnPoint": {
							"EncounterObjectGuid": "315b0099-cb51-46e1-9e00-db2b53fe8721"
						},
						"customUnitName": "",
						"customHeraldryDefId": "",
						"unitType": "Mech",
						"unitDefId": "mechdef_hunchback_HBK-4H",
						"unitTagSet": {
							"items": [],
							"tagSetSourceFile": ""
						},
						"unitExcludedTagSet": {
							"items": [],
							"tagSetSourceFile": "Tags/UnitTags"
						},
						"spawnEffectTags": {
							"items": [],
							"tagSetSourceFile": "Tags/SpawnEffectTags"
						},
						"pilotDefId": "pilot_d6_defender",
						"pilotTagSet": {
							"items": [],
							"tagSetSourceFile": ""
						},
						"pilotExcludedTagSet": {
							"items": [],
							"tagSetSourceFile": "Tags/PilotTags"
						},
						"selectedUnitType": "UNDEFINED",
						"selectedUnitDefId": "",
						"selectedPilotDefId": ""
					},
					{
						"unitSpawnPoint": {
							"EncounterObjectGuid": "be7afefb-270b-4028-ab75-e8bfeac6c25e"
						},
						"customUnitName": "",
						"customHeraldryDefId": "",
						"unitType": "Vehicle",
						"unitDefId": "vehicledef_SCORPION",
						"unitTagSet": {
							"items": [],
							"tagSetSourceFile": ""
						},
						"unitExcludedTagSet": {
							"items": [],
							"tagSetSourceFile": "Tags/UnitTags"
						},
						"spawnEffectTags": {
							"items": [],
							"tagSetSourceFile": "Tags/SpawnEffectTags"
						},
						"pilotDefId": "pilot_d6_pilot",
						"pilotTagSet": {
							"items": [],
							"tagSetSourceFile": ""
						},
						"pilotExcludedTagSet": {
							"items": [],
							"tagSetSourceFile": "Tags/PilotTags"
						},
						"selectedUnitType": "UNDEFINED",
						"selectedUnitDefId": "",
						"selectedPilotDefId": ""
					},
					{
						"unitSpawnPoint": {
							"EncounterObjectGuid": "ef39b3f2-ffd4-4450-93fe-d3d3c591290c"
						},
						"customUnitName": "",
						"customHeraldryDefId": "",
						"unitType": "Vehicle",
						"unitDefId": "vehicledef_STRIKER",
						"unitTagSet": {
							"items": [],
							"tagSetSourceFile": "Tags/UnitTags"
						},
						"unitExcludedTagSet": {
							"items": [],
							"tagSetSourceFile": "Tags/UnitTags"
						},
						"spawnEffectTags": {
							"items": [],
							"tagSetSourceFile": "Tags/SpawnEffectTags"
						},
						"pilotDefId": "pilot_d6_pilot",
						"pilotTagSet": {
							"items": [],
							"tagSetSourceFile": "Tags/PilotTags"
						},
						"pilotExcludedTagSet": {
							"items": [],
							"tagSetSourceFile": "Tags/PilotTags"
						},
						"selectedUnitType": "UNDEFINED",
						"selectedUnitDefId": "",
						"selectedPilotDefId": ""
					},
					{
						"unitSpawnPoint": {
							"EncounterObjectGuid": "4ca7c2da-57a9-45b3-8cef-ebe88f814dc2"
						},
						"customUnitName": "",
						"customHeraldryDefId": "",
						"unitType": "Mech",
						"unitDefId": "mechDef_None",
						"unitTagSet": {
							"items": [],
							"tagSetSourceFile": "Tags/UnitTags"
						},
						"unitExcludedTagSet": {
							"items": [],
							"tagSetSourceFile": "Tags/UnitTags"
						},
						"spawnEffectTags": {
							"items": [],
							"tagSetSourceFile": "Tags/SpawnEffectTags"
						},
						"pilotDefId": "pilot_default",
						"pilotTagSet": {
							"items": [],
							"tagSetSourceFile": "Tags/PilotTags"
						},
						"pilotExcludedTagSet": {
							"items": [],
							"tagSetSourceFile": "Tags/PilotTags"
						},
						"selectedUnitType": "UNDEFINED",
						"selectedUnitDefId": "",
						"selectedPilotDefId": ""
					}
				]
			},
			{
				"lanceSpawner": {
					"EncounterObjectGuid": "0a028007-ea29-462e-921e-98277602828b"
				},
				"name": "03_EnemyLance",
				"lanceDefId": "Manual",
				"lanceTagSet": {
					"items": [],
					"tagSetSourceFile": "Tags/LanceTags"
				},
				"lanceExcludedTagSet": {
					"items": [],
					"tagSetSourceFile": "Tags/LanceTags"
				},
				"spawnEffectTags": {
					"items": [],
					"tagSetSourceFile": "Tags/SpawnEffectTags"
				},
				"lanceDifficultyAdjustment": 0,
				"selectedLanceDefId": "",
				"selectedLanceDifficulty": 0,
				"unitSpawnPointOverrideList": [
					{
						"unitSpawnPoint": {
							"EncounterObjectGuid": "5b0b9403-4c15-48cc-9059-b7f8574eda30"
						},
						"customUnitName": "",
						"customHeraldryDefId": "",
						"unitType": "Mech",
						"unitDefId": "mechdef_awesome_AWS-8Q",
						"unitTagSet": {
							"items": [],
							"tagSetSourceFile": ""
						},
						"unitExcludedTagSet": {
							"items": [],
							"tagSetSourceFile": "Tags/UnitTags"
						},
						"spawnEffectTags": {
							"items": [],
							"tagSetSourceFile": "Tags/SpawnEffectTags"
						},
						"pilotDefId": "pilot_d6_gunner",
						"pilotTagSet": {
							"items": [],
							"tagSetSourceFile": ""
						},
						"pilotExcludedTagSet": {
							"items": [],
							"tagSetSourceFile": "Tags/PilotTags"
						},
						"selectedUnitType": "UNDEFINED",
						"selectedUnitDefId": "",
						"selectedPilotDefId": ""
					},
					{
						"unitSpawnPoint": {
							"EncounterObjectGuid": "1e415d01-7124-4dcb-9c3e-93d4d2c80217"
						},
						"customUnitName": "",
						"customHeraldryDefId": "",
						"unitType": "Mech",
						"unitDefId": "mechdef_battlemaster_BLR-1G",
						"unitTagSet": {
							"items": [],
							"tagSetSourceFile": ""
						},
						"unitExcludedTagSet": {
							"items": [],
							"tagSetSourceFile": "Tags/UnitTags"
						},
						"spawnEffectTags": {
							"items": [],
							"tagSetSourceFile": "Tags/SpawnEffectTags"
						},
						"pilotDefId": "pilot_d6_defender",
						"pilotTagSet": {
							"items": [],
							"tagSetSourceFile": ""
						},
						"pilotExcludedTagSet": {
							"items": [],
							"tagSetSourceFile": "Tags/PilotTags"
						},
						"selectedUnitType": "UNDEFINED",
						"selectedUnitDefId": "",
						"selectedPilotDefId": ""
					},
					{
						"unitSpawnPoint": {
							"EncounterObjectGuid": "3feaad7c-2eb4-4c75-a4e2-0810ba6f1dfd"
						},
						"customUnitName": "",
						"customHeraldryDefId": "",
						"unitType": "Mech",
						"unitDefId": "mechdef_griffin_GRF-1N",
						"unitTagSet": {
							"items": [],
							"tagSetSourceFile": ""
						},
						"unitExcludedTagSet": {
							"items": [],
							"tagSetSourceFile": "Tags/UnitTags"
						},
						"spawnEffectTags": {
							"items": [],
							"tagSetSourceFile": "Tags/SpawnEffectTags"
						},
						"pilotDefId": "pilot_d6_gunner",
						"pilotTagSet": {
							"items": [],
							"tagSetSourceFile": ""
						},
						"pilotExcludedTagSet": {
							"items": [],
							"tagSetSourceFile": "Tags/PilotTags"
						},
						"selectedUnitType": "UNDEFINED",
						"selectedUnitDefId": "",
						"selectedPilotDefId": ""
					},
					{
						"unitSpawnPoint": {
							"EncounterObjectGuid": "31fb8709-c4d5-4987-8250-8985352e2b4f"
						},
						"customUnitName": "",
						"customHeraldryDefId": "",
						"unitType": "Mech",
						"unitDefId": "mechdef_vindicator_VND-1AA",
						"unitTagSet": {
							"items": [],
							"tagSetSourceFile": ""
						},
						"unitExcludedTagSet": {
							"items": [],
							"tagSetSourceFile": "Tags/UnitTags"
						},
						"spawnEffectTags": {
							"items": [],
							"tagSetSourceFile": "Tags/SpawnEffectTags"
						},
						"pilotDefId": "pilot_d6_tactician",
						"pilotTagSet": {
							"items": [],
							"tagSetSourceFile": ""
						},
						"pilotExcludedTagSet": {
							"items": [],
							"tagSetSourceFile": "Tags/PilotTags"
						},
						"selectedUnitType": "UNDEFINED",
						"selectedUnitDefId": "",
						"selectedPilotDefId": ""
					},
					{
						"unitSpawnPoint": {
							"EncounterObjectGuid": "54cef681-5297-43f4-ab56-073e275ca41e"
						},
						"customUnitName": "",
						"customHeraldryDefId": "",
						"unitType": "Mech",
						"unitDefId": "mechdef_charger_CGR-1L",
						"unitTagSet": {
							"items": [],
							"tagSetSourceFile": "Tags/UnitTags"
						},
						"unitExcludedTagSet": {
							"items": [],
							"tagSetSourceFile": "Tags/UnitTags"
						},
						"spawnEffectTags": {
							"items": [],
							"tagSetSourceFile": "Tags/SpawnEffectTags"
						},
						"pilotDefId": "pilot_d6_gunner",
						"pilotTagSet": {
							"items": [],
							"tagSetSourceFile": "Tags/PilotTags"
						},
						"pilotExcludedTagSet": {
							"items": [],
							"tagSetSourceFile": "Tags/PilotTags"
						},
						"selectedUnitType": "UNDEFINED",
						"selectedUnitDefId": "",
						"selectedPilotDefId": ""
					}
				]
			}
		]
	},
	"targetsAllyTeam": {
		"encounterLayerData": {
			"EncounterObjectGuid": "fb6cc9f2-fe4c-4e2b-b492-9fae77a21776"
		},
		"teamGuid": "31151ed6-cfc2-467e-98c4-9ae5bea784cf",
		"teamName": "Target's Ally",
		"faction": "INVALID_UNSET",
		"teamLeaderCastDefId": "castDef_TeamLeader_Current",
		"lanceOverrideList": []
	},
	"neutralToAllTeam": {
		"encounterLayerData": {
			"EncounterObjectGuid": "fb6cc9f2-fe4c-4e2b-b492-9fae77a21776"
		},
		"teamGuid": "61612bb3-abf9-4586-952a-0559fa9dcd75",
		"teamName": "Neutral to All",
		"faction": "INVALID_UNSET",
		"teamLeaderCastDefId": "castDef_TeamLeader_Current",
		"lanceOverrideList": []
	},
	"hostileToAllTeam": {
		"encounterLayerData": {
			"EncounterObjectGuid": "fb6cc9f2-fe4c-4e2b-b492-9fae77a21776"
		},
		"teamGuid": "3c9f3a20-ab03-4bcb-8ab6-b1ef0442bbf0",
		"teamName": "SLDF Auto Defenses",
		"faction": "INVALID_UNSET",
		"teamLeaderCastDefId": "castDef_TeamLeader_Current",
		"lanceOverrideList": []
	}
}
