{
	"Description": {
		"Id": "forcedevent_FP_StoryTime3_B",
		"Name": "Medical Expenses",
		"Details": "In the morning briefing, Darius pulls up an inventory spreadsheet on the Argo's viewscreen. \"We're running a little low on medical supplies since that last drop. Medipatches, trauma packs, a few other things. It isn't critical yet, but I feel better when we're well-stocked.\"\r\n\r\nSumire frowns. \"Why do we keep patching our supplies in dribs and drabs? Can't we get some kind of 'bulk discount' and get ahead of this problem? Gods know we'll end up using them, and maybe the doctors can speed up our recovery times for a while.\"",
		"Icon": "uixTxrSpot_Darius.png"
	},
	"Scope": "Company",
	"Weight": 10,
	"Requirements": {
		"Scope": "Company",
		"RequirementTags": {},
		"ExclusionTags": {},
		"RequirementComparisons": []
	},
	"AdditionalRequirements": [],
	"AdditionalObjects": [],
	"Options": [
		{
			"Description": {
				"Id": "outcome_0",
				"Name": "Buy the minimum to restock.",
				"Details": "[\u00a25,000]",
				"Icon": ""
			},
			"RequirementList": [
				{
					"Scope": "Company",
					"RequirementTags": {},
					"ExclusionTags": {},
					"RequirementComparisons": [
						{
							"obj": "Funds",
							"op": "GreaterThan",
							"val": 5000,
							"valueConstant": "5000"
						}
					]
				}
			],
			"ResultSets": [
				{
					"Description": {
						"Id": "outcome_0_0",
						"Name": "Darius buys some supplies",
						"Details": "Later in the week, Darius provides an update. \"I got a little creative with our budget and managed to replace the missing Medbay inventory.\"\r\n\r\nHe hesitates for a moment. \"That said, I've asked the medical staff to try to be economical going forward. But the pilots shouldn't notice any loss in our medical efficiency.\"",
						"Icon": ""
					},
					"Weight": 100,
					"Results": [
						{
							"Scope": "Company",
							"Requirements": null,
							"AddedTags": {},
							"RemovedTags": {},
							"Stats": [
								{
									"typeString": "System.Int32",
									"name": "Funds",
									"value": "-5000",
									"set": false,
									"valueConstant": null
								}
							],
							"Actions": [
								{
									"Type": "System_SimGameCharacterVisible",
									"value": false,
									"additionalValues": [
										"Kamea",
										"Alexander"
									]
								}
							],
							"ForceEvents": null,
							"TemporaryResult": false,
							"ResultDuration": 0
						}
					]
				}
			],
			"Requirements": {
				"Scope": "Company",
				"RequirementTags": {},
				"ExclusionTags": {},
				"RequirementComparisons": []
			}
		},
		{
			"Description": {
				"Id": "outcome_1",
				"Name": "Put off replenishing the medical supplies.",
				"Details": "risky option",
				"Icon": ""
			},
			"RequirementList": [],
			"ResultSets": [
				{
					"Description": {
						"Id": "outcome_1_0",
						"Name": "Small hit to MedTechSkill",
						"Details": "Darius nods, and moves on to the next item.\r\n\r\nLater in the week, Darius provides an update. \"The medical staff is adjusting to rationing medical supplies. Injuries are healing more slowly, but they'll heal all the same.\"",
						"Icon": ""
					},
					"Weight": 50,
					"Results": [
						{
							"Scope": "Company",
							"Requirements": null,
							"AddedTags": {},
							"RemovedTags": {},
							"Stats": [
								{
									"typeString": "System.Int32",
									"name": "MedTechSkill",
									"value": "-1",
									"set": false,
									"valueConstant": null
								}
							],
							"Actions": null,
							"ForceEvents": null,
							"TemporaryResult": true,
							"ResultDuration": 30
						},
						{
							"Scope": "Company",
							"Requirements": null,
							"AddedTags": {},
							"RemovedTags": {},
							"Stats": null,
							"Actions": [
								{
									"Type": "System_SimGameCharacterVisible",
									"value": false,
									"additionalValues": [
										"Kamea",
										"Alexander"
									]
								}
							],
							"ForceEvents": null,
							"TemporaryResult": true,
							"ResultDuration": 0
						}
					]
				},
				{
					"Description": {
						"Id": "outcome_1_1",
						"Name": "Small hit to MedTech skill and morale",
						"Details": "Darius nods, and moves on to the next item.\r\n\r\nLater in the week, he provides an update. \"The medical staff is adjusting to rationing medical supplies. Injuries are healing more slowly, but they'll still heal.\"\r\n\r\nDarius pauses, then adds, \"The MechWarriors have noticed, though. I'll try to get us back to normal capacity on our next supply run.\"",
						"Icon": ""
					},
					"Weight": 50,
					"Results": [
						{
							"Scope": "Company",
							"Requirements": null,
							"AddedTags": {},
							"RemovedTags": {},
							"Stats": [
								{
									"typeString": "System.Int32",
									"name": "Morale",
									"value": "-1",
									"set": false,
									"valueConstant": null
								}
							],
							"Actions": [
								{
									"Type": "System_SimGameCharacterVisible",
									"value": false,
									"additionalValues": [
										"Kamea",
										"Alexander"
									]
								}
							],
							"ForceEvents": null,
							"TemporaryResult": false,
							"ResultDuration": 0
						},
						{
							"Scope": "Company",
							"Requirements": null,
							"AddedTags": {},
							"RemovedTags": {},
							"Stats": [
								{
									"typeString": "System.Int32",
									"name": "MedTechSkill",
									"value": "-1",
									"set": false,
									"valueConstant": null
								}
							],
							"Actions": null,
							"ForceEvents": null,
							"TemporaryResult": true,
							"ResultDuration": 30
						}
					]
				}
			],
			"Requirements": {
				"Scope": "Company",
				"RequirementTags": {},
				"ExclusionTags": {},
				"RequirementComparisons": []
			}
		},
		{
			"Description": {
				"Id": "outcome_2",
				"Name": "Buy extra supplies to boost medical efficiency.",
				"Details": "[\u00a225,000]",
				"Icon": ""
			},
			"RequirementList": [
				{
					"Scope": "Company",
					"RequirementTags": {},
					"ExclusionTags": {},
					"RequirementComparisons": [
						{
							"obj": "Funds",
							"op": "GreaterThan",
							"val": 25000,
							"valueConstant": "25000"
						}
					]
				}
			],
			"ResultSets": [
				{
					"Description": {
						"Id": "outcome_2_0",
						"Name": "Darius buys extra supplies",
						"Details": "Later in the week, Darius provides an update. \"I did some bargaining and managed to purchase a bulk lot of medical supplies.\"\r\n\r\nHe always looks a little smug after a successful negotiation. \"We could make these supplies last longer at our previous consumption rate. Per your instructions, however, I've directed the staff to use the surplus to accelerate recovery times as much as possible for the next month.\"",
						"Icon": ""
					},
					"Weight": 100,
					"Results": [
						{
							"Scope": "Company",
							"Requirements": null,
							"AddedTags": {},
							"RemovedTags": {},
							"Stats": [
								{
									"typeString": "System.Int32",
									"name": "Funds",
									"value": "-25000",
									"set": false,
									"valueConstant": null
								}
							],
							"Actions": [
								{
									"Type": "System_SimGameCharacterVisible",
									"value": false,
									"additionalValues": [
										"Kamea",
										"Alexander"
									]
								}
							],
							"ForceEvents": null,
							"TemporaryResult": false,
							"ResultDuration": 0
						},
						{
							"Scope": "Company",
							"Requirements": null,
							"AddedTags": {},
							"RemovedTags": {},
							"Stats": [
								{
									"typeString": "System.Int32",
									"name": "MedTechSkill",
									"value": "2",
									"set": false,
									"valueConstant": null
								}
							],
							"Actions": null,
							"ForceEvents": null,
							"TemporaryResult": true,
							"ResultDuration": 30
						}
					]
				}
			],
			"Requirements": {
				"Scope": "Company",
				"RequirementTags": {},
				"ExclusionTags": {},
				"RequirementComparisons": []
			}
		},
		{
			"Description": {
				"Id": "outcome_3",
				"Name": "Direct Darius to find 'special' discounts.",
				"Details": "[\u00a210,000, Black Market]",
				"Icon": ""
			},
			"RequirementList": [
				{
					"Scope": "StarSystem",
					"RequirementTags": {
						"tagSetSourceFile": "",
						"items": [
							"planet_other_blackmarket"
						]
					},
					"ExclusionTags": {},
					"RequirementComparisons": []
				},
				{
					"Scope": "Company",
					"RequirementTags": {},
					"ExclusionTags": {},
					"RequirementComparisons": [
						{
							"obj": "Funds",
							"op": "GreaterThan",
							"val": 10000,
							"valueConstant": "10000"
						}
					]
				}
			],
			"ResultSets": [
				{
					"Description": {
						"Id": "outcome_3_0",
						"Name": "Discount Medipatches",
						"Details": "Later in the week, Darius provides an update. \"I did some bargaining with some, ah, unlicensed medical distributors. The selection was a bit random, but they had lots of it.\"\r\n\r\nHe always looks a little smug after a successful negotiation. \"We could make these supplies last longer at our previous consumption rate. Per your instructions, however, I've directed the staff to use the surplus to accelerate recovery times as much as possible for the next month.\"",
						"Icon": ""
					},
					"Weight": 50,
					"Results": [
						{
							"Scope": "Company",
							"Requirements": null,
							"AddedTags": {},
							"RemovedTags": {},
							"Stats": [
								{
									"typeString": "System.Int32",
									"name": "Funds",
									"value": "-10000",
									"set": false,
									"valueConstant": null
								}
							],
							"Actions": [
								{
									"Type": "System_SimGameCharacterVisible",
									"value": false,
									"additionalValues": [
										"Kamea",
										"Alexander"
									]
								}
							],
							"ForceEvents": null,
							"TemporaryResult": false,
							"ResultDuration": 0
						},
						{
							"Scope": "Company",
							"Requirements": null,
							"AddedTags": {},
							"RemovedTags": {},
							"Stats": [
								{
									"typeString": "System.Int32",
									"name": "MedTechSkill",
									"value": "2",
									"set": false,
									"valueConstant": null
								}
							],
							"Actions": null,
							"ForceEvents": null,
							"TemporaryResult": true,
							"ResultDuration": 30
						}
					]
				},
				{
					"Description": {
						"Id": "outcome_3_1",
						"Name": "Ill-gotten gains",
						"Details": "Later in the week, Darius provides an update. \"I did some bargaining with some, ah, unlicensed medical distributors. The selection was a bit random, but they had lots of it.\"\r\n\r\nHe hesitates. \"One small note, though. I swear I didn't find out about this until <i>after</i> the deal was done...\"\r\n\r\nSumire interrupts. \"Yeah, I saw this on the planetary news feed. A humanitarian crisis has been unfolding and an entire shipment of medical supplies went missing. It sounds just like what we bought.\"\r\n\r\nDarius looks pained. \"What's done is done. But yes, I think word got out to the crew. We'll see how they take it.\"",
						"Icon": ""
					},
					"Weight": 50,
					"Results": [
						{
							"Scope": "Company",
							"Requirements": null,
							"AddedTags": {},
							"RemovedTags": {},
							"Stats": [
								{
									"typeString": "System.Int32",
									"name": "Funds",
									"value": "-10000",
									"set": false,
									"valueConstant": null
								},
								{
									"typeString": "System.Int32",
									"name": "Morale",
									"value": "-1",
									"set": false,
									"valueConstant": null
								}
							],
							"Actions": [
								{
									"Type": "System_SimGameCharacterVisible",
									"value": false,
									"additionalValues": [
										"Kamea",
										"Alexander"
									]
								}
							],
							"ForceEvents": null,
							"TemporaryResult": false,
							"ResultDuration": 0
						},
						{
							"Scope": "Company",
							"Requirements": null,
							"AddedTags": {},
							"RemovedTags": {},
							"Stats": [
								{
									"typeString": "System.Int32",
									"name": "MedTechSkill",
									"value": "2",
									"set": false,
									"valueConstant": null
								}
							],
							"Actions": null,
							"ForceEvents": null,
							"TemporaryResult": true,
							"ResultDuration": 30
						}
					]
				}
			],
			"Requirements": {
				"Scope": "Company",
				"RequirementTags": {},
				"ExclusionTags": {},
				"RequirementComparisons": []
			}
		}
	],
	"PublishState": "PUBLISHED",
	"ValidationState": "UNTESTED",
	"EventType": "UNSELECTABLE"
}