{
	"Description": {
		"Id": "forcedevent_FP_StoryTime5_A",
		"Name": "Family Reunion",
		"Details": "The Newgrange burns in the distance as the Leopard settles to the ground from Anvelt's bloody sky.",
		"Icon": "uixTxrSpot_DailyBriefing.png"
	},
	"Scope": "Company",
	"Weight": 0,
	"Requirements": {
		"Scope": "Company",
		"RequirementTags": {},
		"ExclusionTags": {},
		"RequirementComparisons": []
	},
	"AdditionalRequirements": [],
	"AdditionalObjects": [],
	"Options": [
		{
			"Description": {
				"Id": "outcome_0",
				"Name": "Guard the escape pod",
				"Details": "Cinamatic and debriefing",
				"Icon": null
			},
			"RequirementList": [],
			"ResultSets": [
				{
					"Description": {
						"Id": "outcome_0_0",
						"Name": "Family Reunion",
						"Details": "Alexander catches you privately for a few moments. \"Thank you for your assistance in the matter, Commander. And I don't just mean on the battlefield, impressive as your victories have been. Now that lady Espinosa's in the brig, we should have some more breathing room.\"\r\n\n\nThe rest of the command staff wait for you in the conference room.",
						"Icon": null
					},
					"Weight": 100,
					"Results": [
						{
							"Scope": "Company",
							"Requirements": null,
							"AddedTags": {
								"items": [
									"WIIC_give_starsystemdef_Panzyr_to_AuriganRestoration",
									"WIIC_give_starsystemdef_Smithon_to_AuriganRestoration",
									"WIIC_AuriganRestoration_attacks_starsystemdef_Zangul",
									"WIIC_AuriganRestoration_attacks_starsystemdef_Enkra",
									"WIIC_AuriganRestoration_attacks_starsystemdef_Umgard",
									"WIIC_AuriganRestoration_attacks_starsystemdef_Mechdur",
									"WIIC_AuriganRestoration_attacks_starsystemdef_Mangzhangdian"
								],
								"tagSetSourceFile": ""
							},
							"RemovedTags": {},
							"Stats": [],
							"Actions": [
								{
									"Type": "System_PlayVideo",
									"value": "5-newgrange.bk2",
									"valueConstant": null
								}
							],
							"ForceEvents": null,
							"TemporaryResult": false,
							"ResultDuration": 0
						}
					]
				}
			],
			"Requirements": {
				"Scope": "Company",
				"RequirementTags": {},
				"ExclusionTags": {},
				"RequirementComparisons": []
			}
		},
		{
			"Description": {
				"Id": "outcome_1",
				"Name": "Retire to the mech bay. (Skip cutscene and conversations)",
				"Details": "Skip cutscene and debriefing",
				"Icon": null
			},
			"RequirementList": [],
			"ResultSets": [
				{
					"Description": {
						"Id": "outcome_1_0",
						"Name": "Family Reunion",
						"Details": "The Newgrange burns while Lady Espinosa is escorted to the brig. You have better things to do than listen to her rant and shout threats. She'll be delivered to Smithon and Lord Karosas tomorrow, and he'll find you a way into the archive you salvaged from the <i>Scheria</i>.",
						"Icon": null
					},
					"Weight": 100,
					"Results": [
						{
							"Scope": "Company",
							"Requirements": null,
							"AddedTags": {
								"items": [
									"flashpoint_StoryTime5_complete",
									"WIIC_give_starsystemdef_Panzyr_to_AuriganRestoration",
									"WIIC_give_starsystemdef_Smithon_to_AuriganRestoration",
									"WIIC_AuriganRestoration_attacks_starsystemdef_Zangul",
									"WIIC_AuriganRestoration_attacks_starsystemdef_Enkra",
									"WIIC_AuriganRestoration_attacks_starsystemdef_Umgard",
									"WIIC_AuriganRestoration_attacks_starsystemdef_Mechdur",
									"WIIC_AuriganRestoration_attacks_starsystemdef_Mangzhangdian"
								],
								"tagSetSourceFile": "Tags/CompanyTags"
							},
							"RemovedTags": {},
							"Stats": [],
							"Actions": [],
							"ForceEvents": null,
							"TemporaryResult": false,
							"ResultDuration": 0
						}
					]
				}
			],
			"Requirements": {
				"Scope": "Company",
				"RequirementTags": {},
				"ExclusionTags": {},
				"RequirementComparisons": []
			}
		}
	],
	"PublishState": "PUBLISHED",
	"ValidationState": "UNTESTED",
	"EventType": "UNSELECTABLE"
}