{
	"Description": {
		"Id": "forcedevent_FP_StoryTime6_A",
		"Name": "Ambush",
		"Details": "Sumire is worried, though she hides it well, catching you as soon as the drop is complete, while the MechWarriors are still disembarking. \"Commander, I've identified that ship I warned you about. It's Taurian, and they don't sound happy.\"",
		"Icon": "uixTxrSpot_IncomingTransimission.png"
	},
	"Scope": "Company",
	"Weight": 0,
	"Requirements": {
		"Scope": "Company",
		"RequirementTags": {},
		"ExclusionTags": {},
		"RequirementComparisons": []
	},
	"AdditionalRequirements": [],
	"AdditionalObjects": [],
	"Options": [
		{
			"Description": {
				"Id": "outcome_0",
				"Name": "Get Lady Arano on the line",
				"Details": "Cinamatic and debriefing",
				"Icon": null
			},
			"RequirementList": [],
			"ResultSets": [
				{
					"Description": {
						"Id": "outcome_0_0",
						"Name": "Ambush",
						"Details": "Darius has rounded up the staff not on the surface below or already desperately fighting to keep the ship in the air when Sumire finally gets in contact with Lady Arano.",
						"Icon": null
					},
					"Weight": 100,
					"Results": [
						{
							"Scope": "Company",
							"Requirements": null,
							"AddedTags": {},
							"RemovedTags": {},
							"Stats": [],
							"Actions": [
								{
									"Type": "System_PlayVideo",
									"value": "6A-ambush.bk2",
									"valueConstant": null
								},
								{
									"Type": "System_SimGameCharacterVisible",
									"value": false,
									"additionalValues": [
										"Kamea",
										"Yang",
										"Farah"
									]
								},
								{
									"Type": "System_StartConversation",
									"value": "StoryTime6-DeadInSpace",
									"additionalValues": [
										"DEAD IN SPACE",
										"In Orbit - Artru"
									]
								}
							],
							"ForceEvents": null,
							"TemporaryResult": false,
							"ResultDuration": 0
						}
					]
				}
			],
			"Requirements": {
				"Scope": "Company",
				"RequirementTags": {},
				"ExclusionTags": {},
				"RequirementComparisons": []
			}
		},
		{
			"Description": {
				"Id": "outcome_1",
				"Name": "Taurians. Great. (Skip cutscene)",
				"Details": "Skip cutscene and debriefing",
				"Icon": null
			},
			"RequirementList": [],
			"ResultSets": [
				{
					"Description": {
						"Id": "outcome_1_0",
						"Name": "Ambush",
						"Details": "Sumire quickly brings everyone up to speed - The Taurians are here, everything is going to hell in a handbasket, and Lady Arano is trapped on the surface. Time to get on the coms and guide her out of there.",
						"Icon": null
					},
					"Weight": 100,
					"Results": []
				}
			],
			"Requirements": {
				"Scope": "Company",
				"RequirementTags": {},
				"ExclusionTags": {},
				"RequirementComparisons": []
			}
		}
	],
	"PublishState": "PUBLISHED",
	"ValidationState": "UNTESTED",
	"EventType": "UNSELECTABLE"
}