{
	"Description": {
		"Id": "forcedevent_FP_StoryTime4a_A",
		"Name": "Tragedy in the Icebox",
		"Details": "Military chatter fills the comms, tones of horror and exhaustion dominating. Lady Arano eventually arrives at the Leopard to discuss what her troops found down here on Weldry.",
		"Icon": "uixTxrSpot_SumireStarMap.png"
	},
	"Scope": "Company",
	"Weight": 0,
	"Requirements": {
		"Scope": "Company",
		"RequirementTags": {},
		"ExclusionTags": {},
		"RequirementComparisons": []
	},
	"AdditionalRequirements": [],
	"AdditionalObjects": [],
	"Options": [
		{
			"Description": {
				"Id": "outcome_0",
				"Name": "Invite her aboard. Let's see what they've found",
				"Details": "Let's see what they've found down there.",
				"Icon": null
			},
			"RequirementList": [],
			"ResultSets": [
				{
					"Description": {
						"Id": "outcome_0_0",
						"Name": "The Restoration",
						"Details": "Dr. Murad seems crestfallen - given her history, it's likely she hasn't seen many battlefields up close before. Certainly not concentration camps like the Directorate was running. \"What are we going to do, Commander? We can't just turn our backs on this.\"\r\n\r\nDarius looks about to object, but Lord Madeira cuts off the discussion. \"We're going to go record a message for all the Periphery to hear. We'll broadcast tomorrow.\"",
						"Icon": null
					},
					"Weight": 100,
					"Results": [
						{
							"Scope": "Company",
							"Requirements": null,
							"AddedTags": {
								"items": [
									"WIIC_give_starsystemdef_Weldry_to_AuriganRestoration",
									"WIIC_AuriganRestoration_attacks_starsystemdef_Bringdam",
									"WIIC_AuriganRestoration_attacks_starsystemdef_Ichlangis",
									"WIIC_AuriganRestoration_attacks_starsystemdef_Fjaldr",
									"WIIC_AuriganRestoration_attacks_starsystemdef_RyansFate"
								],
								"tagSetSourceFile": ""
							},
							"RemovedTags": {},
							"Stats": [],
							"Actions": [
								{
									"Type": "System_PlayVideo",
									"value": "4A-mastiff.bk2",
									"valueConstant": null
								},
								{
									"Type": "System_StartConversation",
									"value": "StoryTime4a-Restoration",
									"valueConstant": null,
									"additionalValues": [
										"THE ARANO RESTORATION",
										"The Icebox - Weldry",
										null,
										null
									]
								}
							],
							"ForceEvents": null,
							"TemporaryResult": false,
							"ResultDuration": 0
						}
					]
				}
			],
			"Requirements": {
				"Scope": "Company",
				"RequirementTags": {},
				"ExclusionTags": {},
				"RequirementComparisons": []
			}
		},
		{
			"Description": {
				"Id": "outcome_1",
				"Name": "Darius, you deal with her. I'm busy. (Skip cutscene)",
				"Details": "Skip conversation and cutscene",
				"Icon": null
			},
			"RequirementList": [],
			"ResultSets": [
				{
					"Description": {
						"Id": "outcome_1_0",
						"Name": "The Restoration.",
						"Details": "Darius discusses matters with Lady Arano, while you grieve in private over Raju's death in the Directorate's hands. But time waits for no one, and you've got work to do.",
						"Icon": null
					},
					"Weight": 100,
					"Results": [
						{
							"Scope": "Company",
							"Requirements": null,
							"AddedTags": {
								"items": [
									"WIIC_give_starsystemdef_Weldry_to_AuriganRestoration",
									"WIIC_AuriganRestoration_attacks_starsystemdef_Bringdam",
									"WIIC_AuriganRestoration_attacks_starsystemdef_Ichlangis",
									"WIIC_AuriganRestoration_attacks_starsystemdef_Fjaldr",
									"WIIC_AuriganRestoration_attacks_starsystemdef_RyansFate"
								],
								"tagSetSourceFile": ""
							},
							"RemovedTags": {},
							"Stats": [],
							"Actions": [],
							"ForceEvents": null,
							"TemporaryResult": false,
							"ResultDuration": 0
						}
					]
				}
			],
			"Requirements": {
				"Scope": "Company",
				"RequirementTags": {},
				"ExclusionTags": {},
				"RequirementComparisons": []
			}
		}
	],
	"PublishState": "PUBLISHED",
	"ValidationState": "UNTESTED",
	"EventType": "UNSELECTABLE"
}