{
	"Description": {
		"Id": "forcedevent_FP_StoryTime5_B",
		"Name": "Codebreaker",
		"Details": "Dr. Farah catches up with you soon after a dropship from Smithon's surface departs, Lady Espinosa safely in its brig. \"Hey, Commander, I've put the code-breaking device that we got from Lord Karosas to work on our mystery archive. And now I'm watching a progress bar climb... reallllly slowly. I'll give you a heads-up when it's finished.\"",
		"Icon": "uixTxrSpot_DailyBriefing.png"
	},
	"Scope": "Company",
	"Weight": 0,
	"Requirements": {
		"Scope": "Company",
		"RequirementTags": {},
		"ExclusionTags": {},
		"RequirementComparisons": []
	},
	"AdditionalRequirements": [],
	"AdditionalObjects": [],
	"Options": [
		{
			"Description": {
				"Id": "outcome_0",
				"Name": "How long will it take?",
				"Details": "Cinamatic and debriefing",
				"Icon": null
			},
			"RequirementList": [],
			"ResultSets": [
				{
					"Description": {
						"Id": "outcome_0_0",
						"Name": "Codebreaker",
						"Details": "\"I have no idea, unfortunately. The progress bar keeps resetting. Could be hours, could be weeks. I don't think it'll take months though.\" She's lost in thought a moment before continuing.\r\n\n\n\"I wonder what a ComStar Precentor was doing all the way out here in the reach. Anyway, I'll let you know when I have more to report.\"",
						"Icon": null
					},
					"Weight": 100,
					"Results": [
						{
							"Scope": "Company",
							"Requirements": null,
							"AddedTags": {},
							"RemovedTags": {},
							"Stats": [],
							"Actions": [],
							"ForceEvents": null,
							"TemporaryResult": false,
							"ResultDuration": 0
						}
					]
				}
			],
			"Requirements": {
				"Scope": "Company",
				"RequirementTags": {},
				"ExclusionTags": {},
				"RequirementComparisons": []
			}
		}
	],
	"PublishState": "PUBLISHED",
	"ValidationState": "UNTESTED",
	"EventType": "UNSELECTABLE"
}