{
	"Description": {
		"Id": "sword_6a_postcontract",
		"Name": "Ambush",
		"Details": "Even with Lady Arano safely aboard the Leopard, this is far from over. Sumire looks up from her controls. \"Another transmission from the Taurians, Commander.\"",
		"Icon": "uixTxrSpot_IncomingTransimission.png"
	},
	"Scope": "Company",
	"Weight": 0,
	"Options": [
		{
			"Description": {
				"Id": "outcome_0",
				"Name": "Put it on screen",
				"Details": ""
			},
			"ResultSets": [
				{
					"Description": {
						"Id": "outcome_0_0",
						"Name": "Family Reunion",
						"Details": "Back aboard the <i>Argo</i>, you can't help but notice the smell of smoke and the pings of hot metal. Whatever happened to her was nearly fatal. The command staff gathers to discuss events."
					},
					"Weight": 100,
					"Results": [
						{
							"Scope": "Company",
							"AddedTags": {
								"items": [
									"WIIC_give_starsystemdef_Artru_to_AuriganRestoration",
									"WIIC_AuriganRestoration_attacks_starsystemdef_Aea",
									"WIIC_AuriganRestoration_attacks_starsystemdef_Qalzi",
									"WIIC_AuriganRestoration_attacks_starsystemdef_RegisRoost",
									"WIIC_AuriganRestoration_attacks_starsystemdef_Katinka",
									"WIIC_AuriganRestoration_attacks_starsystemdef_Gangtok",
									"WIIC_AuriganRestoration_attacks_starsystemdef_Heliat"
								]
							},
							"RemovedTags": {},
							"Actions": [{
								"Type": "System_PlayVideo",
								"value": "6B-armory.bk2"
							}]
						}
					]
				}
			]
		}
	],
	"PublishState": "PUBLISHED",
	"ValidationState": "UNTESTED",
	"EventType": "UNSELECTABLE"
}
