{
	"Description": {
		"Id": "sword_5_postcontract",
		"Name": "Family Reunion",
		"Details": "The Newgrange burns in the distance as the Leopard settles to the ground from Anvelt's bloody sky.",
		"Icon": "uixTxrSpot_DailyBriefing.png"
	},
	"Scope": "Company",
	"Weight": 0,
	"Options": [
		{
			"Description": {
				"Id": "outcome_0",
				"Name": "Guard the escape pod",
				"Details": ""
			},
			"RequirementList": [],
			"ResultSets": [
				{
					"Description": {
						"Id": "outcome_0_0",
						"Name": "Family Reunion",
						"Details": "Alexander catches you privately for a few moments. \"Thank you for your assistance in the matter, Commander. And I don't just mean on the battlefield, impressive as your victories have been.\"\r\n\nThe rest of the command staff wait for you in the conference room."
					},
					"Weight": 100,
					"Results": [
						{
							"Scope": "Company",
							"AddedTags": {
								"items": [
									"WIIC_give_starsystemdef_Panzyr_to_AuriganRestoration",
									"WIIC_give_starsystemdef_Smithon_to_AuriganRestoration",
									"WIIC_AuriganRestoration_attacks_starsystemdef_Zangul",
									"WIIC_AuriganRestoration_attacks_starsystemdef_Enkra",
									"WIIC_AuriganRestoration_attacks_starsystemdef_Umgard",
									"WIIC_AuriganRestoration_attacks_starsystemdef_Mechdur",
									"WIIC_AuriganRestoration_attacks_starsystemdef_Mangzhangdian"
								]
							},
							"RemovedTags": {},
							"Actions": [{
								"Type": "System_PlayVideo",
								"value": "5-newgrange.bk2"
							}]
						}
					]
				}
			]
		}
	],
	"PublishState": "PUBLISHED",
	"ValidationState": "UNTESTED",
	"EventType": "UNSELECTABLE"
}
