{
  "Description": {
    "Id": "sword_1_post_coronation",
    "Name": "The Aurigan Directorate",
    "Details": "Groggy, you wake up in medbay, with the crew waiting around you with concern. Darius looks worried as he explains. \"Easy there, {COMMANDER.FirstName}. You took a nasty crack on the head when you punched out. You made the right call - Yang said that your 'Mech shows signs of deliberate sabotage. Whoever the Aurigans had working on it really did a number on the reactor.\" He hesitates before delivering more bad news.",
    "Icon": "uixTxrSpot_MedBay.png"
  },
  "Scope": "Company",
  "Weight": 0,
  "Options": [
    {
      "Description": {
        "Name": "Continue"
      },
      "ResultSets": [
        {
          "Description": {
            "Name": "The Aurigan Directorate",
            "Details": "\"We found Sir Raju's 'Mech. It was completely cored out. Nobody survives a hit like that.\"\r\n\n\n\"Things aren't looking so hot around here, what with the coup and all. [[DM.BaseDescriptionDefs[LoreHouseEspinosa],House Espinosa]]'s Directorate is the new de facto government of the [[DM.BaseDescriptionDefs[LoreAuriganReach],Aurigan Reach]]. I'm sorry we couldn't do more. A lot of good people died today, and I have a feeling this is only the beginning. We'd better make ourselves scarce in these parts and lay low for a while."
          },
          "Weight": 100,
          "Results": [
            {
              "Scope": "Company",
              "AddedTags": {
                "items": [
                  "WIIC_give_starsystemdef_Aea_to_AuriganDirectorate",
                  "WIIC_give_starsystemdef_Artru_to_AuriganDirectorate",
                  "WIIC_give_starsystemdef_Bringdam_to_AuriganDirectorate",
                  "WIIC_give_starsystemdef_Coromodir_to_AuriganDirectorate",
                  "WIIC_give_starsystemdef_Enkra_to_AuriganDirectorate",
                  "WIIC_give_starsystemdef_Fjaldr_to_AuriganDirectorate",
                  "WIIC_give_starsystemdef_Gangtok_to_AuriganDirectorate",
                  "WIIC_give_starsystemdef_Guldra_to_AuriganDirectorate",
                  "WIIC_give_starsystemdef_Heliat_to_AuriganDirectorate",
                  "WIIC_give_starsystemdef_Ichlangis_to_AuriganDirectorate",
                  "WIIC_give_starsystemdef_Itrom_to_AuriganDirectorate",
                  "WIIC_give_starsystemdef_Katinka_to_AuriganDirectorate",
                  "WIIC_give_starsystemdef_Mangzhangdian_to_AuriganDirectorate",
                  "WIIC_give_starsystemdef_Mechdur_to_AuriganDirectorate",
                  "WIIC_give_starsystemdef_Panzyr_to_AuriganDirectorate",
                  "WIIC_give_starsystemdef_Qalzi_to_AuriganDirectorate",
                  "WIIC_give_starsystemdef_RegisRoost_to_AuriganDirectorate",
                  "WIIC_give_starsystemdef_RyansFate_to_AuriganDirectorate",
                  "WIIC_give_starsystemdef_Smithon_to_AuriganDirectorate",
                  "WIIC_give_starsystemdef_Tyrlon_to_AuriganDirectorate",
                  "WIIC_give_starsystemdef_Umgard_to_AuriganDirectorate",
                  "WIIC_give_starsystemdef_Weldry_to_AuriganDirectorate",
                  "WIIC_give_starsystemdef_Zangul_to_AuriganDirectorate"
                ]
              },
              "RemovedTags": {}
            }
          ]
        }
      ]
    }
  ],
  "EventType": "UNSELECTABLE"
}
